epoch_count,duration_days,temporal_spacing_mean_days,temporal_spacing_std_days,incidence_angle_mean_deg,incidence_angle_std_deg,coherence_mean,coherence_std,minimum_coherence,phase_quality_mean,phase_quality_std,noise_estimate_mean_mm,mean_displacement_mm,displacement_std_mm,displacement_range_mm,displacement_to_noise_ratio,mean_absolute_step_mm,max_absolute_step_mm,max_step_to_range_ratio,sign_change_count,zero_crossing_count,directional_consistency,slope_mm_per_year,linear_fit_residual_std_mm,acceleration_mm_per_year2,quadratic_fit_residual_std_mm,temporal_autocorrelation_lag1,approximate_periodicity_indicator,sample_id,target_label,is_edge_case,edge_case_type
15.0,261.14,18.65,0.31,40.31,0.0,0.8205,0.0785,0.688,0.8392,0.0857,0.588,0.0297,0.559,1.999,3.4,0.5129,1.2297,0.6152,8.0,5.0,0.5,1.5986,0.4343,-2.6665,0.4304,0.338,0.4092,STRATA_SYN_STABLE_00182,STABLE,False,none
18.0,147.51,8.68,0.27,33.7,0.0,0.817,0.0927,0.668,0.817,0.0637,2.958,4.4761,3.6116,14.7449,4.985,5.4662,10.5846,0.7178,16.0,5.0,0.5294,0.3091,3.6114,-179.6877,3.4021,-0.5313,0.4352,STRATA_SYN_TEMPORALLY_INCONSISTENT_00428,TEMPORALLY_INCONSISTENT,False,none
19.0,215.42,11.97,0.29,27.76,0.0,0.7752,0.0817,0.6627,0.8027,0.0758,1.619,-1.4625,1.3082,4.776,2.95,1.2694,3.1209,0.6535,11.0,3.0,0.5,-5.1561,0.9285,1.78,0.9281,0.2829,0.1661,STRATA_SYN_STRUCTURAL_ACCELERATING_00245,STRUCTURAL_ACCELERATING,False,none
17.0,141.54,8.85,0.29,31.98,0.0,0.8151,0.0862,0.6648,0.8199,0.0662,2.08,-2.7552,5.5608,20.5164,9.864,6.4554,11.7729,0.5738,15.0,6.0,0.5,-29.6542,4.3097,129.3604,4.2327,0.1534,0.7129,STRATA_SYN_TEMPORALLY_INCONSISTENT_00116,TEMPORALLY_INCONSISTENT,False,none
22.0,309.59,14.74,0.31,26.94,0.0,0.7947,0.0791,0.6627,0.8131,0.0592,0.909,-0.1667,3.3578,10.0219,11.025,1.2551,3.0041,0.2998,12.0,2.0,0.5714,9.3845,2.3427,-62.7771,1.454,0.8618,0.1513,STRATA_SYN_SEASONAL_ENVIRONMENTAL_00431,SEASONAL_ENVIRONMENTAL,False,none
18.0,222.21,13.07,0.22,38.01,0.0,0.7762,0.07,0.6699,0.8147,0.0733,2.977,2.2858,3.675,13.692,4.599,4.7175,11.4908,0.8392,13.0,7.0,0.5294,0.2747,3.6747,-97.5091,3.3551,-0.2001,0.9311,STRATA_SYN_TEMPORALLY_INCONSISTENT_00335,TEMPORALLY_INCONSISTENT,False,none
9.0,154.94,19.37,0.26,35.94,0.0,0.8196,0.0851,0.6731,0.8244,0.0449,1.062,-0.2987,0.6591,2.237,2.106,0.806,1.9695,0.8804,4.0,4.0,0.625,0.558,0.6546,40.5203,0.5632,-0.114,0.8524,STRATA_SYN_STABLE_00414,STABLE,False,none
16.0,129.25,8.62,0.26,40.68,0.0,0.7811,0.0728,0.659,0.8415,0.0716,2.257,4.3964,2.4506,8.0059,3.547,3.8832,7.7973,0.9739,14.0,0.0,0.5333,3.6387,2.4187,2.9921,2.4186,-0.6739,0.0,STRATA_SYN_TEMPORALLY_INCONSISTENT_00063,TEMPORALLY_INCONSISTENT,False,none
6.0,71.98,14.4,0.32,32.3,0.0,0.1527,0.0426,0.1169,0.1803,0.0413,2.699,0.5803,1.4407,4.5036,1.669,1.7716,2.8132,0.6247,3.0,2.0,0.6,-5.5531,1.3915,-633.2784,0.6533,0.0266,0.7532,STRATA_SYN_LOW_QUALITY_00245,LOW_QUALITY,False,none
13.0,106.04,8.84,0.3,32.76,0.0,0.7976,0.0873,0.6502,0.8378,0.0792,2.06,1.665,3.6287,11.1021,5.389,5.2147,9.2058,0.8292,11.0,7.0,0.5,-23.0302,2.9753,-138.818,2.9325,-0.3273,0.3054,STRATA_SYN_TEMPORALLY_INCONSISTENT_00195,TEMPORALLY_INCONSISTENT,False,none
19.0,312.24,17.35,0.3,40.22,0.0,0.79,0.0799,0.6533,0.841,0.066,2.461,-1.2651,5.4102,20.117,8.174,3.6268,8.5176,0.4234,10.0,2.0,0.5556,-0.7769,5.4064,-120.0643,4.0195,0.6876,0.2631,STRATA_SYN_SEASONAL_ENVIRONMENTAL_00155,SEASONAL_ENVIRONMENTAL,False,none
12.0,191.38,17.4,0.25,30.64,0.0,0.8013,0.0919,0.6725,0.8157,0.0758,2.676,-0.3038,2.8503,9.7215,3.633,2.3603,5.2788,0.543,4.0,3.0,0.5455,-0.9923,2.8456,35.6576,2.8134,0.4248,0.2572,STRATA_SYN_STABLE_00339,STABLE,False,none
17.0,303.82,18.99,0.25,28.5,0.0,0.7707,0.068,0.6783,0.8244,0.0678,0.731,4.4986,2.8588,8.5849,11.744,5.031,6.9278,0.807,15.0,1.0,0.5,2.9083,2.7608,-10.0064,2.7457,-0.6354,0.0,STRATA_SYN_TEMPORALLY_INCONSISTENT_00146,TEMPORALLY_INCONSISTENT,False,none
11.0,127.46,12.75,0.31,34.1,0.0,0.8281,0.0981,0.6889,0.8407,0.0805,2.838,-0.1732,3.2775,11.8295,4.168,3.3886,6.8126,0.5759,6.0,3.0,0.5,-13.6254,2.9115,101.6358,2.8594,0.3218,0.7644,STRATA_SYN_STRUCTURAL_ACCELERATING_00474,STRUCTURAL_ACCELERATING,False,none
20.0,302.69,15.93,0.3,30.6,0.0,0.1897,0.0393,0.1043,0.179,0.0443,3.314,-1.2133,2.6853,11.6231,3.507,3.2519,6.8418,0.5886,10.0,9.0,0.5263,0.4844,2.6825,-26.3888,2.5773,0.0639,0.6536,STRATA_SYN_LOW_QUALITY_00396,LOW_QUALITY,False,none
12.0,72.89,6.63,0.26,28.96,0.0,0.7917,0.0683,0.6814,0.8237,0.0985,1.958,-0.8047,1.7418,5.8811,3.004,2.2922,5.8811,1.0,8.0,5.0,0.5455,-12.5513,1.5518,-104.6411,1.5413,-0.2326,0.2867,STRATA_SYN_STRUCTURAL_MONOTONIC_00279,STRUCTURAL_MONOTONIC,False,none
10.0,159.41,17.71,0.34,43.02,0.0,0.1769,0.0346,0.1278,0.1654,0.0408,3.366,1.5552,2.2113,7.5919,2.255,3.3514,6.2635,0.825,7.0,5.0,0.5556,-1.4834,2.2016,-48.4488,2.1623,-0.2832,0.9035,STRATA_SYN_LOW_QUALITY_00188,LOW_QUALITY,False,none
6.0,85.57,17.11,0.27,32.55,0.0,0.8167,0.0861,0.7011,0.7926,0.0714,1.221,3.65,3.1331,8.8927,7.283,4.8251,6.4422,0.7244,4.0,1.0,0.6,21.8129,2.5992,250.1907,2.5075,-0.4661,0.0,STRATA_SYN_TEMPORALLY_INCONSISTENT_00358,TEMPORALLY_INCONSISTENT,False,none
15.0,232.43,16.6,0.22,28.21,0.0,0.7859,0.07,0.6704,0.8541,0.082,1.979,1.3916,2.4964,7.9228,4.003,2.0355,5.33,0.6727,10.0,3.0,0.5714,9.5864,1.6444,-40.4364,1.4915,0.4444,0.1639,STRATA_SYN_STRUCTURAL_MONOTONIC_00431,STRUCTURAL_MONOTONIC,False,none
11.0,179.97,18.0,0.31,40.34,0.0,0.7835,0.0638,0.685,0.8483,0.072,2.801,0.8756,2.8477,9.3168,3.326,3.9463,6.9535,0.7463,6.0,6.0,0.5,0.2754,2.8474,-108.1288,2.6,-0.23,0.9042,STRATA_SYN_STRUCTURAL_ACCELERATING_00033,STRUCTURAL_ACCELERATING,False,none
21.0,145.22,7.26,0.31,37.39,0.0,0.809,0.0975,0.6564,0.8281,0.0704,1.933,-1.75,6.6029,22.33,11.552,2.4948,6.9454,0.311,12.0,1.0,0.55,-42.6922,4.1047,524.4424,2.3014,0.8187,0.0,STRATA_SYN_SEASONAL_ENVIRONMENTAL_00435,SEASONAL_ENVIRONMENTAL,False,none
13.0,188.17,15.68,0.29,42.76,0.0,0.7728,0.093,0.6577,0.7838,0.0695,0.649,-0.3306,0.6882,2.6731,4.119,0.7336,1.6541,0.6188,7.0,3.0,0.5,-1.8542,0.6206,3.6639,0.6192,0.1695,0.2596,STRATA_SYN_STRUCTURAL_ACCELERATING_00048,STRUCTURAL_ACCELERATING,False,none
15.0,248.11,17.72,0.33,28.28,0.0,0.8192,0.0837,0.6713,0.8336,0.0723,1.494,1.491,2.1694,6.5526,4.386,1.6101,4.1662,0.6358,9.0,3.0,0.5714,8.9263,1.1047,6.0715,1.0984,0.4522,0.0321,STRATA_SYN_STRUCTURAL_ACCELERATING_00468,STRUCTURAL_ACCELERATING,False,none
6.0,37.71,7.54,0.27,43.95,0.0,0.7826,0.1007,0.6536,0.831,0.0615,2.808,-0.0912,3.9356,12.0132,4.278,5.0886,12.0132,1.0,4.0,3.0,0.6,44.9957,3.602,-2142.9483,3.4171,-0.2824,0.7122,STRATA_SYN_ATMOSPHERIC_TRANSIENT_00195,ATMOSPHERIC_TRANSIENT,False,none
16.0,340.81,22.72,0.32,42.53,0.0,0.1679,0.0384,0.106,0.1848,0.0372,4.164,-0.1646,3.0209,8.9245,2.143,2.6099,7.9586,0.8918,9.0,5.0,0.5333,4.9398,2.6688,9.4475,2.6464,0.3572,0.1217,STRATA_SYN_LOW_QUALITY_00120,LOW_QUALITY,False,none
15.0,139.25,9.95,0.31,42.35,0.0,0.8003,0.0748,0.6911,0.8036,0.0749,2.112,2.5068,2.018,7.0607,3.343,2.6845,5.856,0.8294,10.0,4.0,0.5714,7.8244,1.7951,-30.9815,1.785,-0.0719,0.6278,STRATA_SYN_STRUCTURAL_MONOTONIC_00450,STRUCTURAL_MONOTONIC,False,none
12.0,118.03,10.73,0.24,43.85,0.0,0.8134,0.0719,0.68,0.8268,0.0479,1.427,-0.1336,1.1979,4.0972,2.871,1.2913,2.5478,0.6218,6.0,5.0,0.5455,-0.0013,1.1979,-25.2405,1.1924,0.1871,0.3563,STRATA_SYN_STABLE_00477,STABLE,False,none
8.0,67.04,9.58,0.2,43.3,0.0,0.8116,0.0722,0.7121,0.8676,0.082,0.538,3.8133,1.3846,3.7356,6.943,0.7282,1.3247,0.3546,2.0,0.0,0.5714,21.1793,0.5408,-178.5322,0.4621,0.6257,0.0,STRATA_SYN_SEASONAL_ENVIRONMENTAL_00467,SEASONAL_ENVIRONMENTAL,True,short_seasonal_sequence
7.0,38.42,6.4,0.22,26.45,0.0,0.7803,0.0667,0.6728,0.8582,0.0693,2.75,0.6446,3.8555,12.2613,4.459,5.0521,7.3014,0.5955,2.0,3.0,0.6667,23.0895,3.7704,-3934.2148,3.1348,0.0358,0.5278,STRATA_SYN_STRUCTURAL_ACCELERATING_00031,STRUCTURAL_ACCELERATING,False,none
20.0,305.43,16.08,0.26,40.84,0.0,0.8207,0.0857,0.6728,0.8274,0.0729,1.808,1.0362,4.5327,14.9311,8.258,5.3453,11.0801,0.7421,16.0,8.0,0.5263,-7.9593,4.0576,-20.6987,4.0141,0.1082,0.7377,STRATA_SYN_TEMPORALLY_INCONSISTENT_00479,TEMPORALLY_INCONSISTENT,False,none
18.0,225.11,13.24,0.26,27.28,0.0,0.7897,0.0926,0.6612,0.8327,0.0651,0.991,-0.2781,0.9168,3.0398,3.067,1.0918,3.0398,1.0,9.0,7.0,0.5294,-0.8363,0.9031,3.7968,0.9011,-0.2496,0.4962,STRATA_SYN_STABLE_00293,STABLE,False,none
10.0,162.81,18.09,0.3,43.04,0.0,0.8329,0.0958,0.6557,0.8172,0.0569,1.9,-0.1327,1.36,4.0701,2.142,2.0621,3.9918,0.9808,5.0,6.0,0.6667,1.6653,1.3392,-10.2986,1.336,-0.4828,0.8168,STRATA_SYN_STRUCTURAL_ACCELERATING_00050,STRUCTURAL_ACCELERATING,False,none
8.0,147.07,21.01,0.35,42.99,0.0,0.8214,0.096,0.6527,0.8055,0.0873,0.939,-1.3816,1.6997,5.0489,5.377,1.0904,2.1201,0.4199,3.0,1.0,0.7143,-10.2623,1.0302,123.2546,0.4353,0.4928,0.0,STRATA_SYN_SEASONAL_ENVIRONMENTAL_00266,SEASONAL_ENVIRONMENTAL,True,short_seasonal_sequence
13.0,121.09,10.09,0.29,28.85,0.0,0.8262,0.0756,0.7059,0.7903,0.0802,2.287,-0.6694,1.8464,6.1779,2.701,1.9427,3.9171,0.6341,6.0,6.0,0.5,6.4888,1.7182,-162.4518,1.5361,0.2595,0.6691,STRATA_SYN_STABLE_00445,STABLE,False,none
14.0,213.05,16.39,0.28,28.48,0.0,0.78,0.0742,0.6764,0.8436,0.0583,1.56,1.6345,1.7415,6.0858,3.901,1.9296,4.6574,0.7653,8.0,5.0,0.6923,5.6485,1.411,-20.5799,1.3791,0.1872,0.4069,STRATA_SYN_STRUCTURAL_ACCELERATING_00292,STRUCTURAL_ACCELERATING,False,none
7.0,59.92,9.99,0.21,35.83,0.0,0.1722,0.0508,0.1008,0.1657,0.0391,2.82,-0.992,1.6556,5.3233,1.888,1.8124,4.971,0.9338,4.0,3.0,0.6667,5.3419,1.6297,678.0409,1.3731,-0.1703,0.3082,STRATA_SYN_LOW_QUALITY_00214,LOW_QUALITY,False,none
14.0,272.97,21.0,0.23,30.02,0.0,0.8023,0.0723,0.6725,0.8337,0.0751,1.481,3.5281,3.6309,11.713,7.909,6.3101,8.753,0.7473,12.0,6.0,0.5385,6.8067,3.2692,15.0965,3.2493,-0.6076,0.2901,STRATA_SYN_TEMPORALLY_INCONSISTENT_00278,TEMPORALLY_INCONSISTENT,False,none
8.0,68.96,9.85,0.22,43.57,0.0,0.8264,0.0619,0.7376,0.7854,0.0735,1.774,0.1164,4.2891,14.6971,8.285,4.7366,10.7691,0.7327,3.0,4.0,0.5714,11.3686,4.2311,-1379.8722,3.5523,0.0915,0.9292,STRATA_SYN_ATMOSPHERIC_TRANSIENT_00458,ATMOSPHERIC_TRANSIENT,False,none
19.0,203.89,11.33,0.26,40.27,0.0,0.175,0.0349,0.105,0.1916,0.047,2.726,0.1259,2.9958,12.8863,4.727,4.0516,12.2552,0.951,14.0,13.0,0.6111,-2.8982,2.9551,9.388,2.9526,-0.4326,0.4348,STRATA_SYN_LOW_QUALITY_00091,LOW_QUALITY,False,none
20.0,131.01,6.9,0.34,34.06,0.0,0.1701,0.0413,0.1027,0.18,0.0437,4.447,-1.2094,5.0918,18.3574,4.128,6.4667,13.7018,0.7464,14.0,11.0,0.5263,1.3082,5.0898,-262.7195,4.8981,-0.0274,0.7803,STRATA_SYN_LOW_QUALITY_00316,LOW_QUALITY,False,none
14.0,190.84,14.68,0.25,39.73,0.0,0.79,0.0813,0.6569,0.7819,0.0615,2.724,-0.5181,3.3307,11.1929,4.109,3.3369,10.6583,0.9522,7.0,4.0,0.5385,4.7255,3.241,-7.2073,3.2399,0.0647,0.7818,STRATA_SYN_STABLE_00078,STABLE,False,none
11.0,177.88,17.79,0.23,26.33,0.0,0.1658,0.0384,0.1061,0.1777,0.0392,2.606,-0.7172,2.1684,7.416,2.846,3.2702,7.416,1.0,8.0,6.0,0.5,-1.8215,2.1502,-28.3261,2.1297,-0.5562,0.7606,STRATA_SYN_LOW_QUALITY_00228,LOW_QUALITY,False,none
6.0,45.01,9.0,0.24,36.98,0.0,0.7731,0.0913,0.6531,0.8235,0.0779,2.054,-0.3671,2.3936,7.1216,3.467,3.1332,4.4994,0.6318,3.0,4.0,0.6,23.7769,2.1734,2229.6225,1.3701,-0.0911,0.6818,STRATA_SYN_STABLE_00226,STABLE,False,none
6.0,82.02,16.4,0.17,34.38,0.0,0.8415,0.0764,0.6921,0.8579,0.0511,1.049,-0.5088,1.758,5.0185,4.784,2.4875,3.9841,0.7939,3.0,3.0,0.6,11.3587,1.5271,172.4815,1.4642,-0.0794,0.5152,STRATA_SYN_STRUCTURAL_MONOTONIC_00160,STRUCTURAL_MONOTONIC,False,none
7.0,93.6,15.6,0.28,44.55,0.0,0.7717,0.0785,0.6619,0.8167,0.0694,2.967,-0.3465,2.5338,7.6137,2.566,3.1287,6.6175,0.8692,5.0,5.0,0.5,18.5039,1.9822,-62.5645,1.9723,-0.1987,0.1807,STRATA_SYN_STABLE_00048,STABLE,False,none
8.0,122.6,17.51,0.18,41.95,0.0,0.7936,0.1001,0.6851,0.8404,0.0361,0.853,-0.1784,0.6629,1.8905,2.216,0.8734,1.517,0.8024,3.0,4.0,0.5714,-0.8219,0.6568,10.0037,0.6546,-0.0156,0.9748,STRATA_SYN_STRUCTURAL_ACCELERATING_00257,STRUCTURAL_ACCELERATING,False,none
18.0,103.14,6.07,0.3,44.58,0.0,0.7717,0.0671,0.6877,0.7954,0.0728,1.941,0.5154,2.8059,10.0658,5.186,2.0158,6.6448,0.6601,11.0,3.0,0.5294,25.95,1.7012,-110.4942,1.6617,0.5192,0.1939,STRATA_SYN_SEASONAL_ENVIRONMENTAL_00412,SEASONAL_ENVIRONMENTAL,False,none
7.0,53.97,9.0,0.24,40.82,0.0,0.7893,0.0885,0.6607,0.7726,0.0421,0.666,0.3197,0.4373,1.5128,2.271,0.5416,1.5128,1.0,2.0,2.0,0.5,0.2818,0.4371,-127.1113,0.4163,-0.2427,0.7575,STRATA_SYN_STABLE_00227,STABLE,False,none
16.0,178.36,11.89,0.35,32.49,0.0,0.7968,0.0832,0.6653,0.8476,0.0728,2.347,1.1497,3.0142,12.205,5.2,4.2568,11.072,0.9072,11.0,10.0,0.6,-0.9131,3.011,85.8366,2.886,-0.4326,0.7736,STRATA_SYN_TEMPORALLY_INCONSISTENT_00215,TEMPORALLY_INCONSISTENT,False,none
6.0,111.98,22.4,0.2,28.8,0.0,0.1671,0.0437,0.1076,0.181,0.0415,3.832,-0.0717,5.908,18.1237,4.73,7.8205,18.1237,1.0,2.0,3.0,0.6,-0.0428,5.908,59.299,5.9015,-0.4564,0.4966,STRATA_SYN_LOW_QUALITY_00167,LOW_QUALITY,False,none
16.0,341.64,22.78,0.33,39.48,0.0,0.765,0.0784,0.6523,0.816,0.0691,2.677,-1.3615,5.2537,15.9026,5.94,3.2061,8.8705,0.5578,5.0,3.0,0.5333,2.3618,5.2096,-38.5162,5.0127,0.6533,0.3486,STRATA_SYN_SEASONAL_ENVIRONMENTAL_00221,SEASONAL_ENVIRONMENTAL,False,none
18.0,141.07,8.3,0.27,30.71,0.0,0.7968,0.0768,0.6719,0.8508,0.0733,2.29,3.5044,4.0796,12.5365,5.474,6.8363,12.2406,0.9764,14.0,6.0,0.5882,-1.9633,4.073,-50.1886,4.0612,-0.6149,0.838,STRATA_SYN_TEMPORALLY_INCONSISTENT_00031,TEMPORALLY_INCONSISTENT,False,none
20.0,340.53,17.92,0.26,25.68,0.0,0.1563,0.0364,0.1054,0.1797,0.0452,4.04,0.4377,3.3681,13.6606,3.381,3.6688,8.6859,0.6358,15.0,9.0,0.5789,-4.2002,3.1516,5.4924,3.1455,0.1154,0.8086,STRATA_SYN_LOW_QUALITY_00213,LOW_QUALITY,False,none
13.0,242.88,20.24,0.25,32.16,0.0,0.786,0.0873,0.6547,0.8255,0.0701,1.246,0.628,2.1695,5.4237,4.353,0.8709,2.7335,0.504,2.0,2.0,0.4167,7.2452,1.5661,48.8892,1.2586,0.7908,0.3447,STRATA_SYN_SEASONAL_ENVIRONMENTAL_00248,SEASONAL_ENVIRONMENTAL,False,none
6.0,94.92,18.98,0.29,35.32,0.0,0.7845,0.0624,0.7108,0.8054,0.0776,1.795,-0.3448,2.0755,5.8093,3.236,2.1757,5.1811,0.8919,3.0,2.0,0.6,-9.6042,1.8916,-347.8426,1.4869,0.1498,0.6666,STRATA_SYN_STRUCTURAL_ACCELERATING_00482,STRUCTURAL_ACCELERATING,True,short_sequence
6.0,81.38,16.28,0.12,32.2,0.0,0.1369,0.0453,0.1025,0.202,0.0272,3.641,0.1496,1.7239,5.716,1.57,2.7941,5.716,1.0,4.0,5.0,0.6,-6.6327,1.6485,21.8477,1.6476,-0.5946,0.7719,STRATA_SYN_LOW_QUALITY_00132,LOW_QUALITY,False,none
12.0,205.08,18.64,0.23,25.07,0.0,0.7805,0.0854,0.6545,0.8192,0.0648,1.852,-0.9838,3.4819,12.9988,7.019,3.3818,8.6737,0.6673,4.0,5.0,0.5455,-4.391,3.3947,-15.5195,3.388,0.2995,0.7189,STRATA_SYN_ATMOSPHERIC_TRANSIENT_00076,ATMOSPHERIC_TRANSIENT,False,none
13.0,266.53,22.21,0.29,32.86,0.0,0.8306,0.0678,0.7332,0.8577,0.0528,2.767,-0.3001,3.0097,10.4672,3.783,3.921,10.4672,1.0,8.0,5.0,0.5833,-5.2181,2.7653,28.8571,2.6845,-0.375,0.3808,STRATA_SYN_STRUCTURAL_MONOTONIC_00118,STRUCTURAL_MONOTONIC,False,none
9.0,135.45,16.93,0.3,27.12,0.0,0.772,0.1009,0.6503,0.8098,0.0732,3.0,0.3449,1.8184,6.313,2.104,2.2462,3.8416,0.6085,4.0,5.0,0.625,4.927,1.72,35.4606,1.7055,0.1079,0.9207,STRATA_SYN_STABLE_00101,STABLE,True,elevated_noise_stable
7.0,55.57,9.26,0.22,30.44,0.0,0.7366,0.0736,0.6521,0.8713,0.0313,2.186,-0.6135,2.2784,7.055,3.227,3.0808,7.055,1.0,5.0,2.0,0.5,-10.292,2.2176,1390.5602,1.5892,-0.3858,0.479,STRATA_SYN_STRUCTURAL_MONOTONIC_00343,STRUCTURAL_MONOTONIC,False,none
16.0,276.34,18.42,0.33,35.71,0.0,0.7506,0.0783,0.66,0.8173,0.0772,2.217,1.8539,3.9049,11.2052,5.054,6.2724,10.9937,0.9811,14.0,11.0,0.5333,6.5166,3.5987,6.4289,3.5954,-0.5358,0.0706,STRATA_SYN_TEMPORALLY_INCONSISTENT_00277,TEMPORALLY_INCONSISTENT,False,none
9.0,130.45,16.31,0.3,25.48,0.0,0.827,0.0708,0.7128,0.8149,0.0797,2.865,-0.1716,2.5817,8.5713,2.992,3.3503,7.2309,0.8436,5.0,5.0,0.5,-10.9317,2.251,-26.3024,2.2458,-0.1619,0.667,STRATA_SYN_STABLE_00219,STABLE,False,none
18.0,396.4,23.32,0.25,37.05,0.0,0.8088,0.0903,0.6572,0.8448,0.0708,0.693,-0.0669,0.5833,2.0369,2.939,0.7532,1.7106,0.8398,12.0,10.0,0.5294,-0.2566,0.5771,-1.5809,0.5719,-0.1974,0.602,STRATA_SYN_STABLE_00251,STABLE,False,none
13.0,231.0,19.25,0.24,25.34,0.0,0.7958,0.0852,0.6509,0.8183,0.0755,1.633,-2.7876,2.3116,6.6237,4.056,1.3616,2.7178,0.4103,7.0,2.0,0.5833,-10.3497,1.0921,-26.0846,0.9952,0.6712,0.1013,STRATA_SYN_STRUCTURAL_MONOTONIC_00421,STRUCTURAL_MONOTONIC,False,none
15.0,100.28,7.16,0.21,35.17,0.0,0.8182,0.0874,0.6714,0.8004,0.0709,2.378,-0.6314,2.1665,8.4246,3.543,2.5993,6.5907,0.7823,9.0,7.0,0.5714,4.4143,2.1339,57.0286,2.1261,-0.0247,0.8962,STRATA_SYN_STABLE_00138,STABLE,False,none
10.0,198.32,22.04,0.17,31.04,0.0,0.7707,0.101,0.6679,0.7995,0.0815,1.537,-1.566,3.3558,12.8065,8.332,4.4423,12.8065,1.0,7.0,4.0,0.5556,2.7208,3.3225,60.1901,3.2257,-0.4315,0.8979,STRATA_SYN_ATMOSPHERIC_TRANSIENT_00249,ATMOSPHERIC_TRANSIENT,False,none
16.0,137.19,9.15,0.28,36.3,0.0,0.8232,0.0964,0.6647,0.8398,0.0733,2.118,-5.6371,3.2116,11.8225,5.582,2.689,7.6814,0.6497,9.0,3.0,0.5333,-13.0953,2.833,258.4574,2.3839,0.2436,0.2072,STRATA_SYN_SEASONAL_ENVIRONMENTAL_00242,SEASONAL_ENVIRONMENTAL,False,none
11.0,217.72,21.77,0.24,43.18,0.0,0.8298,0.088,0.6679,0.8544,0.0461,1.112,0.2402,1.162,3.6466,3.279,1.5355,2.7181,0.7454,6.0,5.0,0.6,0.5328,1.1577,-21.6403,1.1069,-0.0795,0.4925,STRATA_SYN_STABLE_00204,STABLE,False,none
8.0,96.18,13.74,0.22,37.8,0.0,0.7927,0.0926,0.6707,0.7866,0.0654,1.627,1.0903,1.6317,5.1344,3.156,1.9144,3.1455,0.6126,3.0,1.0,0.5714,5.9528,1.5482,-352.8919,1.0443,-0.028,0.0,STRATA_SYN_ATMOSPHERIC_TRANSIENT_00245,ATMOSPHERIC_TRANSIENT,False,none
15.0,160.34,11.45,0.29,28.5,0.0,0.7865,0.082,0.6642,0.8308,0.0641,0.684,-1.1094,1.0293,3.792,5.544,0.8977,2.2614,0.5964,10.0,4.0,0.5714,-5.9607,0.6369,-22.4961,0.6101,0.4061,0.281,STRATA_SYN_STRUCTURAL_MONOTONIC_00127,STRUCTURAL_MONOTONIC,False,none
19.0,325.29,18.07,0.24,36.71,0.0,0.8156,0.0883,0.655,0.8433,0.076,0.883,-1.3674,1.4112,5.0758,5.748,1.1405,3.6761,0.7242,11.0,6.0,0.5556,-3.9553,0.9168,-6.5223,0.8916,0.3896,0.3457,STRATA_SYN_STRUCTURAL_ACCELERATING_00363,STRUCTURAL_ACCELERATING,False,none
17.0,271.1,16.94,0.26,28.72,0.0,0.8109,0.0679,0.7092,0.792,0.0585,1.597,-2.2408,1.9832,7.7777,4.87,1.9984,5.1801,0.666,10.0,4.0,0.625,-5.3219,1.5726,-15.9911,1.529,0.1742,0.2423,STRATA_SYN_STRUCTURAL_ACCELERATING_00052,STRUCTURAL_ACCELERATING,False,none
14.0,166.22,12.79,0.33,42.89,0.0,0.8413,0.0681,0.6873,0.8148,0.0819,1.556,3.3913,3.7142,10.0722,6.473,7.033,9.4309,0.9363,12.0,8.0,0.5385,-2.6247,3.6958,-7.7133,3.6951,-0.8256,0.7655,STRATA_SYN_TEMPORALLY_INCONSISTENT_00311,TEMPORALLY_INCONSISTENT,False,none
15.0,88.83,6.34,0.22,35.23,0.0,0.8306,0.1058,0.6714,0.8071,0.0612,1.402,-0.111,2.6298,13.2468,9.449,2.8427,9.1995,0.6945,10.0,10.0,0.5,-2.0199,2.6254,-136.1116,2.6031,-0.0639,0.917,STRATA_SYN_STRUCTURAL_MONOTONIC_00359,STRUCTURAL_MONOTONIC,True,structural_with_atmospheric_spike
10.0,133.29,14.81,0.17,41.17,0.0,0.7956,0.0955,0.6749,0.8577,0.0771,2.836,0.8147,2.491,8.2275,2.901,2.2464,6.0878,0.7399,3.0,4.0,0.6667,6.4214,2.376,265.189,1.7706,0.0582,0.7619,STRATA_SYN_STABLE_00419,STABLE,False,none
9.0,146.42,18.3,0.27,33.0,0.0,0.8225,0.0737,0.6958,0.8181,0.0553,0.548,0.1475,0.3311,1.2245,2.234,0.4298,1.2245,1.0,4.0,5.0,0.5,-0.5557,0.3231,8.6764,0.3168,-0.434,0.2876,STRATA_SYN_STABLE_00496,STABLE,False,none
9.0,190.1,23.76,0.28,25.03,0.0,0.7736,0.0698,0.6546,0.8403,0.0509,1.618,-0.1405,1.44,4.2394,2.62,1.6402,3.1015,0.7316,6.0,3.0,0.625,-5.7124,1.0728,36.0588,0.9757,0.0499,0.0721,STRATA_SYN_STABLE_00308,STABLE,False,none
15.0,156.59,11.18,0.3,35.93,0.0,0.8266,0.0972,0.667,0.827,0.084,2.248,1.0458,4.6147,15.7693,7.015,2.7524,6.1429,0.3895,5.0,3.0,0.6429,-30.2297,2.2998,-112.1514,2.129,0.6395,0.1289,STRATA_SYN_SEASONAL_ENVIRONMENTAL_00047,SEASONAL_ENVIRONMENTAL,False,none
16.0,133.94,8.93,0.31,40.03,0.0,0.811,0.078,0.6826,0.8373,0.0761,2.981,5.8762,4.5823,19.1675,6.43,7.5074,15.965,0.8329,14.0,4.0,0.5333,4.586,4.5532,30.0124,4.5501,-0.6091,0.5744,STRATA_SYN_TEMPORALLY_INCONSISTENT_00324,TEMPORALLY_INCONSISTENT,False,none
6.0,111.79,22.36,0.36,42.16,0.0,0.7294,0.0636,0.6511,0.8262,0.0918,0.825,-0.116,0.6093,2.0399,2.473,0.7786,1.4461,0.7089,4.0,2.0,0.6,-1.9908,0.5726,-84.2354,0.4164,-0.1847,0.6372,STRATA_SYN_STRUCTURAL_ACCELERATING_00349,STRUCTURAL_ACCELERATING,True,short_sequence
19.0,344.0,19.11,0.31,39.72,0.0,0.8007,0.076,0.6618,0.8379,0.0639,1.011,-2.8387,2.2848,8.5378,8.445,0.753,1.6374,0.1918,4.0,1.0,0.7222,-7.564,0.7223,-0.4029,0.7222,0.7534,0.0,STRATA_SYN_STRUCTURAL_MONOTONIC_00348,STRUCTURAL_MONOTONIC,False,none
11.0,216.69,21.67,0.19,43.86,0.0,0.8025,0.0857,0.6819,0.8359,0.0604,0.915,-0.0906,0.7676,2.7347,2.989,0.9011,2.3235,0.8496,5.0,5.0,0.6,-0.8544,0.7507,19.9178,0.6838,0.085,0.6714,STRATA_SYN_STABLE_00377,STABLE,False,none
15.0,242.41,17.32,0.31,27.17,0.0,0.1524,0.0332,0.1149,0.1505,0.0436,3.127,0.9967,2.7336,11.5615,3.697,3.4325,10.2901,0.89,6.0,6.0,0.5,-3.8864,2.615,10.6837,2.6074,-0.2211,0.8146,STRATA_SYN_LOW_QUALITY_00130,LOW_QUALITY,False,none
9.0,155.0,19.38,0.18,44.63,0.0,0.8613,0.0609,0.7509,0.7815,0.0722,1.675,-0.812,1.2191,4.3986,2.626,1.1664,3.5563,0.8085,4.0,3.0,0.5,-5.4922,0.9603,3.671,0.9598,0.0856,0.3723,STRATA_SYN_STRUCTURAL_ACCELERATING_00043,STRUCTURAL_ACCELERATING,False,none
19.0,106.77,5.93,0.29,27.79,0.0,0.8027,0.0755,0.7024,0.8167,0.0664,1.624,0.2963,3.6803,18.4198,11.342,3.6878,14.4129,0.7825,14.0,12.0,0.5,-7.8941,3.6119,-252.0697,3.5011,0.0374,0.9756,STRATA_SYN_ATMOSPHERIC_TRANSIENT_00213,ATMOSPHERIC_TRANSIENT,False,none
13.0,123.25,10.27,0.34,42.7,0.0,0.7827,0.0775,0.6846,0.8204,0.0543,0.601,6.6435,5.2239,16.2443,27.029,1.6201,3.7654,0.2318,1.0,1.0,0.75,44.7067,2.24,-427.6486,0.7616,0.7796,0.0,STRATA_SYN_SEASONAL_ENVIRONMENTAL_00174,SEASONAL_ENVIRONMENTAL,True,strong_seasonal_amplitude
6.0,72.73,14.55,0.18,33.45,0.0,0.7348,0.0556,0.6574,0.8224,0.0648,2.32,0.2066,1.5612,5.1762,2.231,1.9186,3.8194,0.7379,3.0,3.0,0.6,-14.2662,1.221,-185.7858,1.1646,-0.1087,0.5809,STRATA_SYN_STABLE_00300,STABLE,True,short_sequence
13.0,197.71,16.48,0.3,34.77,0.0,0.8108,0.0885,0.6562,0.8673,0.0718,1.119,-0.2029,1.363,5.6097,5.013,1.8772,3.0497,0.5436,8.0,8.0,0.5,2.6373,1.2883,-35.3899,1.208,-0.078,0.9032,STRATA_SYN_STABLE_00175,STABLE,False,none
22.0,197.12,9.39,0.27,30.12,0.0,0.7819,0.0942,0.6635,0.8035,0.0663,0.767,-2.0664,3.3375,10.5082,13.7,1.1978,3.5899,0.3416,8.0,2.0,0.4762,-9.2002,2.9821,237.7577,0.97,0.7905,0.2178,STRATA_SYN_SEASONAL_ENVIRONMENTAL_00276,SEASONAL_ENVIRONMENTAL,False,none
9.0,69.36,8.67,0.34,41.72,0.0,0.814,0.1066,0.659,0.8218,0.0464,0.705,-0.7798,0.5341,1.5838,2.247,0.5255,1.3322,0.8411,5.0,2.0,0.375,-4.6067,0.4516,-181.7169,0.3384,0.1604,0.5608,STRATA_SYN_STRUCTURAL_ACCELERATING_00130,STRUCTURAL_ACCELERATING,False,none
7.0,94.01,15.67,0.26,30.7,0.0,0.7987,0.0705,0.6802,0.8503,0.0822,1.731,5.328,4.5711,12.8604,7.429,7.7839,10.9307,0.85,5.0,3.0,0.5,22.9104,4.127,-465.3125,3.8518,-0.5339,0.5386,STRATA_SYN_TEMPORALLY_INCONSISTENT_00041,TEMPORALLY_INCONSISTENT,False,none
11.0,169.98,17.0,0.39,36.54,0.0,0.172,0.041,0.1022,0.1842,0.0391,3.449,0.9651,3.4962,12.5503,3.639,4.8556,8.0586,0.6421,7.0,7.0,0.5,-5.5272,3.4007,-94.4259,3.2778,-0.0655,0.7362,STRATA_SYN_LOW_QUALITY_00183,LOW_QUALITY,False,none
17.0,348.46,21.78,0.28,34.16,0.0,0.786,0.0947,0.6573,0.8246,0.0691,2.831,1.4802,5.5014,22.7835,8.048,7.1266,11.5096,0.5052,13.0,7.0,0.5625,-10.0276,4.6582,-37.8905,4.4314,-0.0484,0.5052,STRATA_SYN_TEMPORALLY_INCONSISTENT_00244,TEMPORALLY_INCONSISTENT,False,none
13.0,210.87,17.57,0.36,44.42,0.0,0.8059,0.0808,0.6609,0.8412,0.0482,2.705,-0.5645,3.5927,13.0488,4.824,4.3258,9.1281,0.6995,7.0,7.0,0.5833,-7.8124,3.3063,-55.6619,3.2079,-0.1166,0.2425,STRATA_SYN_STRUCTURAL_ACCELERATING_00493,STRUCTURAL_ACCELERATING,False,none
13.0,140.9,11.74,0.31,30.23,0.0,0.8025,0.1138,0.6591,0.8315,0.0653,2.119,-1.6392,1.4627,5.1863,2.448,1.3231,3.2258,0.622,6.0,1.0,0.5833,-5.2349,1.3203,99.951,1.1539,0.2392,0.0,STRATA_SYN_STRUCTURAL_MONOTONIC_00140,STRUCTURAL_MONOTONIC,False,none
14.0,135.18,10.4,0.3,38.78,0.0,0.8073,0.1042,0.6503,0.8039,0.0618,2.49,5.2185,3.9933,16.1834,6.499,3.8561,12.0895,0.747,10.0,2.0,0.5385,22.8783,3.0183,-117.0037,2.9403,0.1005,0.1335,STRATA_SYN_TEMPORALLY_INCONSISTENT_00386,TEMPORALLY_INCONSISTENT,False,none
16.0,178.4,11.89,0.31,33.69,0.0,0.8049,0.0992,0.6544,0.8318,0.066,1.226,-0.2897,1.5176,6.2553,5.102,1.966,4.0826,0.6527,12.0,11.0,0.5333,-4.5097,1.3574,10.4904,1.3534,-0.0796,0.5906,STRATA_SYN_STRUCTURAL_MONOTONIC_00429,STRUCTURAL_MONOTONIC,False,none
10.0,105.33,11.7,0.26,29.86,0.0,0.1716,0.0498,0.104,0.1793,0.0453,3.919,0.985,3.85,13.8887,3.544,3.3135,10.3198,0.743,3.0,4.0,0.6667,-1.7032,3.8468,-605.2899,3.1136,0.2229,0.7419,STRATA_SYN_LOW_QUALITY_00490,LOW_QUALITY,False,none
16.0,218.84,14.59,0.29,31.9,0.0,0.8253,0.0719,0.7091,0.8316,0.0657,2.099,-0.3567,2.6918,10.2937,4.904,3.0629,7.4045,0.7193,8.0,9.0,0.5333,-3.3506,2.6203,-54.3423,2.4895,0.0411,0.7833,STRATA_SYN_ATMOSPHERIC_TRANSIENT_00181,ATMOSPHERIC_TRANSIENT,False,none
13.0,200.52,16.71,0.23,29.3,0.0,0.8124,0.085,0.6619,0.8083,0.0668,1.11,-6.359,6.4675,22.5676,20.331,5.6996,8.8342,0.3915,11.0,4.0,0.5,-32.9847,3.1453,-38.2151,3.1058,0.4737,0.2949,STRATA_SYN_TEMPORALLY_INCONSISTENT_00363,TEMPORALLY_INCONSISTENT,False,none
16.0,320.94,21.4,0.25,43.1,0.0,0.8364,0.0922,0.6768,0.838,0.07,2.336,-0.833,1.7581,6.7957,2.909,1.7662,4.2341,0.6231,7.0,6.0,0.5333,-0.879,1.742,-12.9967,1.6902,0.1321,0.8445,STRATA_SYN_STABLE_00149,STABLE,False,none
18.0,260.01,15.29,0.25,26.6,0.0,0.8149,0.0846,0.6521,0.8339,0.0687,0.732,1.6223,2.9983,11.1403,15.219,4.9251,8.7022,0.7811,16.0,11.0,0.5294,-3.7404,2.8858,-18.063,2.8607,-0.4874,0.7569,STRATA_SYN_TEMPORALLY_INCONSISTENT_00272,TEMPORALLY_INCONSISTENT,False,none
9.0,170.85,21.36,0.29,27.52,0.0,0.7721,0.0979,0.6551,0.7767,0.0547,0.515,1.6228,2.8312,8.9393,17.358,5.4905,7.6946,0.8608,7.0,6.0,0.5,2.9198,2.7967,4.7001,2.7963,-0.7837,0.9922,STRATA_SYN_TEMPORALLY_INCONSISTENT_00393,TEMPORALLY_INCONSISTENT,False,none
20.0,142.23,7.49,0.27,27.21,0.0,0.8015,0.0888,0.6656,0.8162,0.0826,2.611,2.1179,7.4991,23.596,9.037,2.5913,6.6427,0.2815,12.0,1.0,0.5263,-56.5259,3.3645,-379.8012,2.3857,0.8345,0.0,STRATA_SYN_SEASONAL_ENVIRONMENTAL_00291,SEASONAL_ENVIRONMENTAL,False,none
21.0,213.27,10.66,0.27,41.7,0.0,0.8169,0.1001,0.6529,0.8269,0.0724,0.984,0.216,6.07,17.5766,17.862,1.4802,4.0464,0.2302,12.0,1.0,0.5,32.1823,2.0769,-10.9533,2.0712,0.9173,0.0,STRATA_SYN_SEASONAL_ENVIRONMENTAL_00399,SEASONAL_ENVIRONMENTAL,False,none
6.0,45.75,9.15,0.26,40.8,0.0,0.1736,0.0415,0.1149,0.1716,0.0292,2.768,-0.0159,3.7549,12.0934,4.369,5.9062,12.0934,1.0,3.0,3.0,0.6,-13.3921,3.7105,-383.9716,3.6984,-0.6337,0.7064,STRATA_SYN_LOW_QUALITY_00420,LOW_QUALITY,False,none
15.0,158.08,11.29,0.23,25.7,0.0,0.7675,0.0765,0.6701,0.8431,0.0674,0.849,-1.8216,1.4085,4.9865,5.873,1.2247,2.9189,0.5854,8.0,2.0,0.7143,-7.8612,0.9391,-25.7625,0.9167,0.3628,0.1456,STRATA_SYN_STRUCTURAL_MONOTONIC_00484,STRUCTURAL_MONOTONIC,False,none
20.0,372.98,19.63,0.33,26.45,0.0,0.8389,0.0892,0.6529,0.8383,0.0739,1.646,0.6064,1.257,5.0858,3.09,1.2945,5.0313,0.9893,10.0,9.0,0.4211,-0.2511,1.2546,-5.2963,1.2341,-0.0916,0.3786,STRATA_SYN_STABLE_00006,STABLE,False,none
20.0,282.42,14.86,0.28,28.57,0.0,0.7599,0.0752,0.6587,0.8335,0.0771,2.585,-1.7223,2.5445,9.2174,3.566,2.6332,5.922,0.6425,13.0,3.0,0.5263,-6.181,2.0883,-10.841,2.0713,0.1823,0.2346,STRATA_SYN_STRUCTURAL_ACCELERATING_00397,STRUCTURAL_ACCELERATING,False,none
23.0,404.13,18.37,0.31,32.7,0.0,0.7887,0.0769,0.6537,0.8218,0.0769,2.246,-0.9731,4.3414,16.2195,7.222,2.6114,6.4897,0.4001,15.0,3.0,0.5909,0.0566,4.3414,-44.3517,3.7414,0.7517,0.3426,STRATA_SYN_SEASONAL_ENVIRONMENTAL_00498,SEASONAL_ENVIRONMENTAL,False,none
20.0,416.13,21.9,0.3,34.49,0.0,0.8079,0.078,0.6839,0.8357,0.0671,2.859,-1.3476,3.0113,11.1141,3.887,3.7969,11.1141,1.0,13.0,10.0,0.5789,2.2033,2.9131,-12.9098,2.8306,-0.1863,0.9913,STRATA_SYN_STABLE_00383,STABLE,False,none
11.0,74.08,7.41,0.26,40.6,0.0,0.819,0.0908,0.6616,0.8615,0.0804,0.835,-0.3165,0.8358,2.8775,3.446,1.1337,2.3015,0.7998,6.0,5.0,0.6,-3.414,0.8071,15.0877,0.8066,-0.1895,0.5754,STRATA_SYN_STABLE_00088,STABLE,False,none
6.0,97.59,19.52,0.27,39.14,0.0,0.8284,0.0503,0.7853,0.8029,0.072,2.836,-2.5521,5.0899,16.3832,5.777,6.7315,16.3832,1.0,3.0,3.0,0.6,-4.3298,5.0745,430.0312,4.8379,-0.5764,0.7162,STRATA_SYN_ATMOSPHERIC_TRANSIENT_00492,ATMOSPHERIC_TRANSIENT,False,none
20.0,177.53,9.34,0.22,38.59,0.0,0.8025,0.0934,0.6646,0.8441,0.0651,0.532,-1.1126,0.8131,2.8577,5.372,0.6023,1.1199,0.3919,14.0,2.0,0.4737,-4.6555,0.4371,-17.4602,0.4029,0.4999,0.0044,STRATA_SYN_STRUCTURAL_MONOTONIC_00133,STRUCTURAL_MONOTONIC,False,none
10.0,93.43,10.38,0.18,44.96,0.0,0.7373,0.0441,0.6575,0.8014,0.0722,0.958,1.1532,2.694,10.4663,10.925,2.9749,9.6592,0.9229,5.0,5.0,0.6667,-1.3823,2.6916,-398.6672,2.4243,-0.1945,0.7887,STRATA_SYN_ATMOSPHERIC_TRANSIENT_00350,ATMOSPHERIC_TRANSIENT,False,none
10.0,170.89,18.99,0.34,32.02,0.0,0.8204,0.0971,0.6705,0.7797,0.0523,1.334,-1.1373,3.7212,14.1858,10.634,3.437,11.164,0.787,3.0,4.0,0.4444,-8.6849,3.4884,95.9013,3.3585,-0.0062,0.9242,STRATA_SYN_ATMOSPHERIC_TRANSIENT_00371,ATMOSPHERIC_TRANSIENT,False,none
6.0,53.21,10.64,0.2,37.41,0.0,0.171,0.0346,0.1221,0.1989,0.0441,2.762,1.8914,1.8881,5.4135,1.96,2.056,3.918,0.7237,3.0,2.0,0.6,-26.9079,1.3301,232.4252,1.3072,-0.0996,0.0739,STRATA_SYN_LOW_QUALITY_00312,LOW_QUALITY,False,none
15.0,218.92,15.64,0.25,36.06,0.0,0.7913,0.1004,0.6585,0.8206,0.0717,0.939,-0.1752,1.0809,4.1103,4.377,1.0559,2.5409,0.6182,5.0,4.0,0.5,-0.7386,1.0723,10.5546,1.0602,0.2968,0.7766,STRATA_SYN_STABLE_00146,STABLE,False,none
12.0,170.14,15.47,0.2,32.42,0.0,0.8023,0.0701,0.7019,0.8275,0.0613,1.034,-0.5243,0.7832,3.1974,3.092,1.0089,2.1929,0.6858,7.0,5.0,0.4545,-2.3902,0.7006,17.1637,0.6815,-0.2981,0.4099,STRATA_SYN_STRUCTURAL_MONOTONIC_00396,STRUCTURAL_MONOTONIC,False,none
11.0,141.1,14.11,0.25,38.92,0.0,0.9224,0.0273,0.8899,0.8386,0.068,0.831,-0.3334,4.3961,19.9074,23.956,4.1802,19.9074,1.0,5.0,2.0,0.5,-4.3552,4.3636,103.5339,4.3101,-0.3793,0.5364,STRATA_SYN_ATMOSPHERIC_TRANSIENT_00438,ATMOSPHERIC_TRANSIENT,True,high_coherence_atmospheric
7.0,117.24,19.54,0.33,35.45,0.0,0.8555,0.1074,0.7012,0.844,0.0469,1.119,4.0298,3.2143,8.8637,7.921,5.6242,8.0314,0.9061,5.0,1.0,0.5,14.8725,2.7919,-19.1685,2.7903,-0.5243,0.0,STRATA_SYN_TEMPORALLY_INCONSISTENT_00119,TEMPORALLY_INCONSISTENT,False,none
12.0,229.29,20.84,0.27,40.46,0.0,0.8013,0.0912,0.6526,0.8296,0.0793,2.674,0.5268,2.7688,9.0156,3.372,3.5661,7.5946,0.8424,6.0,7.0,0.6364,-2.3608,2.7294,-7.4364,2.7264,-0.196,0.4544,STRATA_SYN_STABLE_00432,STABLE,False,none
6.0,53.38,10.68,0.23,36.41,0.0,0.172,0.0374,0.1161,0.1365,0.0288,4.021,0.1873,4.7372,13.2597,3.298,5.1001,8.9175,0.6725,2.0,2.0,0.6,52.8619,3.9308,947.5256,3.7997,0.3435,0.9232,STRATA_SYN_LOW_QUALITY_00493,LOW_QUALITY,False,none
16.0,171.35,11.42,0.28,44.34,0.0,0.8232,0.0647,0.7384,0.8226,0.0845,0.769,-1.5997,1.2317,4.4773,5.822,0.9143,2.8916,0.6458,9.0,2.0,0.5333,-6.5668,0.7873,3.5788,0.7866,0.5022,0.142,STRATA_SYN_STRUCTURAL_MONOTONIC_00307,STRUCTURAL_MONOTONIC,False,none
12.0,79.97,7.27,0.34,28.35,0.0,0.7915,0.0893,0.6653,0.8372,0.0826,2.474,-0.8089,2.261,9.1049,3.68,2.25,6.0001,0.659,3.0,4.0,0.5455,-6.409,2.2171,-183.7226,2.1837,0.1779,0.6632,STRATA_SYN_STRUCTURAL_ACCELERATING_00070,STRUCTURAL_ACCELERATING,False,none
12.0,200.82,18.26,0.34,31.68,0.0,0.8077,0.0989,0.6528,0.8679,0.0748,1.956,-2.9031,2.3209,7.9316,4.055,2.3442,5.7481,0.7247,6.0,3.0,0.5455,-9.7335,1.5968,30.4919,1.5454,0.1222,0.1298,STRATA_SYN_STRUCTURAL_MONOTONIC_00122,STRUCTURAL_MONOTONIC,False,none
17.0,168.35,10.52,0.25,44.62,0.0,0.8314,0.0824,0.6656,0.8522,0.0858,2.32,-1.7123,6.0376,20.7476,8.943,3.3443,8.5828,0.4137,8.0,4.0,0.625,23.8798,5.0073,482.3356,2.6163,0.6528,0.3667,STRATA_SYN_SEASONAL_ENVIRONMENTAL_00283,SEASONAL_ENVIRONMENTAL,False,none
8.0,109.75,15.68,0.23,44.23,0.0,0.8077,0.0726,0.6949,0.8074,0.0683,0.815,0.0421,5.0143,19.9071,24.426,6.5199,11.1868,0.562,5.0,6.0,0.5714,19.6334,4.6272,-215.9088,4.5363,-0.1191,0.9748,STRATA_SYN_ATMOSPHERIC_TRANSIENT_00319,ATMOSPHERIC_TRANSIENT,False,none
8.0,90.82,12.97,0.21,27.36,0.0,0.8085,0.0874,0.6834,0.8021,0.0722,1.086,-0.4064,1.0455,3.333,3.069,1.106,2.8203,0.8462,3.0,3.0,0.5714,-0.2309,1.0453,162.5236,0.9336,0.2155,0.8659,STRATA_SYN_STRUCTURAL_ACCELERATING_00020,STRUCTURAL_ACCELERATING,False,none
13.0,98.3,8.19,0.27,33.09,0.0,0.3655,0.0454,0.2858,0.3953,0.0522,0.764,-1.5239,1.3086,4.6309,6.061,0.854,2.0683,0.4466,7.0,2.0,0.5833,-12.953,0.7314,3.1137,0.7313,0.6451,0.2889,STRATA_SYN_STRUCTURAL_MONOTONIC_00255,STRUCTURAL_MONOTONIC,True,low_coherence_structural
11.0,218.94,21.89,0.22,32.71,0.0,0.808,0.089,0.6743,0.8119,0.0811,0.815,-0.2816,2.2314,6.8152,8.362,1.3027,2.8257,0.4146,6.0,2.0,0.6,6.8535,1.8144,94.527,1.0205,0.7045,0.376,STRATA_SYN_SEASONAL_ENVIRONMENTAL_00393,SEASONAL_ENVIRONMENTAL,False,none
20.0,341.57,17.98,0.29,42.71,0.0,0.7875,0.0905,0.6507,0.7958,0.0605,1.852,0.1842,3.4481,13.4989,7.289,2.4935,7.626,0.5649,9.0,4.0,0.5263,-0.4144,3.4461,34.6379,3.2143,0.5732,0.5864,STRATA_SYN_SEASONAL_ENVIRONMENTAL_00351,SEASONAL_ENVIRONMENTAL,False,none
19.0,214.5,11.92,0.27,28.81,0.0,0.8146,0.0759,0.6872,0.828,0.0638,1.687,0.7886,7.243,21.0372,12.47,2.8037,6.8078,0.3236,13.0,3.0,0.5,-36.8922,3.0207,-53.8381,2.9226,0.8508,0.1806,STRATA_SYN_SEASONAL_ENVIRONMENTAL_00238,SEASONAL_ENVIRONMENTAL,False,none
9.0,157.99,19.75,0.21,41.71,0.0,0.7959,0.0857,0.6564,0.8499,0.0603,1.653,-0.0209,1.3543,4.4807,2.711,1.6276,4.4807,1.0,5.0,5.0,0.5,3.8884,1.2411,11.007,1.2375,-0.1957,0.3038,STRATA_SYN_STRUCTURAL_ACCELERATING_00446,STRUCTURAL_ACCELERATING,True,accelerating_subtle_onset
6.0,88.61,17.72,0.15,37.44,0.0,0.8072,0.0843,0.6574,0.8703,0.0714,1.413,-0.2553,1.4788,4.3602,3.086,1.9085,3.7811,0.8672,3.0,4.0,0.6,-8.0092,1.3218,344.2891,0.8505,-0.2261,0.5242,STRATA_SYN_STRUCTURAL_MONOTONIC_00315,STRUCTURAL_MONOTONIC,False,none
16.0,197.15,13.14,0.22,36.25,0.0,0.7876,0.0889,0.6531,0.8233,0.0753,1.509,-3.1057,1.9094,5.9606,3.95,1.2251,3.0362,0.5094,10.0,4.0,0.6667,-9.4505,1.0894,-9.7899,1.0828,0.6074,0.2893,STRATA_SYN_STRUCTURAL_MONOTONIC_00164,STRUCTURAL_MONOTONIC,False,none
20.0,454.33,23.91,0.28,43.13,0.0,0.7907,0.0815,0.6562,0.8302,0.0771,1.716,2.7039,4.8905,16.7086,9.737,6.0908,11.1718,0.6686,16.0,9.0,0.5789,7.7199,3.9258,10.4659,3.8692,0.1102,0.4948,STRATA_SYN_TEMPORALLY_INCONSISTENT_00488,TEMPORALLY_INCONSISTENT,False,none
6.0,60.78,12.16,0.15,28.88,0.0,0.9397,0.0285,0.8867,0.8309,0.0607,2.145,-0.5131,1.6398,4.6548,2.17,1.6381,3.3165,0.7125,3.0,2.0,0.6,10.9306,1.5178,1046.169,0.4632,0.026,0.6156,STRATA_SYN_ATMOSPHERIC_TRANSIENT_00019,ATMOSPHERIC_TRANSIENT,True,high_coherence_atmospheric
20.0,225.78,11.88,0.31,33.74,0.0,0.7706,0.0732,0.6534,0.81,0.0515,2.833,0.3339,2.7071,9.6914,3.421,2.606,7.6136,0.7856,8.0,7.0,0.6842,3.7022,2.6162,-12.0138,2.6094,0.2013,0.8288,STRATA_SYN_ATMOSPHERIC_TRANSIENT_00062,ATMOSPHERIC_TRANSIENT,False,none
13.0,164.75,13.73,0.2,34.54,0.0,0.8008,0.0697,0.6513,0.8375,0.0626,2.149,0.3154,2.3951,8.917,4.149,2.8427,5.742,0.6439,7.0,6.0,0.5833,-5.4017,2.2712,-3.5623,2.271,0.0415,0.7228,STRATA_SYN_ATMOSPHERIC_TRANSIENT_00106,ATMOSPHERIC_TRANSIENT,False,none
19.0,159.15,8.84,0.31,33.32,0.0,0.8099,0.0855,0.6773,0.8291,0.0757,1.977,-0.7089,0.9977,3.864,1.954,1.1259,2.8612,0.7405,11.0,8.0,0.5556,3.6917,0.8699,-0.7646,0.8699,0.0459,0.9784,STRATA_SYN_STABLE_00065,STABLE,False,none
15.0,167.72,11.98,0.28,44.68,0.0,0.7937,0.0948,0.6513,0.8222,0.066,0.968,-0.848,1.0956,3.4635,3.578,1.1167,2.2251,0.6424,10.0,5.0,0.5,-5.0766,0.8257,14.9184,0.8149,0.2802,0.2302,STRATA_SYN_STRUCTURAL_MONOTONIC_00124,STRUCTURAL_MONOTONIC,False,none
15.0,264.72,18.91,0.15,36.7,0.0,0.7675,0.0777,0.6596,0.8501,0.0683,2.268,0.037,2.444,10.9195,4.815,2.5415,8.5478,0.7828,10.0,5.0,0.5714,-2.1502,2.3962,34.3714,2.2712,0.035,0.71,STRATA_SYN_STABLE_00408,STABLE,False,none
6.0,34.12,6.82,0.22,34.36,0.0,0.8191,0.091,0.7073,0.8467,0.0648,2.009,5.1747,2.8833,8.8916,4.426,3.0392,5.2398,0.5893,2.0,1.0,0.8,71.6492,1.7631,-2342.0263,1.4366,-0.0002,0.0,STRATA_SYN_TEMPORALLY_INCONSISTENT_00385,TEMPORALLY_INCONSISTENT,False,none
20.0,332.38,17.49,0.27,26.13,0.0,0.804,0.0733,0.6599,0.7869,0.0673,1.646,12.1691,6.6647,25.9263,15.751,6.7984,12.1151,0.4673,18.0,1.0,0.5263,17.0704,4.7145,-86.1614,3.6916,0.2835,0.0,STRATA_SYN_TEMPORALLY_INCONSISTENT_00494,TEMPORALLY_INCONSISTENT,False,none
15.0,245.29,17.52,0.29,29.21,0.0,0.7953,0.0653,0.6634,0.8074,0.0791,1.233,-0.4572,3.2288,14.4372,11.709,2.9996,11.6694,0.8083,9.0,7.0,0.5,7.3189,2.8522,-49.1541,2.6934,0.0323,0.8359,STRATA_SYN_ATMOSPHERIC_TRANSIENT_00427,ATMOSPHERIC_TRANSIENT,False,none
7.0,70.63,11.77,0.3,37.05,0.0,0.1634,0.0342,0.1101,0.1666,0.0464,3.908,-1.4832,2.7078,7.5901,1.942,4.4347,7.5901,1.0,4.0,3.0,0.6667,9.2517,2.6413,297.9861,2.5863,-0.6125,0.4206,STRATA_SYN_LOW_QUALITY_00075,LOW_QUALITY,False,none
17.0,132.15,8.26,0.26,26.87,0.0,0.7896,0.0834,0.6596,0.8068,0.0774,2.715,0.2594,3.0196,9.6542,3.556,3.4341,8.1866,0.848,8.0,8.0,0.5,-6.716,2.9263,226.6189,2.6533,0.0439,0.7761,STRATA_SYN_STRUCTURAL_ACCELERATING_00417,STRUCTURAL_ACCELERATING,False,none
13.0,225.58,18.8,0.29,30.89,0.0,0.848,0.0754,0.666,0.8351,0.0839,0.594,-3.5161,2.3371,7.3206,12.324,0.7172,1.9979,0.2729,4.0,1.0,0.6667,-11.7754,0.5549,11.2948,0.5229,0.7368,0.0,STRATA_SYN_STRUCTURAL_MONOTONIC_00381,STRUCTURAL_MONOTONIC,False,none
24.0,370.31,16.1,0.29,32.09,0.0,0.7925,0.0795,0.6671,0.8389,0.0661,2.054,-0.0806,3.7008,16.2912,7.931,2.6605,8.1278,0.4989,10.0,3.0,0.5652,2.8207,3.5994,-11.5482,3.5673,0.5513,0.3048,STRATA_SYN_SEASONAL_ENVIRONMENTAL_00085,SEASONAL_ENVIRONMENTAL,False,none
7.0,63.66,10.61,0.31,26.8,0.0,0.8385,0.0728,0.6866,0.8123,0.0557,1.292,0.5097,1.0757,3.3388,2.584,1.3961,2.8102,0.8417,3.0,4.0,0.5,10.0849,0.9015,277.8385,0.8048,-0.1848,0.3902,STRATA_SYN_STRUCTURAL_ACCELERATING_00156,STRUCTURAL_ACCELERATING,False,none
19.0,131.66,7.31,0.25,30.76,0.0,0.7804,0.0761,0.6625,0.8188,0.0747,1.336,1.329,4.26,15.9815,11.962,4.8099,10.9595,0.6858,15.0,11.0,0.5556,24.212,3.3321,297.6061,2.926,0.209,0.5805,STRATA_SYN_TEMPORALLY_INCONSISTENT_00377,TEMPORALLY_INCONSISTENT,False,none
8.0,63.94,9.13,0.25,27.91,0.0,0.742,0.0571,0.6538,0.8559,0.0829,2.088,0.1228,2.1356,6.0196,2.883,3.3402,5.4236,0.901,4.0,5.0,0.5714,-2.8762,2.1292,331.9243,2.0758,-0.3095,0.2326,STRATA_SYN_STRUCTURAL_ACCELERATING_00338,STRUCTURAL_ACCELERATING,False,none
13.0,176.61,14.72,0.3,34.92,0.0,0.7655,0.0893,0.6513,0.8099,0.0633,1.811,-2.1526,1.5692,4.5869,2.533,1.0578,3.2874,0.7167,7.0,3.0,0.6667,-6.9188,1.1716,74.4778,0.9013,0.5576,0.2183,STRATA_SYN_STRUCTURAL_MONOTONIC_00239,STRUCTURAL_MONOTONIC,False,none
11.0,232.02,23.2,0.25,31.07,0.0,0.1641,0.0349,0.1047,0.1875,0.0299,3.18,-1.0067,5.5197,18.8474,5.927,7.2068,18.8474,1.0,7.0,6.0,0.6,2.9298,5.4883,14.4076,5.4823,-0.3963,0.8082,STRATA_SYN_LOW_QUALITY_00360,LOW_QUALITY,False,none
24.0,161.89,7.04,0.29,37.48,0.0,0.7913,0.0764,0.655,0.8073,0.0699,0.531,-3.547,1.6628,5.587,10.522,0.7067,1.7689,0.3166,9.0,0.0,0.4783,1.4623,1.6514,199.7481,0.4413,0.7141,0.0,STRATA_SYN_SEASONAL_ENVIRONMENTAL_00272,SEASONAL_ENVIRONMENTAL,False,none
13.0,212.01,17.67,0.3,42.58,0.0,0.8013,0.0873,0.6604,0.8576,0.0628,1.051,0.8733,2.6147,10.696,10.177,2.5985,9.1757,0.8579,6.0,5.0,0.5833,4.4296,2.4886,-17.1915,2.476,-0.0692,0.8034,STRATA_SYN_ATMOSPHERIC_TRANSIENT_00303,ATMOSPHERIC_TRANSIENT,False,none
17.0,362.3,22.64,0.27,40.33,0.0,0.7767,0.0697,0.6681,0.8566,0.07,1.576,0.4199,4.9258,14.7135,9.336,2.6037,6.5237,0.4434,8.0,3.0,0.5625,-7.0117,4.4411,16.2635,4.3908,0.7951,0.448,STRATA_SYN_SEASONAL_ENVIRONMENTAL_00310,SEASONAL_ENVIRONMENTAL,False,none
14.0,147.14,11.32,0.27,40.9,0.0,0.1696,0.0348,0.1139,0.1784,0.046,4.981,-2.2785,3.8639,14.0792,2.827,4.5193,13.7013,0.9732,7.0,6.0,0.6154,2.1177,3.8548,-133.349,3.7421,-0.1927,0.7986,STRATA_SYN_LOW_QUALITY_00374,LOW_QUALITY,False,none
6.0,34.6,6.92,0.31,43.43,0.0,0.7359,0.0679,0.6788,0.871,0.0607,2.54,-1.1144,1.2202,3.4805,1.37,1.8415,2.8013,0.8049,3.0,2.0,0.6,-16.1259,1.103,-1183.1184,0.9679,-0.1565,0.8049,STRATA_SYN_STABLE_00361,STABLE,False,none
6.0,54.59,10.92,0.19,43.51,0.0,0.7592,0.0853,0.6621,0.7845,0.0443,0.608,-0.4002,0.348,1.054,1.734,0.365,0.7708,0.7313,1.0,1.0,0.8,-3.6527,0.2941,218.5667,0.1643,0.1815,0.0,STRATA_SYN_STRUCTURAL_ACCELERATING_00235,STRUCTURAL_ACCELERATING,False,none
13.0,220.67,18.39,0.24,26.53,0.0,0.812,0.0966,0.6553,0.8408,0.0741,1.103,2.9373,3.4971,12.3134,11.164,5.1548,8.828,0.7169,11.0,4.0,0.5,8.9586,3.0639,66.5472,2.8799,-0.142,0.5997,STRATA_SYN_TEMPORALLY_INCONSISTENT_00175,TEMPORALLY_INCONSISTENT,False,none
16.0,217.62,14.51,0.28,33.02,0.0,0.8118,0.08,0.6728,0.8248,0.0881,2.41,-0.1719,2.2089,8.0796,3.353,2.3138,5.4878,0.6792,10.0,5.0,0.5333,-5.1131,2.0002,-72.8819,1.6815,0.118,0.3569,STRATA_SYN_STABLE_00302,STABLE,False,none
18.0,266.92,15.7,0.25,39.89,0.0,0.782,0.0935,0.6513,0.8356,0.0753,2.609,-0.7896,3.6895,14.2749,5.471,3.1257,5.6392,0.395,12.0,5.0,0.5294,-3.1826,3.6206,-32.6106,3.5478,0.5042,0.3462,STRATA_SYN_SEASONAL_ENVIRONMENTAL_00096,SEASONAL_ENVIRONMENTAL,False,none
15.0,129.83,9.27,0.25,31.11,0.0,0.7996,0.1044,0.6576,0.8097,0.0697,2.641,-0.345,4.3493,16.8895,6.395,4.5654,14.4652,0.8565,9.0,4.0,0.6429,5.7642,4.3027,59.9914,4.2908,-0.0075,0.6523,STRATA_SYN_TEMPORALLY_INCONSISTENT_00317,TEMPORALLY_INCONSISTENT,False,none
17.0,193.15,12.07,0.31,29.31,0.0,0.8166,0.0879,0.6501,0.8144,0.0795,2.947,-0.4815,2.8123,12.6787,4.302,3.5485,9.0149,0.711,11.0,10.0,0.5625,-3.7854,2.7448,-63.2078,2.6438,-0.0725,0.9996,STRATA_SYN_STRUCTURAL_ACCELERATING_00281,STRUCTURAL_ACCELERATING,False,none
18.0,106.71,6.28,0.28,33.37,0.0,0.7407,0.0641,0.652,0.8546,0.0688,0.574,-0.3179,0.8415,3.3518,5.839,0.8278,2.9616,0.8836,7.0,4.0,0.6471,-2.2249,0.818,107.5684,0.7232,0.0804,0.4804,STRATA_SYN_STRUCTURAL_MONOTONIC_00012,STRUCTURAL_MONOTONIC,False,none
6.0,115.63,23.13,0.28,39.67,0.0,0.7289,0.0546,0.6626,0.7996,0.0516,1.943,0.0531,1.9869,6.2499,3.217,2.805,4.5575,0.7292,3.0,3.0,0.4,-9.633,1.6917,194.2047,1.3851,-0.3602,0.3891,STRATA_SYN_STABLE_00433,STABLE,True,short_sequence
16.0,123.25,8.22,0.29,36.95,0.0,0.1824,0.0418,0.1012,0.184,0.0404,4.303,1.0758,4.6491,16.0604,3.732,6.4434,15.0969,0.94,9.0,9.0,0.5333,0.9127,4.6481,-284.9543,4.4453,-0.2208,0.7867,STRATA_SYN_LOW_QUALITY_00357,LOW_QUALITY,False,none
7.0,80.66,13.44,0.29,31.9,0.0,0.8157,0.0743,0.715,0.7963,0.0591,0.739,5.2986,3.521,12.0271,16.275,5.2219,8.0249,0.6672,5.0,1.0,0.5,26.1514,2.9446,-578.2106,2.6143,-0.2708,0.0,STRATA_SYN_TEMPORALLY_INCONSISTENT_00225,TEMPORALLY_INCONSISTENT,False,none
15.0,135.33,9.67,0.24,26.7,0.0,0.7809,0.0797,0.652,0.8347,0.0877,0.761,4.8281,2.1065,6.9031,9.071,1.1745,3.3463,0.4848,7.0,0.0,0.6429,-14.6924,1.263,-173.2258,0.7662,0.6374,0.0,STRATA_SYN_SEASONAL_ENVIRONMENTAL_00259,SEASONAL_ENVIRONMENTAL,False,none
11.0,153.17,15.32,0.19,41.42,0.0,0.8019,0.0671,0.6649,0.8127,0.0812,1.442,3.5699,1.3475,4.1055,2.847,1.2721,3.8498,0.9377,7.0,0.0,0.6,6.8203,0.9991,52.9002,0.9108,0.2272,0.0,STRATA_SYN_SEASONAL_ENVIRONMENTAL_00297,SEASONAL_ENVIRONMENTAL,False,none
14.0,299.67,23.05,0.25,40.64,0.0,0.7738,0.0739,0.6888,0.8134,0.07,2.632,8.506,4.3983,15.4474,5.869,3.5133,6.7779,0.4388,9.0,0.0,0.4615,13.2634,2.8108,-10.7645,2.7937,0.5567,0.0,STRATA_SYN_TEMPORALLY_INCONSISTENT_00120,TEMPORALLY_INCONSISTENT,False,none
6.0,80.6,16.12,0.29,29.74,0.0,0.7537,0.077,0.6581,0.8239,0.0622,2.306,-0.5438,2.1939,6.7545,2.929,2.2645,3.7745,0.5588,1.0,2.0,0.6,-12.2102,1.9906,-689.2912,1.0831,0.2888,0.6763,STRATA_SYN_STRUCTURAL_ACCELERATING_00148,STRUCTURAL_ACCELERATING,False,none
15.0,170.56,12.18,0.29,37.12,0.0,0.8216,0.0786,0.6917,0.83,0.0517,0.947,0.0263,2.0882,5.4812,5.788,1.0112,2.0601,0.3758,6.0,1.0,0.5,-11.4429,1.2861,81.1673,1.0448,0.79,0.0,STRATA_SYN_SEASONAL_ENVIRONMENTAL_00216,SEASONAL_ENVIRONMENTAL,False,none
14.0,250.29,19.25,0.29,34.07,0.0,0.8527,0.0659,0.7006,0.8177,0.0746,0.568,0.0937,0.5695,2.3171,4.079,0.68,1.632,0.7043,8.0,5.0,0.5385,1.1122,0.5183,-9.2027,0.4843,0.0542,0.8308,STRATA_SYN_STABLE_00119,STABLE,False,none
7.0,77.58,12.93,0.35,44.61,0.0,0.8139,0.0762,0.6849,0.8573,0.0632,0.697,-0.2327,0.622,1.774,2.545,0.8544,1.146,0.646,4.0,4.0,0.5,5.026,0.5107,-102.9108,0.4589,0.0242,0.6322,STRATA_SYN_STABLE_00200,STABLE,False,none
13.0,161.44,13.45,0.3,39.94,0.0,0.7909,0.0768,0.6559,0.8191,0.0691,1.764,-0.2906,1.6887,6.8399,3.877,1.8217,4.5555,0.666,6.0,5.0,0.5833,-3.8011,1.6054,1.4224,1.6054,0.1082,0.6255,STRATA_SYN_STABLE_00341,STABLE,False,none
12.0,97.07,8.82,0.27,29.62,0.0,0.7859,0.0796,0.6734,0.8556,0.0813,1.173,0.6344,2.5539,10.9017,9.294,2.5334,8.5828,0.7873,6.0,7.0,0.4545,5.9042,2.5056,-231.6385,2.4019,-0.166,0.6777,STRATA_SYN_ATMOSPHERIC_TRANSIENT_00330,ATMOSPHERIC_TRANSIENT,False,none
6.0,98.37,19.67,0.18,33.07,0.0,0.7655,0.0743,0.6895,0.8127,0.0677,2.738,1.1241,2.2258,6.3496,2.319,2.881,6.017,0.9476,3.0,3.0,0.6,15.6567,1.6974,172.1057,1.579,-0.2679,0.1642,STRATA_SYN_STRUCTURAL_ACCELERATING_00361,STRUCTURAL_ACCELERATING,False,none
12.0,183.78,16.71,0.21,31.05,0.0,0.1756,0.0428,0.1047,0.1906,0.0455,4.42,-0.2766,4.4121,13.3726,3.025,4.6057,10.6916,0.7995,6.0,4.0,0.6364,6.3257,4.2975,-248.4041,3.3084,0.1669,0.62,STRATA_SYN_LOW_QUALITY_00195,LOW_QUALITY,False,none
11.0,233.87,23.39,0.36,37.7,0.0,0.7991,0.0865,0.665,0.8042,0.0472,1.676,-3.0234,3.3377,10.8982,6.503,2.8298,5.9042,0.5418,4.0,5.0,0.8,-13.1745,2.0033,-40.7102,1.863,0.3361,0.0533,STRATA_SYN_STRUCTURAL_MONOTONIC_00149,STRUCTURAL_MONOTONIC,False,none
6.0,37.1,7.42,0.16,26.24,0.0,0.7879,0.0429,0.7105,0.8267,0.0642,2.619,1.0648,1.3964,3.7823,1.444,2.3764,3.3258,0.8793,4.0,3.0,0.6,22.3086,1.1632,-587.2405,1.1231,-0.5651,0.069,STRATA_SYN_STRUCTURAL_ACCELERATING_00157,STRUCTURAL_ACCELERATING,True,short_sequence
12.0,128.52,11.68,0.28,42.17,0.0,0.7735,0.0969,0.651,0.8321,0.0641,0.538,-1.7043,1.2529,3.8842,7.22,0.5953,1.1824,0.3044,5.0,2.0,0.4545,-10.4579,0.4811,25.6321,0.4608,0.698,0.067,STRATA_SYN_STRUCTURAL_MONOTONIC_00240,STRUCTURAL_MONOTONIC,False,none
14.0,103.37,7.95,0.24,44.95,0.0,0.8418,0.0627,0.6749,0.856,0.0725,2.008,-0.7254,1.3124,4.8529,2.417,2.035,4.8529,1.0,9.0,8.0,0.5385,-0.9688,1.3096,-79.6265,1.2809,-0.6327,0.7927,STRATA_SYN_STABLE_00218,STABLE,False,none
9.0,167.57,20.95,0.3,30.1,0.0,0.8208,0.1052,0.6607,0.8445,0.0524,2.287,0.3969,1.5878,5.4486,2.382,1.7634,3.5032,0.643,4.0,3.0,0.5,4.0235,1.4711,-92.9478,1.1681,-0.0138,0.1503,STRATA_SYN_STABLE_00304,STABLE,False,none
14.0,257.49,19.81,0.29,33.96,0.0,0.788,0.0784,0.6784,0.8409,0.0835,1.806,-0.1521,4.7577,15.6712,8.677,3.203,8.1224,0.5183,4.0,3.0,0.6154,0.7734,4.7548,39.9582,4.6785,0.589,0.235,STRATA_SYN_SEASONAL_ENVIRONMENTAL_00305,SEASONAL_ENVIRONMENTAL,False,none
20.0,267.43,14.08,0.3,28.33,0.0,0.8005,0.0684,0.6542,0.8338,0.07,1.869,-1.7273,1.7888,7.5963,4.064,2.0576,4.4224,0.5822,12.0,6.0,0.5789,-2.6637,1.6873,3.7025,1.6853,0.1194,0.7906,STRATA_SYN_STRUCTURAL_MONOTONIC_00014,STRUCTURAL_MONOTONIC,False,none
7.0,124.81,20.8,0.3,36.53,0.0,0.7919,0.048,0.7052,0.8347,0.0793,2.972,0.6361,3.0904,9.0188,3.035,4.2642,9.0188,1.0,3.0,3.0,0.6667,-12.8121,2.7267,-102.5246,2.6649,-0.3511,0.5354,STRATA_SYN_TEMPORALLY_INCONSISTENT_00026,TEMPORALLY_INCONSISTENT,False,none
16.0,259.51,17.3,0.26,40.95,0.0,0.8332,0.0762,0.6759,0.8082,0.0716,1.18,0.3623,1.2701,5.6174,4.761,1.515,3.744,0.6665,11.0,10.0,0.5333,1.7961,1.2081,-21.5805,1.1183,-0.315,0.7532,STRATA_SYN_ATMOSPHERIC_TRANSIENT_00234,ATMOSPHERIC_TRANSIENT,False,none
20.0,205.48,10.81,0.3,43.14,0.0,0.791,0.0776,0.6662,0.8406,0.0673,2.497,-0.1555,2.0498,9.8351,3.939,1.8375,7.4455,0.757,9.0,9.0,0.6316,2.283,2.0126,-44.4672,1.9284,-0.0078,0.2827,STRATA_SYN_STABLE_00162,STABLE,False,none
13.0,136.88,11.41,0.31,31.78,0.0,0.7815,0.0607,0.6926,0.8201,0.0727,2.959,-1.0161,4.5586,13.1848,4.456,5.9844,13.1848,1.0,9.0,5.0,0.5833,23.7747,3.6164,1.3509,3.6163,-0.0665,0.5007,STRATA_SYN_SEASONAL_ENVIRONMENTAL_00159,SEASONAL_ENVIRONMENTAL,False,none
16.0,193.33,12.89,0.31,43.76,0.0,0.178,0.0434,0.1115,0.173,0.0418,2.97,-0.3276,2.5643,10.0362,3.379,2.8379,6.0078,0.5986,5.0,6.0,0.5333,2.7412,2.5253,53.1747,2.4461,0.1623,0.9192,STRATA_SYN_LOW_QUALITY_00406,LOW_QUALITY,False,none
8.0,136.76,19.54,0.29,36.85,0.0,0.851,0.0907,0.6593,0.8188,0.0511,2.171,0.9294,3.9414,10.4957,4.835,7.2748,10.4957,1.0,6.0,7.0,0.5714,-2.0315,3.9335,99.7205,3.8787,-0.6668,0.4294,STRATA_SYN_TEMPORALLY_INCONSISTENT_00250,TEMPORALLY_INCONSISTENT,False,none
6.0,55.15,11.03,0.15,42.44,0.0,0.7785,0.0427,0.6906,0.7986,0.0575,0.696,-0.2251,0.6575,2.179,3.131,0.9883,1.1853,0.544,3.0,3.0,0.6,-6.1906,0.5748,1.602,0.5748,-0.0358,0.8115,STRATA_SYN_STRUCTURAL_ACCELERATING_00337,STRUCTURAL_ACCELERATING,False,none
16.0,312.77,20.85,0.3,29.92,0.0,0.7699,0.068,0.6649,0.8391,0.0744,2.578,-0.5085,3.0534,13.0837,5.075,3.4311,9.953,0.7607,10.0,8.0,0.6,2.8764,2.9583,-20.7483,2.8885,0.1064,0.882,STRATA_SYN_ATMOSPHERIC_TRANSIENT_00153,ATMOSPHERIC_TRANSIENT,False,none
11.0,152.7,15.27,0.3,25.13,0.0,0.8148,0.0696,0.7186,0.8256,0.0771,2.567,0.3957,2.7735,8.6983,3.389,3.3526,6.4268,0.7389,7.0,5.0,0.5,-6.2172,2.6482,-27.3645,2.6397,0.0329,0.328,STRATA_SYN_ATMOSPHERIC_TRANSIENT_00426,ATMOSPHERIC_TRANSIENT,False,none
22.0,372.59,17.74,0.28,29.37,0.0,0.7743,0.0862,0.6521,0.8262,0.0749,2.383,-0.792,2.3924,9.9608,4.18,2.7294,6.586,0.6612,16.0,7.0,0.5238,1.1216,2.3673,17.1144,2.2535,0.1424,0.7621,STRATA_SYN_SEASONAL_ENVIRONMENTAL_00104,SEASONAL_ENVIRONMENTAL,False,none
15.0,324.84,23.2,0.3,26.74,0.0,0.803,0.0808,0.6704,0.8561,0.0687,1.8,5.5661,3.8614,12.3718,6.873,5.5739,9.8045,0.7925,13.0,0.0,0.5,7.0642,3.3391,-24.4604,3.2373,-0.2423,0.0,STRATA_SYN_TEMPORALLY_INCONSISTENT_00242,TEMPORALLY_INCONSISTENT,False,none
19.0,404.42,22.47,0.25,29.92,0.0,0.8282,0.0857,0.6691,0.8154,0.0645,2.092,-1.6658,2.0015,8.2366,3.937,2.5591,8.2366,1.0,11.0,6.0,0.6111,0.4706,1.9952,-7.4527,1.9593,-0.2262,0.8017,STRATA_SYN_STRUCTURAL_MONOTONIC_00096,STRUCTURAL_MONOTONIC,False,none
15.0,205.01,14.64,0.26,27.5,0.0,0.1664,0.0521,0.1008,0.1782,0.0403,4.166,1.9787,4.7185,18.3864,4.413,5.6686,18.3864,1.0,11.0,8.0,0.5714,6.9639,4.5629,74.0918,4.4546,-0.1276,0.6954,STRATA_SYN_LOW_QUALITY_00098,LOW_QUALITY,False,none
15.0,198.19,14.16,0.27,40.77,0.0,0.1656,0.0421,0.1129,0.1857,0.0511,4.153,2.3427,4.1587,16.0894,3.874,4.5396,13.5418,0.8417,10.0,4.0,0.5714,6.6192,4.0078,-138.818,3.6164,0.0883,0.783,STRATA_SYN_LOW_QUALITY_00444,LOW_QUALITY,False,none
17.0,159.45,9.97,0.25,26.04,0.0,0.1578,0.0464,0.1053,0.1707,0.0362,3.397,-0.5259,3.0598,11.5765,3.408,3.5519,6.6658,0.5758,9.0,8.0,0.5625,1.9447,3.0488,-61.0726,3.0103,0.1078,0.91,STRATA_SYN_LOW_QUALITY_00325,LOW_QUALITY,False,none
10.0,130.92,14.55,0.28,30.94,0.0,0.8076,0.0701,0.686,0.8288,0.0431,1.641,1.1321,2.3493,9.1122,5.553,2.4467,4.1293,0.4532,4.0,4.0,0.5556,12.341,1.878,49.497,1.8562,0.423,0.9423,STRATA_SYN_STRUCTURAL_MONOTONIC_00362,STRUCTURAL_MONOTONIC,False,none
9.0,164.2,20.52,0.3,25.23,0.0,0.788,0.0798,0.6512,0.7992,0.0716,2.75,-0.8332,3.6044,12.9008,4.691,4.8511,12.9008,1.0,7.0,3.0,0.5,6.451,3.4807,130.9147,3.264,-0.3867,0.7919,STRATA_SYN_ATMOSPHERIC_TRANSIENT_00411,ATMOSPHERIC_TRANSIENT,False,none
20.0,136.17,7.17,0.33,29.11,0.0,0.921,0.0266,0.881,0.8423,0.0717,2.67,-0.7338,3.7057,17.0428,6.383,3.7205,14.9085,0.8748,16.0,11.0,0.5789,-5.1968,3.6588,-29.7937,3.6549,-0.0931,0.4388,STRATA_SYN_ATMOSPHERIC_TRANSIENT_00220,ATMOSPHERIC_TRANSIENT,True,high_coherence_atmospheric
18.0,308.47,18.15,0.3,26.34,0.0,0.8065,0.0879,0.6824,0.8437,0.0683,1.357,2.2579,1.8915,6.4844,4.778,1.792,3.5778,0.5518,12.0,4.0,0.5294,5.6121,1.219,-1.6564,1.218,0.3785,0.2157,STRATA_SYN_STRUCTURAL_MONOTONIC_00241,STRUCTURAL_MONOTONIC,False,none
19.0,203.27,11.29,0.25,44.72,0.0,0.8055,0.0944,0.6695,0.8019,0.0697,1.177,-0.8196,1.0982,3.3719,2.865,1.6556,2.8939,0.8582,11.0,9.0,0.5,-1.2266,1.0784,7.7153,1.0739,-0.3608,0.7998,STRATA_SYN_STRUCTURAL_MONOTONIC_00101,STRUCTURAL_MONOTONIC,False,none
17.0,99.22,6.2,0.3,41.56,0.0,0.1717,0.044,0.103,0.161,0.0507,3.095,-0.0452,2.8387,10.6231,3.432,3.2844,8.2041,0.7723,10.0,7.0,0.5625,-16.0459,2.5101,123.0999,2.4814,0.149,0.6952,STRATA_SYN_LOW_QUALITY_00182,LOW_QUALITY,False,none
8.0,83.67,11.95,0.26,32.59,0.0,0.1549,0.04,0.1074,0.2013,0.0376,4.773,4.5206,3.8293,10.6692,2.235,6.757,10.6692,1.0,5.0,2.0,0.5714,1.0074,3.8286,-545.1101,3.5882,-0.6893,0.6179,STRATA_SYN_LOW_QUALITY_00230,LOW_QUALITY,False,none
7.0,53.56,8.93,0.3,26.35,0.0,0.8321,0.0647,0.7242,0.8159,0.0361,1.166,1.6425,3.5059,9.5446,8.186,3.6162,7.7696,0.814,3.0,4.0,0.5,-25.8009,3.2711,-1079.9008,3.0735,0.2016,0.8825,STRATA_SYN_ATMOSPHERIC_TRANSIENT_00207,ATMOSPHERIC_TRANSIENT,False,none
16.0,169.06,11.27,0.2,26.58,0.0,0.1715,0.04,0.1082,0.1771,0.0418,4.076,-0.9718,3.0687,11.4446,2.808,4.064,8.6206,0.7532,10.0,11.0,0.5333,0.4494,3.0681,48.1211,3.0375,-0.1172,0.585,STRATA_SYN_LOW_QUALITY_00144,LOW_QUALITY,False,none
7.0,63.96,10.66,0.18,44.08,0.0,0.811,0.0818,0.7002,0.8362,0.0742,0.984,-0.3924,1.4074,4.4211,4.493,2.0673,4.0021,0.9052,4.0,5.0,0.5,-7.4053,1.3392,-383.3457,1.2142,-0.4901,0.3378,STRATA_SYN_STRUCTURAL_MONOTONIC_00482,STRUCTURAL_MONOTONIC,False,none
12.0,76.23,6.93,0.27,38.47,0.0,0.7953,0.0894,0.6696,0.8328,0.0703,1.729,0.4149,3.2069,13.4641,7.787,2.9111,13.4641,1.0,9.0,1.0,0.5455,17.0841,3.0038,0.2331,3.0038,-0.2008,0.0,STRATA_SYN_ATMOSPHERIC_TRANSIENT_00384,ATMOSPHERIC_TRANSIENT,False,none
21.0,473.9,23.7,0.28,28.81,0.0,0.8083,0.0864,0.6525,0.8088,0.0736,1.565,0.7463,3.7739,13.2363,8.458,2.4105,7.2132,0.545,8.0,4.0,0.6,-3.2067,3.5571,-7.2425,3.522,0.6649,0.5007,STRATA_SYN_SEASONAL_ENVIRONMENTAL_00404,SEASONAL_ENVIRONMENTAL,False,none
12.0,117.76,10.71,0.2,44.23,0.0,0.1897,0.036,0.1113,0.171,0.0456,3.457,-0.0362,2.9992,10.0221,2.899,3.9915,7.8215,0.7804,7.0,6.0,0.5455,3.4376,2.979,-92.1068,2.9497,-0.2212,0.9733,STRATA_SYN_LOW_QUALITY_00462,LOW_QUALITY,False,none
10.0,56.95,6.33,0.24,25.49,0.0,0.8212,0.0945,0.6593,0.8341,0.0825,2.814,-1.3778,2.9713,10.0225,3.562,4.3862,10.0225,1.0,5.0,6.0,0.6667,-2.8082,2.968,-466.6963,2.9241,-0.3651,0.8123,STRATA_SYN_STRUCTURAL_ACCELERATING_00451,STRUCTURAL_ACCELERATING,False,none
16.0,291.24,19.42,0.27,28.79,0.0,0.7908,0.0689,0.6531,0.814,0.0833,0.585,0.8308,2.3852,8.1811,13.985,1.4784,2.9173,0.3566,3.0,3.0,0.5333,0.767,2.3778,41.7721,2.1005,0.7251,0.3039,STRATA_SYN_SEASONAL_ENVIRONMENTAL_00183,SEASONAL_ENVIRONMENTAL,False,none
17.0,116.38,7.27,0.28,37.83,0.0,0.7771,0.0974,0.6593,0.8252,0.0663,0.769,1.1605,4.2459,15.449,20.09,3.5047,15.449,1.0,10.0,7.0,0.4375,10.237,4.1261,-16.9156,4.1255,-0.1025,0.9065,STRATA_SYN_ATMOSPHERIC_TRANSIENT_00039,ATMOSPHERIC_TRANSIENT,False,none
6.0,81.61,16.32,0.18,43.78,0.0,0.8242,0.0592,0.7455,0.8255,0.0705,0.891,-0.1819,0.2954,0.9409,1.056,0.4048,0.6807,0.7235,4.0,4.0,0.6,-2.2501,0.2404,-36.8263,0.2221,0.0283,0.0,STRATA_SYN_STABLE_00386,STABLE,False,none
13.0,169.63,14.14,0.23,26.7,0.0,0.1595,0.0399,0.1153,0.1878,0.044,3.66,1.2235,4.5562,16.0285,4.379,5.4829,12.7546,0.7957,8.0,5.0,0.5,-7.9064,4.4099,-29.0626,4.4016,-0.1947,0.5302,STRATA_SYN_LOW_QUALITY_00064,LOW_QUALITY,False,none
7.0,126.76,21.13,0.2,32.75,0.0,0.8379,0.0752,0.6762,0.8485,0.0997,0.91,-1.8974,1.3581,4.8063,5.282,0.8028,1.8636,0.3877,0.0,1.0,0.8333,-11.0255,0.4635,-8.1697,0.4611,0.2894,0.0,STRATA_SYN_STRUCTURAL_MONOTONIC_00277,STRUCTURAL_MONOTONIC,False,none
6.0,30.45,6.09,0.31,29.73,0.0,0.7994,0.0822,0.6882,0.8586,0.0755,1.386,2.4463,5.8779,17.1779,12.394,6.8697,17.1779,1.0,2.0,2.0,0.6,-13.5829,5.8649,-8197.4107,5.137,-0.2967,0.9996,STRATA_SYN_ATMOSPHERIC_TRANSIENT_00030,ATMOSPHERIC_TRANSIENT,False,none
15.0,323.31,23.09,0.28,44.53,0.0,0.1645,0.0395,0.1097,0.2021,0.0381,2.999,0.3136,2.5369,10.6368,3.547,3.0027,5.453,0.5127,8.0,8.0,0.5,2.9678,2.4039,31.4707,2.1658,0.0927,0.9468,STRATA_SYN_LOW_QUALITY_00123,LOW_QUALITY,False,none
8.0,122.11,17.44,0.32,38.01,0.0,0.8274,0.0692,0.6936,0.8296,0.0611,2.954,-0.2196,2.1822,6.6788,2.261,2.9563,6.6788,1.0,4.0,5.0,0.5714,1.2511,2.1779,-123.5209,2.0798,-0.339,0.468,STRATA_SYN_STRUCTURAL_ACCELERATING_00151,STRUCTURAL_ACCELERATING,True,accelerating_moderate_noise
18.0,194.63,11.45,0.27,35.86,0.0,0.7486,0.07,0.6508,0.8351,0.0749,1.759,-2.3466,2.215,9.355,5.318,1.5896,5.1622,0.5518,10.0,1.0,0.5294,3.2698,2.1506,129.114,1.525,0.3703,0.0,STRATA_SYN_SEASONAL_ENVIRONMENTAL_00382,SEASONAL_ENVIRONMENTAL,False,none
7.0,128.79,21.46,0.27,40.02,0.0,0.1535,0.0406,0.1018,0.1636,0.0278,4.319,1.0918,1.6397,5.9432,1.376,2.0385,3.9883,0.6711,4.0,2.0,0.6667,-3.0239,1.6007,154.3995,1.307,-0.1583,0.4853,STRATA_SYN_LOW_QUALITY_00094,LOW_QUALITY,False,none
7.0,88.35,14.72,0.16,27.21,0.0,0.8306,0.0858,0.6731,0.8427,0.0899,1.866,0.2463,1.0392,3.0178,1.617,1.3491,2.2837,0.7567,4.0,5.0,0.6667,7.9746,0.8168,56.2549,0.8013,-0.1831,0.0704,STRATA_SYN_STABLE_00454,STABLE,False,none
11.0,100.11,10.01,0.31,39.21,0.0,0.785,0.0855,0.6597,0.8047,0.0741,1.749,0.4349,4.2835,14.8694,8.502,5.2969,9.5459,0.642,8.0,6.0,0.6,-31.2125,3.3267,-217.8609,3.2477,0.0668,0.8191,STRATA_SYN_TEMPORALLY_INCONSISTENT_00105,TEMPORALLY_INCONSISTENT,False,none
17.0,240.21,15.01,0.3,28.18,0.0,0.8076,0.0745,0.6862,0.8427,0.0701,0.766,2.5252,2.6018,7.5872,9.905,4.6997,7.2836,0.96,15.0,7.0,0.5,-0.2078,2.6014,-25.8359,2.5594,-0.7354,0.9798,STRATA_SYN_TEMPORALLY_INCONSISTENT_00478,TEMPORALLY_INCONSISTENT,False,none
14.0,259.54,19.96,0.35,41.07,0.0,0.7715,0.0789,0.6692,0.8056,0.0745,1.563,-0.4922,3.4896,11.7965,7.547,6.1058,9.0662,0.7685,12.0,13.0,0.5385,-0.3387,3.4888,59.1128,3.2479,-0.5691,0.6965,STRATA_SYN_TEMPORALLY_INCONSISTENT_00106,TEMPORALLY_INCONSISTENT,False,none
18.0,318.8,18.75,0.26,44.83,0.0,0.8068,0.0937,0.6589,0.8068,0.0661,1.188,0.3155,1.912,9.2079,7.751,2.4455,6.4635,0.702,11.0,11.0,0.5294,-1.317,1.8796,-2.7668,1.8776,-0.3047,0.8376,STRATA_SYN_ATMOSPHERIC_TRANSIENT_00283,ATMOSPHERIC_TRANSIENT,False,none
6.0,77.22,15.44,0.23,38.51,0.0,0.8165,0.0676,0.7322,0.7913,0.0753,1.101,0.3811,0.4164,1.3521,1.228,0.5288,1.3521,1.0,2.0,2.0,0.6,0.7188,0.4131,93.1601,0.357,-0.307,0.9482,STRATA_SYN_STABLE_00424,STABLE,False,none
12.0,239.4,21.76,0.26,29.42,0.0,0.1641,0.0429,0.1027,0.1632,0.0389,2.671,-0.302,2.1047,6.7316,2.52,3.1048,5.8243,0.8652,8.0,9.0,0.6364,2.3469,2.0485,25.4593,1.9922,-0.2493,0.7032,STRATA_SYN_LOW_QUALITY_00015,LOW_QUALITY,False,none
6.0,105.94,21.19,0.16,29.28,0.0,0.1877,0.0444,0.1039,0.1711,0.0243,4.13,-0.6115,3.8107,10.9164,2.643,4.7427,10.6992,0.9801,3.0,2.0,0.6,1.991,3.8056,600.1676,2.8552,-0.2145,0.9678,STRATA_SYN_LOW_QUALITY_00349,LOW_QUALITY,False,none
14.0,149.59,11.51,0.29,37.85,0.0,0.7959,0.0791,0.6716,0.8464,0.0642,2.402,0.2429,4.8944,20.9808,8.735,5.1202,16.2227,0.7732,7.0,5.0,0.5385,-9.6875,4.7368,-211.2919,4.4882,-0.0486,0.6825,STRATA_SYN_ATMOSPHERIC_TRANSIENT_00198,ATMOSPHERIC_TRANSIENT,False,none
7.0,64.55,10.76,0.15,35.32,0.0,0.803,0.1142,0.6559,0.7874,0.0679,2.64,-1.0433,3.307,11.6422,4.41,3.6984,8.6289,0.7412,2.0,2.0,0.5,-15.3101,3.1813,-1321.4358,2.4849,-0.168,0.6436,STRATA_SYN_STRUCTURAL_ACCELERATING_00325,STRUCTURAL_ACCELERATING,False,none
12.0,211.8,19.25,0.29,41.09,0.0,0.1875,0.0299,0.1352,0.1671,0.0371,3.221,0.7021,3.3677,12.1551,3.774,4.2475,11.8408,0.9741,7.0,6.0,0.5455,2.2758,3.3422,-11.4546,3.338,-0.3456,0.9389,STRATA_SYN_LOW_QUALITY_00350,LOW_QUALITY,False,none
20.0,409.91,21.57,0.31,38.28,0.0,0.1791,0.0437,0.1082,0.1792,0.0417,4.6,-0.4582,4.6858,18.3361,3.986,6.5125,13.7051,0.7474,14.0,11.0,0.6316,2.4033,4.6137,-36.9437,4.2003,-0.212,0.6416,STRATA_SYN_LOW_QUALITY_00048,LOW_QUALITY,False,none
9.0,154.9,19.36,0.26,35.78,0.0,0.7863,0.0881,0.6687,0.8492,0.0597,0.983,-0.1109,1.1142,3.2158,3.271,1.9793,3.0463,0.9473,7.0,7.0,0.5,-1.9926,1.0803,14.9243,1.0733,-0.6816,0.5343,STRATA_SYN_STABLE_00340,STABLE,False,none
19.0,417.56,23.2,0.32,30.45,0.0,0.8235,0.0878,0.6522,0.8408,0.0636,1.973,-3.7039,2.6513,8.4686,4.292,2.1641,5.5498,0.6553,13.0,4.0,0.5556,-5.8374,1.7062,-1.6816,1.7038,0.4695,0.283,STRATA_SYN_STRUCTURAL_MONOTONIC_00021,STRUCTURAL_MONOTONIC,False,none
7.0,39.88,6.65,0.3,33.58,0.0,0.1205,0.0143,0.1044,0.2041,0.0456,4.798,1.272,3.9222,11.4236,2.381,5.4685,10.9633,0.9597,3.0,4.0,0.6667,28.3484,3.7848,-4175.6021,2.9275,-0.234,0.7303,STRATA_SYN_LOW_QUALITY_00308,LOW_QUALITY,False,none
11.0,181.46,18.15,0.19,38.44,0.0,0.822,0.0889,0.6832,0.8178,0.0624,1.391,1.1939,3.8767,12.9085,9.28,5.2993,10.0892,0.7816,7.0,6.0,0.5,-8.4654,3.6425,-150.0944,3.2551,-0.3766,0.8382,STRATA_SYN_TEMPORALLY_INCONSISTENT_00156,TEMPORALLY_INCONSISTENT,False,none
13.0,259.69,21.64,0.19,33.64,0.0,0.8008,0.0973,0.6636,0.8388,0.0576,1.238,-2.0622,1.8973,6.2363,5.037,1.6955,2.9786,0.4776,7.0,3.0,0.6667,-6.8996,1.12,-4.0811,1.1165,0.3951,0.0965,STRATA_SYN_STRUCTURAL_ACCELERATING_00385,STRUCTURAL_ACCELERATING,False,none
7.0,36.27,6.04,0.16,34.85,0.0,0.7775,0.0667,0.6961,0.8275,0.0828,2.845,0.3752,3.1338,10.2567,3.605,3.9001,10.2567,1.0,4.0,2.0,0.5,2.1778,3.133,3294.2429,2.7127,-0.2663,0.3751,STRATA_SYN_ATMOSPHERIC_TRANSIENT_00342,ATMOSPHERIC_TRANSIENT,False,none
15.0,159.71,11.41,0.34,35.89,0.0,0.1612,0.0323,0.105,0.179,0.0372,4.868,0.1805,4.9536,17.1685,3.527,5.7323,17.1685,1.0,8.0,8.0,0.5714,-3.8554,4.9259,-19.4207,4.9234,0.0314,0.9369,STRATA_SYN_LOW_QUALITY_00152,LOW_QUALITY,False,none
15.0,235.46,16.82,0.27,32.17,0.0,0.8213,0.0983,0.6682,0.8199,0.0672,1.148,2.6795,2.8309,8.6589,7.543,4.7182,8.6589,1.0,13.0,9.0,0.5,3.8809,2.7233,-11.4472,2.7158,-0.5622,0.501,STRATA_SYN_TEMPORALLY_INCONSISTENT_00298,TEMPORALLY_INCONSISTENT,False,none
20.0,273.3,14.38,0.26,36.67,0.0,0.7827,0.083,0.6559,0.8287,0.0734,1.764,0.7615,2.8198,12.6033,7.145,2.9842,11.7237,0.9302,12.0,8.0,0.5263,-2.0544,2.7809,17.0837,2.7532,-0.1747,0.7093,STRATA_SYN_ATMOSPHERIC_TRANSIENT_00113,ATMOSPHERIC_TRANSIENT,False,none
19.0,214.77,11.93,0.24,37.64,0.0,0.802,0.0968,0.6522,0.8375,0.0912,2.665,1.8327,4.6729,15.9939,6.001,2.0711,6.7062,0.4193,10.0,3.0,0.6667,-13.7562,3.9692,-236.3063,2.0933,0.7743,0.253,STRATA_SYN_SEASONAL_ENVIRONMENTAL_00122,SEASONAL_ENVIRONMENTAL,False,none
17.0,333.91,20.87,0.29,28.18,0.0,0.1796,0.0368,0.1126,0.1948,0.0377,2.856,0.9184,3.0829,11.1045,3.888,3.8021,11.1045,1.0,9.0,8.0,0.5,-0.4371,3.0805,-8.6017,3.0659,-0.1068,0.834,STRATA_SYN_LOW_QUALITY_00045,LOW_QUALITY,False,none
22.0,486.25,23.15,0.26,37.02,0.0,0.811,0.0793,0.6684,0.8099,0.0619,0.659,-0.6853,5.2086,15.9195,24.157,3.3014,5.9637,0.3746,4.0,5.0,0.5714,0.8845,5.1965,-21.5802,4.9585,0.7297,0.3413,STRATA_SYN_SEASONAL_ENVIRONMENTAL_00015,SEASONAL_ENVIRONMENTAL,False,none
13.0,112.4,9.37,0.32,29.14,0.0,0.7836,0.0933,0.6831,0.8155,0.0806,1.798,-0.5856,1.0571,3.7738,2.099,1.3917,3.3713,0.8933,7.0,6.0,0.5,-3.4218,1.0045,-40.3344,0.9909,-0.3147,0.9235,STRATA_SYN_STRUCTURAL_ACCELERATING_00300,STRUCTURAL_ACCELERATING,False,none
18.0,355.92,20.94,0.29,29.56,0.0,0.8058,0.0918,0.6588,0.8385,0.0693,1.371,0.284,1.178,5.2232,3.81,1.336,3.4005,0.651,11.0,8.0,0.5882,-0.3898,1.1723,0.8516,1.1718,0.0808,0.8554,STRATA_SYN_STABLE_00222,STABLE,False,none
10.0,159.26,17.7,0.29,40.06,0.0,0.7955,0.0821,0.6679,0.7976,0.0662,2.271,-1.2746,1.3379,3.8835,1.71,2.0575,3.3641,0.8663,6.0,3.0,0.6667,-4.3106,1.1965,-18.091,1.1865,-0.5386,0.0066,STRATA_SYN_STRUCTURAL_MONOTONIC_00283,STRUCTURAL_MONOTONIC,False,none
9.0,114.46,14.31,0.27,39.35,0.0,0.816,0.0838,0.6567,0.8416,0.0776,2.481,1.4999,3.5558,12.2951,4.956,4.7323,9.8117,0.798,5.0,4.0,0.625,-2.4434,3.5473,511.6942,2.7009,-0.2264,0.9762,STRATA_SYN_STRUCTURAL_ACCELERATING_00200,STRUCTURAL_ACCELERATING,False,none
18.0,241.78,14.22,0.27,27.03,0.0,0.7831,0.0789,0.6723,0.8226,0.0628,1.451,-1.4423,1.8542,5.7946,3.994,1.6994,4.4949,0.7757,10.0,5.0,0.4706,-6.6341,1.2829,10.5335,1.2685,0.2457,0.0,STRATA_SYN_STRUCTURAL_MONOTONIC_00003,STRUCTURAL_MONOTONIC,False,none
20.0,376.21,19.8,0.3,36.82,0.0,0.839,0.087,0.6687,0.8371,0.0734,2.618,3.1896,3.5771,11.022,4.21,4.27,10.7291,0.9734,12.0,5.0,0.6842,6.3195,2.9848,-1.8692,2.9837,-0.0698,0.159,STRATA_SYN_STRUCTURAL_MONOTONIC_00198,STRUCTURAL_MONOTONIC,False,none
15.0,222.41,15.89,0.26,25.57,0.0,0.8148,0.0862,0.6548,0.8064,0.0781,2.982,-0.5043,4.6762,17.3592,5.821,3.3667,7.6866,0.4428,10.0,3.0,0.5,20.1876,2.735,25.4247,2.7059,0.6298,0.4583,STRATA_SYN_SEASONAL_ENVIRONMENTAL_00246,SEASONAL_ENVIRONMENTAL,False,none
13.0,203.27,16.94,0.26,32.8,0.0,0.7732,0.0777,0.6669,0.8273,0.0714,2.456,-0.8952,2.498,8.9357,3.638,3.6342,8.9357,1.0,9.0,5.0,0.5,-1.9271,2.4755,-2.2114,2.4753,-0.3625,0.5636,STRATA_SYN_STABLE_00448,STABLE,False,none
14.0,122.32,9.41,0.23,25.43,0.0,0.8025,0.1081,0.6503,0.8228,0.0779,2.523,-0.1057,2.8318,9.165,3.633,4.2408,7.6113,0.8305,10.0,11.0,0.5385,-4.8748,2.7865,66.9758,2.768,-0.4292,0.2449,STRATA_SYN_STABLE_00197,STABLE,False,none
15.0,171.99,12.28,0.3,25.57,0.0,0.7794,0.0688,0.6616,0.8505,0.0754,2.235,-0.8883,3.1208,10.7863,4.826,2.3995,5.6314,0.5221,8.0,5.0,0.5714,-17.4438,1.8125,29.5867,1.7911,0.4136,0.0,STRATA_SYN_STRUCTURAL_ACCELERATING_00496,STRUCTURAL_ACCELERATING,True,accelerating_moderate_noise
13.0,239.73,19.98,0.21,35.17,0.0,0.7549,0.0688,0.6575,0.8032,0.0688,1.63,3.9108,4.1653,13.8829,8.517,4.6399,8.9289,0.6432,7.0,5.0,0.6667,13.8109,3.0606,26.2465,3.0217,0.1523,0.3655,STRATA_SYN_TEMPORALLY_INCONSISTENT_00057,TEMPORALLY_INCONSISTENT,False,none
15.0,147.09,10.51,0.35,32.1,0.0,0.761,0.074,0.6505,0.8381,0.0778,1.995,-0.6467,2.0343,7.1769,3.597,2.9679,5.4895,0.7649,10.0,9.0,0.5714,5.0038,1.9368,-84.0822,1.8495,-0.3508,0.1461,STRATA_SYN_STABLE_00336,STABLE,False,none
17.0,289.92,18.12,0.3,31.63,0.0,0.8051,0.0904,0.6713,0.8358,0.0744,2.741,-0.9792,3.7187,14.8618,5.422,4.6737,9.7347,0.655,9.0,10.0,0.5,0.3089,3.718,49.9777,3.4782,-0.0143,0.8739,STRATA_SYN_STABLE_00164,STABLE,False,none
15.0,134.18,9.58,0.28,41.87,0.0,0.8252,0.0713,0.6664,0.8427,0.0757,1.21,-0.3045,2.8386,13.3658,11.046,2.8715,13.3658,1.0,9.0,8.0,0.5,-5.6754,2.7649,-26.0169,2.7609,-0.2931,0.8499,STRATA_SYN_ATMOSPHERIC_TRANSIENT_00326,ATMOSPHERIC_TRANSIENT,False,none
6.0,62.58,12.52,0.31,34.55,0.0,0.7977,0.0812,0.6637,0.7967,0.0728,0.691,-0.4759,0.6722,2.0848,3.017,0.417,0.6391,0.3066,0.0,1.0,0.8,-11.2314,0.1381,-56.7342,0.1103,0.3951,0.0,STRATA_SYN_STRUCTURAL_ACCELERATING_00394,STRUCTURAL_ACCELERATING,False,none
20.0,419.62,22.09,0.3,35.77,0.0,0.7788,0.0797,0.6551,0.8272,0.0726,2.807,-1.0164,4.2203,17.6515,6.288,5.4117,16.7736,0.9503,12.0,9.0,0.5789,2.4228,4.1348,-20.1645,3.9881,-0.231,0.5816,STRATA_SYN_ATMOSPHERIC_TRANSIENT_00107,ATMOSPHERIC_TRANSIENT,False,none
15.0,237.73,16.98,0.32,41.78,0.0,0.823,0.0941,0.6715,0.8005,0.0684,1.654,-2.6326,1.5151,5.8265,3.523,1.4124,2.7919,0.4792,10.0,2.0,0.5714,-5.3191,1.0753,-2.1168,1.0746,0.4791,0.2981,STRATA_SYN_STRUCTURAL_MONOTONIC_00490,STRUCTURAL_MONOTONIC,False,none
6.0,94.06,18.81,0.2,36.05,0.0,0.8478,0.0501,0.7869,0.8122,0.061,0.539,0.0136,0.6195,1.899,3.523,0.5879,1.6009,0.843,2.0,1.0,0.4,4.1035,0.503,97.1711,0.3873,0.056,0.0,STRATA_SYN_STABLE_00305,STABLE,True,short_sequence
19.0,261.22,14.51,0.3,31.66,0.0,0.8325,0.086,0.6632,0.7943,0.0715,1.743,0.0594,1.4429,5.3127,3.048,1.6777,4.2963,0.8087,10.0,10.0,0.5,0.8875,1.4299,-4.707,1.4265,-0.0551,0.6501,STRATA_SYN_STABLE_00498,STABLE,False,none
10.0,204.38,22.71,0.24,27.81,0.0,0.1661,0.0387,0.1166,0.1645,0.0403,4.058,0.0037,5.0444,15.8538,3.907,6.3522,12.4437,0.7849,4.0,4.0,0.6667,-3.8279,4.9978,-83.3631,4.8589,-0.0053,0.7666,STRATA_SYN_LOW_QUALITY_00266,LOW_QUALITY,False,none
16.0,328.84,21.92,0.26,27.99,0.0,0.7763,0.0825,0.6766,0.8219,0.073,2.644,-1.7862,2.4166,7.6662,2.899,2.7177,6.6604,0.8688,9.0,4.0,0.5333,-2.9054,2.2792,-13.8148,2.2304,0.0746,0.7162,STRATA_SYN_STRUCTURAL_ACCELERATING_00440,STRUCTURAL_ACCELERATING,False,none
18.0,181.73,10.69,0.24,42.43,0.0,0.762,0.0711,0.655,0.8199,0.0727,2.275,2.9434,10.9929,34.5713,15.196,3.2057,7.4478,0.2154,12.0,1.0,0.5294,68.2647,3.725,-240.5644,2.789,0.8613,0.0,STRATA_SYN_SEASONAL_ENVIRONMENTAL_00001,SEASONAL_ENVIRONMENTAL,True,strong_seasonal_amplitude
17.0,167.9,10.49,0.24,38.65,0.0,0.7899,0.077,0.6831,0.8522,0.0572,2.946,0.775,4.9232,20.8171,7.066,4.7851,20.8171,1.0,7.0,7.0,0.5,-9.0192,4.7566,37.2909,4.7452,-0.2012,0.8125,STRATA_SYN_ATMOSPHERIC_TRANSIENT_00203,ATMOSPHERIC_TRANSIENT,False,none
11.0,134.13,13.41,0.32,28.97,0.0,0.7708,0.0709,0.6934,0.8118,0.0811,2.121,-1.9404,2.1279,7.2042,3.397,2.6804,6.4255,0.8919,4.0,4.0,0.7,1.084,2.1242,60.7453,2.0933,-0.2008,0.7604,STRATA_SYN_STRUCTURAL_ACCELERATING_00276,STRUCTURAL_ACCELERATING,False,none
13.0,245.88,20.49,0.2,26.64,0.0,0.7764,0.0725,0.6756,0.8278,0.0583,2.356,-0.0904,2.201,7.9494,3.374,2.9599,7.65,0.9623,7.0,8.0,0.5,-0.7991,2.1946,31.7679,2.1053,-0.2409,0.9926,STRATA_SYN_STRUCTURAL_ACCELERATING_00369,STRUCTURAL_ACCELERATING,False,none
20.0,121.46,6.39,0.31,37.3,0.0,0.8086,0.0922,0.6585,0.8125,0.0615,0.536,-0.4663,0.4468,1.6959,3.164,0.4927,1.2919,0.7618,11.0,3.0,0.5263,-1.8151,0.4081,36.4409,0.3734,-0.0191,0.0989,STRATA_SYN_STRUCTURAL_ACCELERATING_00279,STRUCTURAL_ACCELERATING,False,none
7.0,81.81,13.63,0.31,44.6,0.0,0.7719,0.0751,0.6943,0.8406,0.0842,2.781,2.2754,2.9658,9.4111,3.384,3.3405,8.7084,0.9253,4.0,2.0,0.5,-24.0064,2.3628,-27.0811,2.3619,-0.0505,0.6237,STRATA_SYN_TEMPORALLY_INCONSISTENT_00137,TEMPORALLY_INCONSISTENT,False,none
20.0,375.94,19.79,0.25,28.33,0.0,0.805,0.0952,0.6705,0.8259,0.0829,0.665,-0.1232,1.9637,7.3228,11.012,1.2274,2.5656,0.3504,8.0,3.0,0.5263,2.0822,1.8525,6.1613,1.833,0.606,0.0502,STRATA_SYN_SEASONAL_ENVIRONMENTAL_00368,SEASONAL_ENVIRONMENTAL,False,none
18.0,358.9,21.11,0.28,42.76,0.0,0.7969,0.0943,0.6513,0.8123,0.0688,1.931,0.4757,4.923,17.7981,9.217,3.6563,10.9505,0.6153,9.0,3.0,0.5294,4.7276,4.7152,12.4975,4.6886,0.4911,0.0897,STRATA_SYN_SEASONAL_ENVIRONMENTAL_00466,SEASONAL_ENVIRONMENTAL,False,none
17.0,185.52,11.6,0.33,28.66,0.0,0.8103,0.0783,0.6792,0.8171,0.0482,0.657,-5.8365,3.4683,10.786,16.417,1.3219,2.4212,0.2245,2.0,1.0,0.5,2.7289,3.4422,316.5402,0.4996,0.7255,0.0,STRATA_SYN_SEASONAL_ENVIRONMENTAL_00140,SEASONAL_ENVIRONMENTAL,False,none
6.0,72.47,14.49,0.3,32.09,0.0,0.8026,0.0659,0.7403,0.7933,0.0487,2.529,0.9168,3.9701,11.8275,4.677,4.5068,11.8275,1.0,2.0,3.0,0.6,-22.9486,3.6519,657.1334,3.4175,-0.2972,0.0976,STRATA_SYN_STABLE_00177,STABLE,False,none
9.0,162.37,20.3,0.31,25.12,0.0,0.7812,0.0826,0.6526,0.773,0.0659,2.341,1.6284,3.8318,11.0734,4.73,6.8116,11.0734,1.0,7.0,6.0,0.5,0.9147,3.8296,-79.2221,3.7621,-0.8299,0.8935,STRATA_SYN_TEMPORALLY_INCONSISTENT_00223,TEMPORALLY_INCONSISTENT,False,none
12.0,72.93,6.63,0.25,25.1,0.0,0.8012,0.0818,0.6742,0.817,0.0552,3.01,2.8832,3.9326,14.4085,4.787,4.1132,9.0593,0.6287,6.0,3.0,0.5455,39.8603,3.0499,-249.0747,3.0193,-0.0697,0.0,STRATA_SYN_SEASONAL_ENVIRONMENTAL_00487,SEASONAL_ENVIRONMENTAL,True,seasonal_with_high_noise
8.0,145.82,20.83,0.36,33.9,0.0,0.7579,0.1017,0.6625,0.8076,0.0799,2.055,-0.9846,1.8006,6.5152,3.17,2.4474,4.0849,0.627,3.0,3.0,0.5714,1.7907,1.7853,-49.785,1.7462,-0.1235,0.7954,STRATA_SYN_STABLE_00224,STABLE,False,none
6.0,47.07,9.41,0.25,43.08,0.0,0.7771,0.059,0.6728,0.7758,0.0436,1.849,0.1243,1.1603,3.3383,1.805,1.4601,3.2828,0.9834,2.0,2.0,0.8,-3.3119,1.1511,-604.6063,1.0368,-0.1018,0.7798,STRATA_SYN_STRUCTURAL_MONOTONIC_00020,STRUCTURAL_MONOTONIC,True,short_sequence
11.0,232.63,23.26,0.34,34.18,0.0,0.7993,0.0939,0.6627,0.8363,0.0599,1.652,0.0511,1.6067,7.3165,4.429,1.7734,4.4554,0.609,5.0,5.0,0.6,-0.0278,1.6067,-3.9785,1.6051,-0.1082,0.9434,STRATA_SYN_STABLE_00076,STABLE,False,none
11.0,215.18,21.52,0.27,38.39,0.0,0.8064,0.0749,0.6709,0.8093,0.0569,2.075,-1.3421,4.234,16.8559,8.123,5.3426,12.8085,0.7599,8.0,6.0,0.5,6.3183,4.0672,31.0769,4.0391,-0.1327,0.9497,STRATA_SYN_ATMOSPHERIC_TRANSIENT_00474,ATMOSPHERIC_TRANSIENT,False,none
22.0,159.05,7.57,0.32,30.16,0.0,0.8201,0.0873,0.6503,0.8215,0.0734,3.158,0.5938,7.0165,26.5625,8.411,3.7649,9.3792,0.3531,14.0,1.0,0.5714,-45.458,3.6624,-172.2588,3.4128,0.7765,0.0,STRATA_SYN_SEASONAL_ENVIRONMENTAL_00427,SEASONAL_ENVIRONMENTAL,True,seasonal_with_high_noise
10.0,203.14,22.57,0.31,34.7,0.0,0.817,0.0836,0.6521,0.7972,0.0557,1.23,0.4474,1.4867,5.3386,4.34,1.4754,3.5305,0.6613,4.0,2.0,0.5556,-2.6693,1.4094,61.1392,1.1253,0.2998,0.5381,STRATA_SYN_ATMOSPHERIC_TRANSIENT_00346,ATMOSPHERIC_TRANSIENT,False,none
8.0,118.41,16.92,0.29,32.13,0.0,0.8638,0.0772,0.674,0.8631,0.0504,2.387,-0.9265,2.9828,9.1021,3.813,1.5828,3.4571,0.3798,2.0,1.0,0.8571,-24.0657,1.5361,-254.9423,0.885,0.4972,0.0,STRATA_SYN_SEASONAL_ENVIRONMENTAL_00330,SEASONAL_ENVIRONMENTAL,True,short_seasonal_sequence
19.0,190.93,10.61,0.3,30.08,0.0,0.8018,0.0894,0.6531,0.8171,0.0714,1.738,-1.9699,3.4517,14.2977,8.227,5.1062,9.8695,0.6903,17.0,14.0,0.5,2.5154,3.4285,142.1259,3.0315,-0.2975,0.8843,STRATA_SYN_TEMPORALLY_INCONSISTENT_00338,TEMPORALLY_INCONSISTENT,False,none
15.0,310.05,22.15,0.29,38.9,0.0,0.7979,0.0943,0.6632,0.7986,0.0524,1.718,0.1131,3.226,10.3597,6.03,2.8189,7.2236,0.6973,7.0,3.0,0.5,-0.7761,3.2196,51.4951,2.8111,0.4397,0.278,STRATA_SYN_SEASONAL_ENVIRONMENTAL_00410,SEASONAL_ENVIRONMENTAL,False,none
20.0,325.32,17.12,0.27,33.9,0.0,0.1695,0.0371,0.1054,0.1877,0.0454,3.335,0.444,3.1542,13.7824,4.133,4.0756,10.6647,0.7738,14.0,10.0,0.5263,0.1363,3.1539,3.9403,3.1513,-0.17,0.9443,STRATA_SYN_LOW_QUALITY_00016,LOW_QUALITY,False,none
18.0,354.25,20.84,0.22,43.75,0.0,0.7804,0.0827,0.6674,0.7871,0.0624,1.836,-0.66,1.9482,7.4875,4.078,2.8035,5.319,0.7104,13.0,12.0,0.5294,-0.2359,1.947,11.4422,1.895,-0.2337,0.8863,STRATA_SYN_STRUCTURAL_MONOTONIC_00139,STRUCTURAL_MONOTONIC,True,weak_structural_near_noise
18.0,120.88,7.11,0.29,42.07,0.0,0.8006,0.0878,0.6517,0.807,0.0725,2.465,0.3917,1.8725,7.5529,3.064,2.8329,7.5529,1.0,13.0,14.0,0.4706,1.085,1.8692,-31.2579,1.8639,-0.6601,0.6625,STRATA_SYN_STRUCTURAL_ACCELERATING_00472,STRUCTURAL_ACCELERATING,False,none
7.0,69.88,11.65,0.32,40.0,0.0,0.146,0.0308,0.1201,0.1551,0.0455,4.823,-0.7862,3.7247,11.9905,2.486,3.1905,6.8111,0.568,2.0,1.0,0.5,40.1231,2.7017,936.4227,2.1401,0.4918,0.0,STRATA_SYN_LOW_QUALITY_00053,LOW_QUALITY,False,none
22.0,280.84,13.37,0.25,34.78,0.0,0.799,0.082,0.6642,0.8172,0.0665,1.795,-1.7102,6.2089,20.2342,11.273,3.1515,6.8461,0.3383,9.0,3.0,0.4762,2.6836,6.1775,-94.2934,5.746,0.8048,0.2706,STRATA_SYN_SEASONAL_ENVIRONMENTAL_00021,SEASONAL_ENVIRONMENTAL,False,none
16.0,133.89,8.93,0.28,31.07,0.0,0.8073,0.0816,0.6608,0.8538,0.0756,2.374,-4.8315,7.2907,20.2669,8.537,3.257,11.7538,0.58,8.0,2.0,0.7333,-3.3787,7.2807,1228.2677,2.2191,0.6904,0.3343,STRATA_SYN_SEASONAL_ENVIRONMENTAL_00058,SEASONAL_ENVIRONMENTAL,True,strong_seasonal_amplitude
6.0,115.13,23.03,0.28,32.02,0.0,0.7525,0.0684,0.6879,0.7911,0.0349,1.761,-1.5061,1.1047,3.2003,1.817,2.1604,3.2003,1.0,4.0,2.0,0.6,-1.179,1.0974,-36.1555,1.0827,-0.8308,0.709,STRATA_SYN_STABLE_00474,STABLE,True,short_sequence
11.0,100.77,10.08,0.3,34.55,0.0,0.8542,0.0597,0.7311,0.8317,0.0433,2.096,-0.6251,2.8614,10.7667,5.137,3.6717,7.5636,0.7025,7.0,7.0,0.5,-13.2549,2.6177,-287.7461,2.4327,-0.2235,0.447,STRATA_SYN_STRUCTURAL_MONOTONIC_00326,STRUCTURAL_MONOTONIC,True,noise_reversal_edge
17.0,374.95,23.43,0.29,38.79,0.0,0.7963,0.0763,0.6779,0.8426,0.074,1.298,0.6389,4.0698,22.4053,17.261,3.9311,15.0575,0.6721,10.0,5.0,0.5625,4.8782,3.771,-2.1115,3.7699,-0.0758,0.7115,STRATA_SYN_ATMOSPHERIC_TRANSIENT_00251,ATMOSPHERIC_TRANSIENT,False,none
15.0,174.06,12.43,0.27,27.22,0.0,0.7941,0.0854,0.653,0.8146,0.079,2.421,0.211,2.6081,8.7881,3.63,3.8307,7.5562,0.8598,9.0,10.0,0.5,-5.8523,2.4624,19.2454,2.4555,-0.4248,0.5524,STRATA_SYN_STRUCTURAL_ACCELERATING_00028,STRUCTURAL_ACCELERATING,False,none
18.0,408.78,24.05,0.26,29.68,0.0,0.8666,0.0611,0.7087,0.8012,0.0583,2.425,7.6166,5.07,16.961,6.994,5.503,14.6849,0.8658,13.0,0.0,0.5294,9.8444,3.7938,20.3862,3.6429,-0.0224,0.0,STRATA_SYN_TEMPORALLY_INCONSISTENT_00398,TEMPORALLY_INCONSISTENT,False,none
7.0,106.58,17.76,0.29,40.49,0.0,0.7919,0.0792,0.6898,0.8588,0.0619,1.269,0.7444,1.6751,5.2375,4.127,2.8635,5.2375,1.0,4.0,5.0,0.6667,6.0812,1.5669,-18.3934,1.5651,-0.6948,0.4901,STRATA_SYN_STRUCTURAL_ACCELERATING_00221,STRUCTURAL_ACCELERATING,False,none
22.0,320.09,15.24,0.26,27.1,0.0,0.7947,0.0826,0.6854,0.827,0.0733,1.407,0.2703,2.1095,8.8878,6.317,1.8293,5.8868,0.6623,14.0,7.0,0.5714,1.2559,2.0832,47.6598,1.4567,0.3159,0.4275,STRATA_SYN_SEASONAL_ENVIRONMENTAL_00329,SEASONAL_ENVIRONMENTAL,False,none
19.0,147.94,8.22,0.25,36.7,0.0,0.7618,0.083,0.6509,0.7724,0.072,2.473,0.8506,2.3947,8.4021,3.398,2.7091,6.0557,0.7207,11.0,8.0,0.6111,0.7327,2.393,-5.1081,2.3928,0.0674,0.7531,STRATA_SYN_STABLE_00369,STABLE,False,none
22.0,345.86,16.47,0.29,35.94,0.0,0.7759,0.0692,0.6569,0.8375,0.0718,0.776,-0.0565,2.847,9.4644,12.196,1.1826,3.102,0.3278,9.0,4.0,0.5714,0.1884,2.8465,-72.6856,1.0409,0.7822,0.4747,STRATA_SYN_SEASONAL_ENVIRONMENTAL_00318,SEASONAL_ENVIRONMENTAL,False,none
19.0,407.58,22.64,0.23,33.15,0.0,0.8217,0.0856,0.6841,0.8049,0.0688,2.753,0.3361,4.0564,15.2741,5.548,3.6552,8.6017,0.5632,10.0,6.0,0.5556,-1.8879,4.0054,-7.0753,3.9889,0.4074,0.9013,STRATA_SYN_SEASONAL_ENVIRONMENTAL_00090,SEASONAL_ENVIRONMENTAL,False,none
18.0,119.21,7.01,0.31,41.77,0.0,0.8044,0.0837,0.6613,0.8031,0.0715,1.499,5.137,4.6067,15.2965,10.204,7.9796,11.7736,0.7697,16.0,7.0,0.5294,13.0729,4.4182,-196.2493,4.3323,-0.6519,0.4226,STRATA_SYN_TEMPORALLY_INCONSISTENT_00454,TEMPORALLY_INCONSISTENT,False,none
8.0,95.61,13.66,0.15,35.89,0.0,0.8019,0.0675,0.713,0.8454,0.0406,0.656,4.2196,3.5061,11.6655,17.783,1.8011,4.1295,0.354,2.0,1.0,0.8571,39.6466,0.8719,-177.718,0.6605,0.4844,0.0,STRATA_SYN_SEASONAL_ENVIRONMENTAL_00384,SEASONAL_ENVIRONMENTAL,True,short_seasonal_sequence
18.0,305.04,17.94,0.28,40.28,0.0,0.8346,0.0839,0.659,0.7956,0.0644,2.762,-2.9279,2.6517,9.8075,3.551,2.3795,7.7,0.7851,10.0,4.0,0.5882,-6.5477,2.0587,-23.6181,1.9421,0.3199,0.5267,STRATA_SYN_STRUCTURAL_ACCELERATING_00497,STRUCTURAL_ACCELERATING,False,none
15.0,91.84,6.56,0.23,34.94,0.0,0.1689,0.0477,0.1162,0.1819,0.0362,3.973,-0.6767,3.9336,13.4656,3.389,3.5311,9.0786,0.6742,6.0,7.0,0.7143,13.3598,3.7951,-592.8138,3.453,0.3825,0.5178,STRATA_SYN_LOW_QUALITY_00487,LOW_QUALITY,False,none
11.0,219.28,21.93,0.31,34.91,0.0,0.1532,0.043,0.1067,0.1616,0.0408,2.635,-0.5585,2.77,8.7407,3.317,2.8935,8.3834,0.9591,7.0,6.0,0.5,-4.9733,2.6044,54.5301,2.4552,0.1762,0.8529,STRATA_SYN_LOW_QUALITY_00313,LOW_QUALITY,False,none
15.0,122.55,8.75,0.31,28.81,0.0,0.8116,0.0848,0.7065,0.8341,0.0743,2.289,0.568,1.414,5.3405,2.333,2.02,3.8849,0.7274,10.0,8.0,0.6429,-4.2621,1.3438,6.2625,1.3434,-0.2646,0.9923,STRATA_SYN_STRUCTURAL_MONOTONIC_00011,STRUCTURAL_MONOTONIC,False,none
16.0,92.74,6.18,0.26,30.48,0.0,0.1717,0.045,0.1003,0.1726,0.0488,4.055,0.3103,3.1022,10.7218,2.644,3.0363,8.4307,0.7863,11.0,5.0,0.5333,-25.6078,2.3625,113.3581,2.3424,0.1428,0.2569,STRATA_SYN_LOW_QUALITY_00422,LOW_QUALITY,False,none
8.0,71.53,10.22,0.3,40.42,0.0,0.8038,0.0715,0.6771,0.8357,0.07,1.497,0.3373,1.1902,3.3748,2.254,1.8311,3.3748,1.0,5.0,6.0,0.4286,-2.7127,1.1774,-198.0876,1.1224,-0.5413,0.904,STRATA_SYN_STABLE_00123,STABLE,False,none
9.0,172.05,21.51,0.23,29.9,0.0,0.8271,0.0796,0.6851,0.8153,0.071,1.499,-0.492,0.9828,2.7306,1.822,1.2456,2.3303,0.8534,4.0,5.0,0.5,-2.3248,0.9173,3.8422,0.9165,-0.0814,0.4015,STRATA_SYN_STRUCTURAL_MONOTONIC_00023,STRUCTURAL_MONOTONIC,True,weak_structural_near_noise
18.0,346.4,20.38,0.22,29.95,0.0,0.8009,0.0908,0.66,0.8144,0.0745,0.623,-0.1994,2.5283,7.8367,12.579,1.0891,3.6156,0.4614,4.0,3.0,0.4706,5.3791,1.9918,6.0776,1.9789,0.8311,0.362,STRATA_SYN_SEASONAL_ENVIRONMENTAL_00356,SEASONAL_ENVIRONMENTAL,False,none
16.0,206.3,13.75,0.24,42.98,0.0,0.1636,0.0376,0.1013,0.1696,0.0459,2.893,0.3802,3.5923,14.1678,4.897,4.5589,11.0391,0.7792,11.0,10.0,0.5333,-5.6987,3.454,-24.956,3.4378,-0.1568,0.8975,STRATA_SYN_LOW_QUALITY_00237,LOW_QUALITY,False,none
8.0,108.76,15.54,0.41,44.3,0.0,0.8057,0.0791,0.6732,0.815,0.0737,2.519,1.0957,3.1262,10.4549,4.15,5.5939,10.4549,1.0,6.0,7.0,0.5714,3.3313,3.1092,-137.2746,3.0569,-0.7984,0.7678,STRATA_SYN_TEMPORALLY_INCONSISTENT_00499,TEMPORALLY_INCONSISTENT,False,none
16.0,100.37,6.69,0.29,40.16,0.0,0.7823,0.0836,0.6582,0.8548,0.0646,2.586,-0.1196,1.9317,8.4279,3.259,1.8123,4.5862,0.5442,10.0,5.0,0.5333,1.0288,1.9297,186.1886,1.8377,0.3364,0.7649,STRATA_SYN_STRUCTURAL_MONOTONIC_00314,STRUCTURAL_MONOTONIC,False,none
7.0,121.99,20.33,0.24,29.12,0.0,0.7774,0.0768,0.6582,0.8006,0.0791,1.313,0.1441,1.9341,6.6803,5.088,2.1707,4.5677,0.6838,2.0,2.0,0.5,-9.0948,1.6472,41.4984,1.6322,0.1542,0.814,STRATA_SYN_ATMOSPHERIC_TRANSIENT_00120,ATMOSPHERIC_TRANSIENT,False,none
16.0,122.39,8.16,0.26,44.84,0.0,0.8009,0.0799,0.6672,0.8345,0.065,1.372,1.4632,3.5327,11.8636,8.647,5.8876,11.8636,1.0,14.0,10.0,0.5333,-5.5994,3.4861,-38.3689,3.4814,-0.549,0.4705,STRATA_SYN_TEMPORALLY_INCONSISTENT_00240,TEMPORALLY_INCONSISTENT,False,none
18.0,338.66,19.92,0.25,40.76,0.0,0.8227,0.1048,0.6511,0.8146,0.064,1.379,1.1674,2.6211,9.3406,6.773,3.5418,6.3102,0.6756,14.0,12.0,0.5294,0.8519,2.61,38.4413,2.222,-0.2145,0.5028,STRATA_SYN_TEMPORALLY_INCONSISTENT_00357,TEMPORALLY_INCONSISTENT,False,none
20.0,356.61,18.77,0.25,34.28,0.0,0.7795,0.0885,0.6607,0.8333,0.0585,2.172,-2.9999,3.0283,12.8544,5.918,2.426,6.119,0.476,15.0,4.0,0.4737,-8.1665,1.8197,-7.1809,1.7979,0.3791,0.2019,STRATA_SYN_STRUCTURAL_ACCELERATING_00177,STRUCTURAL_ACCELERATING,False,none
18.0,392.42,23.08,0.27,28.07,0.0,0.8211,0.0804,0.662,0.794,0.0561,1.935,-0.8865,3.1587,12.0047,6.204,3.1857,10.6286,0.8854,8.0,7.0,0.5882,4.6106,2.7724,-6.2732,2.7561,0.0435,0.4368,STRATA_SYN_ATMOSPHERIC_TRANSIENT_00261,ATMOSPHERIC_TRANSIENT,False,none
18.0,400.14,23.54,0.26,34.12,0.0,0.8498,0.0763,0.6592,0.8297,0.0626,2.723,-0.1139,3.0809,11.3611,4.172,4.1045,11.3611,1.0,11.0,11.0,0.4706,-0.7458,3.0708,8.2502,3.0431,-0.4716,0.6666,STRATA_SYN_STABLE_00276,STABLE,False,none
16.0,105.48,7.03,0.26,36.32,0.0,0.1667,0.0345,0.1059,0.157,0.0426,3.82,-0.2009,3.3321,14.067,3.682,3.5246,8.8109,0.6264,8.0,7.0,0.5333,8.4321,3.2457,-283.4499,3.0884,0.0824,0.7119,STRATA_SYN_LOW_QUALITY_00190,LOW_QUALITY,False,none
9.0,59.01,7.38,0.23,41.42,0.0,0.7752,0.067,0.7061,0.8173,0.0603,2.101,-1.5991,1.6309,5.2602,2.504,2.1047,3.4697,0.6596,5.0,2.0,0.5,-6.3068,1.5975,671.2961,1.3832,0.0854,0.5105,STRATA_SYN_STRUCTURAL_MONOTONIC_00375,STRUCTURAL_MONOTONIC,False,none
14.0,208.03,16.0,0.26,44.41,0.0,0.1667,0.0329,0.1073,0.1751,0.0451,4.59,1.9089,4.4038,15.7555,3.433,4.5833,15.6995,0.9964,6.0,5.0,0.5385,8.8234,4.1196,53.4489,4.0526,-0.0253,0.4895,STRATA_SYN_LOW_QUALITY_00204,LOW_QUALITY,False,none
11.0,178.94,17.89,0.27,38.15,0.0,0.7721,0.0596,0.6941,0.8561,0.076,0.975,-0.5691,1.9466,8.3872,8.602,2.3047,5.8028,0.6919,5.0,6.0,0.5,-2.3651,1.912,-17.1059,1.9034,0.0147,0.9128,STRATA_SYN_ATMOSPHERIC_TRANSIENT_00228,ATMOSPHERIC_TRANSIENT,False,none
19.0,301.52,16.75,0.32,26.76,0.0,0.8013,0.0877,0.6579,0.8391,0.07,0.997,0.0973,1.1088,4.4841,4.498,1.0828,3.1298,0.698,10.0,7.0,0.5556,-1.1444,1.0709,4.6562,1.0629,-0.0004,0.0973,STRATA_SYN_STABLE_00087,STABLE,False,none
8.0,162.76,23.25,0.19,29.54,0.0,0.7931,0.0874,0.6738,0.8548,0.066,2.052,-1.6228,2.0658,7.449,3.63,2.0501,4.883,0.6555,5.0,1.0,0.5714,-9.8279,1.4879,6.2745,1.4868,0.0089,0.0,STRATA_SYN_STRUCTURAL_ACCELERATING_00232,STRUCTURAL_ACCELERATING,False,none
23.0,234.07,10.64,0.25,38.38,0.0,0.7996,0.0776,0.668,0.8209,0.0755,2.45,-1.1894,3.4075,14.5617,5.944,2.6417,8.4534,0.5805,14.0,4.0,0.5,-0.6886,3.4049,-124.9221,2.6938,0.483,0.4266,STRATA_SYN_SEASONAL_ENVIRONMENTAL_00418,SEASONAL_ENVIRONMENTAL,False,none
11.0,205.08,20.51,0.29,42.1,0.0,0.8216,0.0742,0.6935,0.8534,0.0851,2.207,4.7484,4.742,15.1242,6.853,7.7768,11.8752,0.7852,9.0,6.0,0.5,12.1531,4.2215,39.7624,4.1851,-0.3605,0.7655,STRATA_SYN_TEMPORALLY_INCONSISTENT_00093,TEMPORALLY_INCONSISTENT,False,none
18.0,339.03,19.94,0.32,40.04,0.0,0.8262,0.0775,0.6887,0.8283,0.0769,1.73,-0.1894,1.5692,5.1843,2.997,2.0509,4.3708,0.8431,11.0,8.0,0.5294,-1.3594,1.5211,-7.1494,1.4996,-0.1546,0.9259,STRATA_SYN_STABLE_00401,STABLE,False,none
12.0,140.73,12.79,0.27,31.79,0.0,0.7939,0.1009,0.6559,0.8359,0.0597,2.329,-0.2321,3.8188,16.1066,6.916,4.3876,11.0571,0.6865,7.0,4.0,0.5455,5.8134,3.7537,-93.4158,3.7047,0.0319,0.9948,STRATA_SYN_ATMOSPHERIC_TRANSIENT_00122,ATMOSPHERIC_TRANSIENT,False,none
11.0,70.04,7.0,0.31,29.9,0.0,0.7744,0.0608,0.6526,0.7844,0.0704,2.443,4.7292,3.8432,12.7078,5.202,4.6238,12.2612,0.9649,7.0,3.0,0.6,20.0688,3.6472,-105.9622,3.6431,-0.2974,0.41,STRATA_SYN_TEMPORALLY_INCONSISTENT_00391,TEMPORALLY_INCONSISTENT,False,none
19.0,247.6,13.76,0.2,36.8,0.0,0.9247,0.0271,0.8848,0.8292,0.07,1.677,0.0725,1.9995,9.0901,5.42,2.5584,9.0901,1.0,11.0,12.0,0.5556,1.2211,1.9836,19.634,1.9483,-0.211,0.9669,STRATA_SYN_ATMOSPHERIC_TRANSIENT_00338,ATMOSPHERIC_TRANSIENT,True,high_coherence_atmospheric
19.0,133.28,7.4,0.27,38.76,0.0,0.8123,0.0874,0.6518,0.8236,0.0798,2.536,0.8402,2.7059,12.3367,4.865,3.6729,9.6811,0.7847,13.0,11.0,0.5,-0.4806,2.7054,-145.4008,2.5851,-0.2998,0.9186,STRATA_SYN_STRUCTURAL_MONOTONIC_00079,STRUCTURAL_MONOTONIC,True,structural_with_atmospheric_spike
18.0,216.16,12.72,0.27,33.56,0.0,0.1719,0.0381,0.1075,0.1615,0.0443,4.45,-0.4495,5.1275,18.2442,4.1,6.9993,17.1693,0.9411,11.0,10.0,0.6471,1.0637,5.1239,-40.5924,5.0897,-0.3174,0.6553,STRATA_SYN_LOW_QUALITY_00331,LOW_QUALITY,False,none
20.0,422.43,22.23,0.16,37.55,0.0,0.8159,0.0804,0.658,0.8017,0.0731,0.603,0.359,5.9236,17.7563,29.447,3.3501,5.4624,0.3076,3.0,4.0,0.5263,-3.0864,5.8236,-8.0446,5.8069,0.7304,0.4567,STRATA_SYN_SEASONAL_ENVIRONMENTAL_00256,SEASONAL_ENVIRONMENTAL,False,none
7.0,125.62,20.94,0.29,29.73,0.0,0.7634,0.0904,0.651,0.8315,0.0574,0.674,1.5049,2.4956,6.709,9.954,3.8463,6.709,1.0,4.0,3.0,0.5,-2.1953,2.4829,-201.8396,2.1998,-0.5523,0.9407,STRATA_SYN_ATMOSPHERIC_TRANSIENT_00239,ATMOSPHERIC_TRANSIENT,False,none
17.0,146.21,9.14,0.32,40.85,0.0,0.1811,0.0368,0.122,0.1852,0.0456,4.351,1.3128,3.753,13.7394,3.158,4.7296,13.7394,1.0,10.0,9.0,0.5625,10.0257,3.5461,-77.6601,3.5081,-0.2322,0.1939,STRATA_SYN_LOW_QUALITY_00337,LOW_QUALITY,False,none
14.0,243.1,18.7,0.21,29.45,0.0,0.1753,0.0392,0.1008,0.1772,0.0459,2.855,-2.0588,2.9021,10.4497,3.66,2.8691,5.5444,0.5306,9.0,5.0,0.5385,6.7746,2.5415,-61.8591,2.2567,0.2336,0.129,STRATA_SYN_LOW_QUALITY_00341,LOW_QUALITY,False,none
8.0,43.99,6.28,0.32,26.36,0.0,0.1492,0.0239,0.1117,0.186,0.0248,3.846,-0.1006,2.7948,7.4793,1.945,3.6957,6.279,0.8395,3.0,4.0,0.5714,-18.2962,2.7004,-1718.6352,2.4331,-0.155,0.8108,STRATA_SYN_LOW_QUALITY_00459,LOW_QUALITY,False,none
6.0,53.23,10.65,0.29,36.09,0.0,0.9057,0.0294,0.8636,0.8121,0.0861,2.825,-0.8123,2.106,5.36,1.897,3.198,5.36,1.0,3.0,3.0,0.6,-22.5242,1.7869,162.0305,1.7785,-0.3731,0.3229,STRATA_SYN_STABLE_00186,STABLE,True,short_sequence
10.0,169.49,18.83,0.25,38.86,0.0,0.8082,0.0766,0.7182,0.8216,0.0625,2.756,0.6721,4.9155,16.4118,5.955,4.1052,7.8477,0.4782,5.0,2.0,0.5556,-1.7433,4.9087,-463.2048,2.0275,0.2946,0.5601,STRATA_SYN_SEASONAL_ENVIRONMENTAL_00036,SEASONAL_ENVIRONMENTAL,False,none
14.0,178.19,13.71,0.29,37.41,0.0,0.8087,0.0676,0.6818,0.8314,0.0847,2.229,-1.8436,4.5383,18.1302,8.134,3.7587,10.7949,0.5954,7.0,8.0,0.5385,13.1001,4.0811,18.6814,4.0767,0.4286,0.9278,STRATA_SYN_ATMOSPHERIC_TRANSIENT_00111,ATMOSPHERIC_TRANSIENT,False,none
13.0,153.71,12.81,0.31,30.83,0.0,0.8157,0.0821,0.6759,0.8154,0.0654,1.509,0.0349,1.7177,6.2813,4.163,2.2286,4.309,0.686,6.0,6.0,0.5,-2.5192,1.6855,20.041,1.6786,-0.0667,0.9702,STRATA_SYN_STRUCTURAL_ACCELERATING_00500,STRUCTURAL_ACCELERATING,False,none
19.0,242.07,13.45,0.24,25.51,0.0,0.7965,0.0811,0.6735,0.8123,0.0746,1.073,-1.63,5.8347,18.4887,17.231,2.1455,4.1997,0.2271,6.0,2.0,0.6667,-7.2108,5.6505,301.4875,1.487,0.8074,0.2284,STRATA_SYN_SEASONAL_ENVIRONMENTAL_00187,SEASONAL_ENVIRONMENTAL,False,none
20.0,212.16,11.17,0.21,40.86,0.0,0.7959,0.085,0.6704,0.8132,0.0757,1.824,-1.6751,2.2095,9.6718,5.303,2.8765,6.2456,0.6458,11.0,6.0,0.5263,-3.8458,2.1032,-13.12,2.0954,-0.0401,0.8368,STRATA_SYN_STRUCTURAL_MONOTONIC_00391,STRUCTURAL_MONOTONIC,False,none
16.0,99.17,6.61,0.25,37.77,0.0,0.8023,0.1058,0.6629,0.8466,0.0576,1.133,0.7469,0.6921,2.3627,2.085,0.9663,2.0465,0.8662,9.0,4.0,0.5333,2.493,0.6601,-0.6585,0.6601,-0.2604,0.3304,STRATA_SYN_STRUCTURAL_MONOTONIC_00056,STRUCTURAL_MONOTONIC,False,none
10.0,174.35,19.37,0.23,38.1,0.0,0.1582,0.0353,0.12,0.1624,0.0457,3.148,0.0827,2.2034,7.862,2.497,1.8622,5.8633,0.7458,3.0,5.0,0.6667,-8.54,1.7758,-42.7237,1.7212,0.0371,0.0,STRATA_SYN_LOW_QUALITY_00246,LOW_QUALITY,False,none
6.0,104.14,20.83,0.24,26.79,0.0,0.734,0.0225,0.6984,0.8151,0.0639,1.059,-0.1845,0.917,3.1611,2.985,1.3132,3.1611,1.0,2.0,3.0,0.4,2.2044,0.8914,-40.9784,0.8758,-0.4908,0.9212,STRATA_SYN_STRUCTURAL_ACCELERATING_00466,STRUCTURAL_ACCELERATING,False,none
6.0,73.61,14.72,0.13,37.43,0.0,0.7649,0.0583,0.6827,0.799,0.0567,2.017,1.5718,2.1544,6.9821,3.462,2.7654,6.9821,1.0,2.0,2.0,0.4,5.5643,2.1201,181.6858,2.0879,-0.5564,0.4874,STRATA_SYN_STRUCTURAL_MONOTONIC_00211,STRUCTURAL_MONOTONIC,True,noise_reversal_edge
19.0,425.98,23.67,0.28,29.19,0.0,0.8007,0.0743,0.6564,0.8048,0.0664,2.533,4.2088,4.4217,18.9118,7.466,3.5268,8.664,0.4581,13.0,5.0,0.5,9.7413,2.7556,-3.6495,2.748,0.426,0.2794,STRATA_SYN_STRUCTURAL_MONOTONIC_00456,STRUCTURAL_MONOTONIC,False,none
16.0,178.07,11.87,0.23,44.98,0.0,0.9265,0.0278,0.8814,0.8228,0.074,2.026,-0.7843,2.007,8.1203,4.008,2.5128,8.1203,1.0,10.0,9.0,0.6,-0.9356,2.0021,59.8513,1.9108,-0.4051,0.7764,STRATA_SYN_ATMOSPHERIC_TRANSIENT_00093,ATMOSPHERIC_TRANSIENT,True,high_coherence_atmospheric
12.0,177.82,16.17,0.27,32.79,0.0,0.7666,0.0723,0.6543,0.8264,0.0582,2.079,0.4611,3.1056,9.9855,4.803,5.6184,9.102,0.9115,10.0,10.0,0.5455,-1.1632,3.1005,65.9547,3.025,-0.6989,0.926,STRATA_SYN_TEMPORALLY_INCONSISTENT_00203,TEMPORALLY_INCONSISTENT,False,none
6.0,103.56,20.71,0.18,37.12,0.0,0.1961,0.0245,0.1586,0.1907,0.0442,3.516,-0.1928,3.0702,9.4137,2.677,3.5829,6.7827,0.7205,3.0,3.0,0.6,13.4198,2.7807,411.3534,2.2405,0.1232,0.7052,STRATA_SYN_LOW_QUALITY_00042,LOW_QUALITY,False,none
13.0,123.66,10.3,0.27,33.87,0.0,0.1672,0.044,0.1105,0.1687,0.0496,4.706,-0.0517,4.2128,16.9615,3.604,4.8682,12.1515,0.7164,6.0,6.0,0.5,5.0537,4.1787,-249.1467,3.992,0.1326,0.807,STRATA_SYN_LOW_QUALITY_00100,LOW_QUALITY,False,none
15.0,288.04,20.57,0.3,34.01,0.0,0.1685,0.043,0.1029,0.1801,0.0472,3.701,-1.473,4.1576,15.9754,4.317,4.8268,15.7785,0.9877,8.0,6.0,0.5714,0.6088,4.155,-6.954,4.151,-0.1306,0.7178,STRATA_SYN_LOW_QUALITY_00181,LOW_QUALITY,False,none
19.0,112.13,6.23,0.28,28.17,0.0,0.7786,0.0855,0.6654,0.8174,0.0693,2.596,-1.8547,3.8957,19.0524,7.339,4.2158,11.0369,0.5793,11.0,8.0,0.5,-1.334,3.8937,352.8914,3.6434,0.2067,0.9587,STRATA_SYN_ATMOSPHERIC_TRANSIENT_00101,ATMOSPHERIC_TRANSIENT,False,none
17.0,230.95,14.43,0.31,42.95,0.0,0.8046,0.0913,0.6669,0.8112,0.0699,0.993,-0.0806,5.4096,17.1611,17.282,2.2871,4.7487,0.2767,3.0,2.0,0.5,-2.9326,5.3798,311.1775,1.4607,0.7518,0.3439,STRATA_SYN_SEASONAL_ENVIRONMENTAL_00372,SEASONAL_ENVIRONMENTAL,False,none
7.0,38.35,6.39,0.24,42.43,0.0,0.8311,0.0725,0.7271,0.7909,0.0822,1.674,2.2209,3.3253,9.102,5.437,6.2348,9.102,1.0,5.0,5.0,0.5,16.3139,3.2762,-1830.4263,3.1283,-0.8102,0.5447,STRATA_SYN_TEMPORALLY_INCONSISTENT_00164,TEMPORALLY_INCONSISTENT,False,none
15.0,129.72,9.27,0.31,31.08,0.0,0.1919,0.0322,0.1316,0.1678,0.0384,3.762,-0.7432,4.2099,13.7717,3.661,3.7541,8.5324,0.6196,9.0,9.0,0.5,11.4338,4.0177,-393.259,3.4325,0.3409,0.3508,STRATA_SYN_LOW_QUALITY_00077,LOW_QUALITY,False,none
24.0,209.14,9.09,0.23,32.08,0.0,0.8422,0.0626,0.7074,0.8262,0.0759,2.15,0.1433,4.7932,14.9034,6.932,2.643,5.7791,0.3878,12.0,7.0,0.5217,9.544,4.5015,-195.4583,3.6835,0.7622,0.519,STRATA_SYN_SEASONAL_ENVIRONMENTAL_00132,SEASONAL_ENVIRONMENTAL,False,none
17.0,216.94,13.56,0.26,39.62,0.0,0.7842,0.0994,0.6521,0.8286,0.0701,2.432,-3.6613,3.1162,13.0404,5.362,2.842,6.2678,0.4806,11.0,3.0,0.5625,-11.7775,2.2669,85.1167,1.8901,0.2279,0.0834,STRATA_SYN_STRUCTURAL_MONOTONIC_00007,STRUCTURAL_MONOTONIC,False,none
15.0,243.75,17.41,0.31,27.71,0.0,0.7798,0.0872,0.6565,0.8299,0.0714,2.292,-1.8671,2.3489,9.4507,4.123,1.7866,5.3657,0.5678,7.0,1.0,0.5714,-7.7408,1.7261,31.6504,1.62,0.3758,0.0,STRATA_SYN_STRUCTURAL_ACCELERATING_00049,STRUCTURAL_ACCELERATING,False,none
6.0,88.54,17.71,0.34,42.46,0.0,0.7551,0.0539,0.6985,0.8291,0.0621,2.301,-1.229,0.9777,2.8162,1.224,1.4987,2.8162,1.0,4.0,2.0,0.6,-6.1169,0.8353,94.3357,0.7886,-0.2661,0.6764,STRATA_SYN_STRUCTURAL_MONOTONIC_00372,STRUCTURAL_MONOTONIC,False,none
10.0,121.61,13.51,0.24,26.92,0.0,0.8269,0.0843,0.6654,0.8363,0.0679,1.321,-1.6388,1.2146,3.845,2.911,1.5893,3.2698,0.8504,6.0,0.0,0.5556,1.3178,1.2065,95.4481,1.1089,-0.1367,0.0,STRATA_SYN_STRUCTURAL_ACCELERATING_00102,STRUCTURAL_ACCELERATING,False,none
6.0,88.46,17.69,0.28,30.32,0.0,0.1712,0.0344,0.1189,0.166,0.0392,4.827,0.5374,2.9666,9.1889,1.904,4.2805,7.9742,0.8678,2.0,4.0,0.4,11.3383,2.8146,-445.8086,2.4932,-0.4189,0.8678,STRATA_SYN_LOW_QUALITY_00220,LOW_QUALITY,False,none
19.0,228.57,12.7,0.32,43.86,0.0,0.8183,0.081,0.7011,0.8199,0.0699,2.427,-0.7507,2.9831,11.2349,4.629,2.0021,5.1104,0.4549,9.0,2.0,0.5556,3.6918,2.8988,-100.2065,2.4036,0.6328,0.2938,STRATA_SYN_SEASONAL_ENVIRONMENTAL_00317,SEASONAL_ENVIRONMENTAL,False,none
9.0,144.16,18.02,0.25,35.28,0.0,0.7878,0.07,0.6543,0.8601,0.0631,2.035,-0.8224,2.3653,7.0367,3.458,3.267,5.1468,0.7314,4.0,5.0,0.5,-5.7578,2.2488,41.2283,2.2296,-0.2677,0.0,STRATA_SYN_STRUCTURAL_MONOTONIC_00039,STRUCTURAL_MONOTONIC,False,none
20.0,343.5,18.08,0.25,29.95,0.0,0.8276,0.0662,0.6894,0.8532,0.0557,2.28,-1.9069,4.5534,17.3683,7.618,6.8961,11.454,0.6595,14.0,15.0,0.5789,-1.9344,4.5198,23.9115,4.4357,-0.477,0.5015,STRATA_SYN_TEMPORALLY_INCONSISTENT_00289,TEMPORALLY_INCONSISTENT,False,none
10.0,139.49,15.5,0.27,29.63,0.0,0.7934,0.0764,0.6967,0.8484,0.0606,2.739,-1.1184,3.3652,10.1072,3.69,3.7956,8.2686,0.8181,7.0,3.0,0.5556,13.7353,2.9227,285.8027,2.2439,0.092,0.3634,STRATA_SYN_SEASONAL_ENVIRONMENTAL_00114,SEASONAL_ENVIRONMENTAL,False,none
19.0,243.87,13.55,0.26,28.48,0.0,0.9245,0.0317,0.8802,0.8365,0.0663,1.697,-0.2413,2.8451,12.9608,7.637,3.0797,12.8244,0.9895,12.0,12.0,0.5,-2.5002,2.7992,42.1791,2.6897,-0.0984,0.9507,STRATA_SYN_ATMOSPHERIC_TRANSIENT_00291,ATMOSPHERIC_TRANSIENT,True,high_coherence_atmospheric
18.0,301.45,17.73,0.29,44.75,0.0,0.8017,0.1012,0.6529,0.8324,0.0598,1.159,-3.8755,2.1666,8.0425,6.939,1.2586,3.0425,0.3783,13.0,0.0,0.5294,-7.8533,0.8878,-8.5212,0.8545,0.6908,0.0,STRATA_SYN_STRUCTURAL_MONOTONIC_00303,STRUCTURAL_MONOTONIC,False,none
13.0,288.2,24.02,0.31,26.66,0.0,0.7645,0.0727,0.6689,0.8519,0.0597,2.02,-1.398,4.009,15.7363,7.79,3.7745,9.3781,0.596,5.0,5.0,0.6667,7.5116,3.557,-22.5542,3.505,0.3548,0.8744,STRATA_SYN_ATMOSPHERIC_TRANSIENT_00329,ATMOSPHERIC_TRANSIENT,False,none
16.0,165.65,11.04,0.33,35.46,0.0,0.1673,0.0433,0.1077,0.1689,0.0393,3.382,0.0234,3.9517,17.3379,5.127,4.5514,12.8132,0.739,9.0,8.0,0.5333,3.9174,3.9139,-121.727,3.7695,-0.071,0.8306,STRATA_SYN_LOW_QUALITY_00343,LOW_QUALITY,False,none
10.0,116.66,12.96,0.24,37.13,0.0,0.9451,0.0232,0.8919,0.8413,0.07,2.772,-2.4177,4.559,17.8052,6.423,4.3826,17.8052,1.0,3.0,3.0,0.6667,0.7727,4.5583,379.2785,4.2153,-0.0299,0.6697,STRATA_SYN_ATMOSPHERIC_TRANSIENT_00302,ATMOSPHERIC_TRANSIENT,True,high_coherence_atmospheric
17.0,134.61,8.41,0.3,38.33,0.0,0.1684,0.037,0.1082,0.1512,0.0322,3.079,-0.6476,3.6434,12.7411,4.138,3.9074,11.3115,0.8878,10.0,7.0,0.5,-0.4775,3.643,17.8093,3.6416,0.0388,0.0919,STRATA_SYN_LOW_QUALITY_00114,LOW_QUALITY,False,none
10.0,65.38,7.26,0.22,33.05,0.0,0.8066,0.0853,0.6736,0.8273,0.0747,2.978,-1.8836,3.0092,10.4075,3.495,2.6205,5.0765,0.4878,4.0,2.0,0.5556,11.8658,2.9309,1401.4594,2.128,0.4417,0.4934,STRATA_SYN_STRUCTURAL_ACCELERATING_00212,STRUCTURAL_ACCELERATING,False,none
13.0,182.2,15.18,0.29,41.17,0.0,0.7782,0.0699,0.6694,0.7813,0.058,2.468,0.3174,1.9552,6.6601,2.699,2.5869,5.0337,0.7558,8.0,9.0,0.6667,-4.8585,1.8032,-51.0474,1.7182,-0.2928,0.202,STRATA_SYN_STABLE_00370,STABLE,False,none
6.0,53.07,10.61,0.37,43.11,0.0,0.2196,0.0239,0.1689,0.1427,0.0349,2.893,-1.4222,2.6573,7.3989,2.558,4.052,6.8004,0.9191,4.0,4.0,0.6,28.6636,2.2502,-598.3662,2.159,-0.2952,0.7089,STRATA_SYN_LOW_QUALITY_00424,LOW_QUALITY,False,none
14.0,234.37,18.03,0.27,38.16,0.0,0.7967,0.0872,0.6565,0.8331,0.0686,1.2,0.7078,6.8543,18.4984,15.415,1.9073,5.5428,0.2996,2.0,1.0,0.5385,29.8888,3.4076,-124.9589,2.6059,0.8676,0.0,STRATA_SYN_SEASONAL_ENVIRONMENTAL_00210,SEASONAL_ENVIRONMENTAL,False,none
10.0,167.11,18.57,0.22,32.65,0.0,0.7949,0.0568,0.6929,0.8432,0.0562,2.968,1.1438,2.9847,10.7525,3.623,2.1702,8.6156,0.8013,2.0,1.0,0.5556,10.4425,2.5638,-97.1793,2.3958,0.4175,0.0,STRATA_SYN_STRUCTURAL_MONOTONIC_00319,STRUCTURAL_MONOTONIC,False,none
10.0,209.35,23.26,0.27,33.16,0.0,0.7867,0.0638,0.6891,0.827,0.0712,0.789,5.3525,3.511,10.9563,13.886,4.9018,7.3624,0.672,8.0,2.0,0.5556,11.5263,2.8091,-30.7998,2.7722,-0.2083,0.0609,STRATA_SYN_TEMPORALLY_INCONSISTENT_00028,TEMPORALLY_INCONSISTENT,False,none
8.0,73.48,10.5,0.34,28.14,0.0,0.8183,0.0873,0.7004,0.808,0.0798,2.662,-1.4936,2.3937,5.7741,2.169,1.8098,5.5014,0.9528,3.0,2.0,0.5714,-17.6979,2.0903,-303.2551,2.0095,0.3561,0.704,STRATA_SYN_STRUCTURAL_MONOTONIC_00488,STRUCTURAL_MONOTONIC,False,none
17.0,247.47,15.47,0.21,31.23,0.0,0.8027,0.0932,0.6632,0.8462,0.065,2.182,7.0519,5.3919,18.0661,8.28,5.2992,9.577,0.5301,12.0,4.0,0.625,20.7243,3.2416,43.7658,3.1311,0.3235,0.1313,STRATA_SYN_TEMPORALLY_INCONSISTENT_00259,TEMPORALLY_INCONSISTENT,False,none
12.0,249.72,22.7,0.29,33.91,0.0,0.8032,0.0869,0.6529,0.8075,0.0749,2.644,0.2483,3.996,12.1995,4.614,2.8846,6.5669,0.5383,8.0,4.0,0.5455,-14.1097,2.603,50.607,2.3897,0.6002,0.7253,STRATA_SYN_SEASONAL_ENVIRONMENTAL_00277,SEASONAL_ENVIRONMENTAL,True,seasonal_with_high_noise
20.0,356.67,18.77,0.3,32.07,0.0,0.7809,0.0809,0.6605,0.8323,0.0646,1.137,2.0581,1.4712,5.302,4.663,1.0978,3.8873,0.7332,13.0,0.0,0.5263,3.4358,1.0622,1.5818,1.0604,0.3632,0.0,STRATA_SYN_STRUCTURAL_ACCELERATING_00453,STRUCTURAL_ACCELERATING,False,none
8.0,70.79,10.11,0.27,33.59,0.0,0.81,0.0389,0.7466,0.8995,0.0491,2.223,4.0866,4.1059,12.0065,5.401,2.4855,5.6232,0.4683,2.0,1.0,0.8571,-59.7052,1.5587,-343.5324,1.4366,0.5102,0.0,STRATA_SYN_SEASONAL_ENVIRONMENTAL_00131,SEASONAL_ENVIRONMENTAL,True,short_seasonal_sequence
12.0,189.82,17.26,0.29,39.67,0.0,0.8005,0.09,0.6538,0.8535,0.0725,1.809,-2.6736,1.9034,5.6865,3.143,1.4434,3.6437,0.6408,8.0,0.0,0.4545,-9.2013,1.1684,-36.9887,1.0844,0.5251,0.0,STRATA_SYN_STRUCTURAL_MONOTONIC_00051,STRUCTURAL_MONOTONIC,False,none
10.0,161.39,17.93,0.2,43.67,0.0,0.7908,0.0952,0.6795,0.8152,0.0646,2.114,-0.5705,1.6963,5.8585,2.771,2.2745,3.3829,0.5774,6.0,5.0,0.5556,5.1387,1.5331,56.1133,1.4525,-0.0977,0.2987,STRATA_SYN_STRUCTURAL_ACCELERATING_00382,STRUCTURAL_ACCELERATING,True,accelerating_moderate_noise
8.0,150.05,21.44,0.23,41.35,0.0,0.7933,0.0806,0.673,0.8264,0.0653,0.736,-0.2021,1.1127,3.8367,5.213,1.0052,1.8888,0.4923,6.0,1.0,0.5714,-7.164,0.5564,4.5505,0.5553,0.1364,0.0,STRATA_SYN_STRUCTURAL_ACCELERATING_00094,STRUCTURAL_ACCELERATING,False,none
17.0,222.27,13.89,0.28,44.87,0.0,0.7957,0.0675,0.6654,0.8016,0.0757,1.707,-0.1244,2.2407,10.3745,6.078,2.3057,7.7648,0.7485,9.0,8.0,0.5625,-2.0843,2.2069,42.2382,2.1081,0.0406,0.7821,STRATA_SYN_ATMOSPHERIC_TRANSIENT_00137,ATMOSPHERIC_TRANSIENT,False,none
18.0,121.6,7.15,0.3,40.0,0.0,0.8096,0.059,0.7109,0.8488,0.0621,0.934,0.2655,1.8636,8.6144,9.223,2.1225,8.0799,0.938,10.0,11.0,0.4706,1.7251,1.8555,-13.3698,1.8545,-0.2529,0.8067,STRATA_SYN_ATMOSPHERIC_TRANSIENT_00447,ATMOSPHERIC_TRANSIENT,False,none
12.0,103.33,9.39,0.18,36.92,0.0,0.8258,0.0751,0.6882,0.8231,0.0596,3.0,0.2036,2.6773,8.1058,2.702,2.91,5.8527,0.722,6.0,6.0,0.6364,-8.6086,2.566,383.8821,2.1885,0.031,0.9821,STRATA_SYN_STABLE_00094,STABLE,True,elevated_noise_stable
13.0,86.05,7.17,0.22,44.93,0.0,0.8328,0.1023,0.6635,0.8188,0.0782,1.032,0.2237,1.2047,4.2347,4.103,1.0279,4.2347,1.0,8.0,2.0,0.5,-5.1766,1.1428,168.6501,1.0692,0.1877,0.4093,STRATA_SYN_STABLE_00425,STABLE,False,none
11.0,154.53,15.45,0.26,41.5,0.0,0.8091,0.1048,0.6648,0.8111,0.0627,2.227,1.2751,4.0354,13.7115,6.157,3.2923,8.2841,0.6042,5.0,4.0,0.5,-10.6559,3.7759,-362.82,2.4616,0.407,0.9492,STRATA_SYN_SEASONAL_ENVIRONMENTAL_00364,SEASONAL_ENVIRONMENTAL,False,none
16.0,211.85,14.12,0.27,41.7,0.0,0.7917,0.0899,0.6798,0.8353,0.0768,1.223,0.0208,1.3822,4.9615,4.057,1.646,3.4286,0.691,8.0,7.0,0.5333,1.6555,1.3502,3.0171,1.3495,0.0272,0.8464,STRATA_SYN_STABLE_00187,STABLE,False,none
20.0,307.19,16.17,0.31,36.8,0.0,0.7667,0.0827,0.65,0.8475,0.07,1.892,-0.6239,1.7533,6.6078,3.492,2.1188,6.21,0.9398,13.0,9.0,0.4737,-3.3664,1.5279,10.9171,1.4947,-0.1155,0.4553,STRATA_SYN_STRUCTURAL_ACCELERATING_00359,STRUCTURAL_ACCELERATING,False,none
10.0,82.11,9.12,0.31,40.89,0.0,0.7919,0.0935,0.6506,0.8384,0.0661,1.64,0.0817,3.7313,13.6703,8.336,4.5454,13.6703,1.0,8.0,4.0,0.5556,-9.1908,3.6728,-118.7599,3.6629,-0.4344,0.9496,STRATA_SYN_ATMOSPHERIC_TRANSIENT_00133,ATMOSPHERIC_TRANSIENT,False,none
16.0,107.68,7.18,0.37,27.37,0.0,0.8167,0.0816,0.6852,0.8129,0.0754,2.246,-1.5234,4.6749,21.0687,9.381,5.246,19.5958,0.9301,11.0,10.0,0.5333,3.5865,4.6635,429.2064,4.3972,-0.2153,0.9713,STRATA_SYN_ATMOSPHERIC_TRANSIENT_00323,ATMOSPHERIC_TRANSIENT,False,none
10.0,124.17,13.8,0.26,31.51,0.0,0.8095,0.0928,0.6735,0.828,0.0579,1.201,-0.3533,0.8109,2.6145,2.177,0.837,2.0733,0.793,3.0,4.0,0.4444,3.6881,0.7049,-68.6788,0.6086,0.1436,0.5886,STRATA_SYN_STRUCTURAL_MONOTONIC_00045,STRUCTURAL_MONOTONIC,False,none
8.0,59.04,8.43,0.3,42.55,0.0,0.8028,0.1112,0.6579,0.828,0.0688,0.695,2.607,2.9476,9.4053,13.533,5.098,7.0456,0.7491,6.0,2.0,0.5714,26.7052,2.5883,233.2004,2.5724,-0.5196,0.3194,STRATA_SYN_TEMPORALLY_INCONSISTENT_00087,TEMPORALLY_INCONSISTENT,False,none
7.0,89.04,14.84,0.23,34.12,0.0,0.7924,0.073,0.7089,0.8502,0.0473,1.356,-0.8788,2.71,8.3034,6.123,3.8977,7.2461,0.8727,3.0,3.0,0.5,-1.9181,2.7055,-121.8701,2.683,-0.1833,0.7681,STRATA_SYN_ATMOSPHERIC_TRANSIENT_00085,ATMOSPHERIC_TRANSIENT,False,none
19.0,367.38,20.41,0.31,35.89,0.0,0.7768,0.0905,0.6651,0.8439,0.0796,2.456,5.8194,3.9592,15.0407,6.124,6.0064,9.2682,0.6162,17.0,2.0,0.5,5.6918,3.554,-23.3354,3.4178,-0.3454,0.2414,STRATA_SYN_TEMPORALLY_INCONSISTENT_00183,TEMPORALLY_INCONSISTENT,False,none
14.0,114.93,8.84,0.31,25.62,0.0,0.7953,0.0859,0.6909,0.8263,0.0516,0.653,4.0699,3.5743,12.32,18.867,6.4744,9.7541,0.7917,12.0,4.0,0.5385,-4.01,3.5528,-36.1776,3.5495,-0.6563,0.4979,STRATA_SYN_TEMPORALLY_INCONSISTENT_00035,TEMPORALLY_INCONSISTENT,False,none
15.0,135.15,9.65,0.3,36.92,0.0,0.8098,0.0947,0.6529,0.8299,0.0617,2.94,-3.199,4.348,15.3083,5.207,6.115,11.4887,0.7505,13.0,8.0,0.5,-18.4937,3.7998,-174.1257,3.6629,-0.2867,0.4266,STRATA_SYN_TEMPORALLY_INCONSISTENT_00185,TEMPORALLY_INCONSISTENT,False,none
9.0,58.52,7.32,0.34,30.95,0.0,0.8298,0.083,0.6653,0.8323,0.0711,0.754,0.1429,0.6528,2.194,2.91,0.7454,2.0977,0.9561,2.0,3.0,0.5,-0.4391,0.6524,138.8468,0.6317,-0.1244,0.2822,STRATA_SYN_STRUCTURAL_ACCELERATING_00187,STRUCTURAL_ACCELERATING,True,accelerating_subtle_onset
11.0,216.45,21.65,0.32,43.25,0.0,0.7924,0.1038,0.6503,0.8265,0.0608,1.374,-0.412,2.9664,13.3483,9.715,3.6972,9.144,0.685,7.0,6.0,0.6,-1.9345,2.9442,36.4651,2.8894,-0.2104,0.9584,STRATA_SYN_ATMOSPHERIC_TRANSIENT_00337,ATMOSPHERIC_TRANSIENT,False,none
6.0,47.4,9.48,0.25,42.84,0.0,0.1724,0.0483,0.1005,0.1705,0.0305,2.903,-0.2304,2.2671,6.8695,2.366,3.363,5.9575,0.8672,3.0,3.0,0.6,-31.1598,1.8025,-614.2888,1.7264,-0.2492,0.4437,STRATA_SYN_LOW_QUALITY_00196,LOW_QUALITY,False,none
7.0,139.45,23.24,0.31,44.86,0.0,0.1861,0.0435,0.1036,0.1627,0.0439,3.217,-0.5101,3.353,10.0652,3.129,3.569,8.2657,0.8212,3.0,3.0,0.5,11.2917,3.0295,-228.4155,2.5707,0.2377,0.64,STRATA_SYN_LOW_QUALITY_00457,LOW_QUALITY,False,none
11.0,230.44,23.04,0.23,32.06,0.0,0.7703,0.0923,0.6702,0.8035,0.05,2.508,-2.7057,2.5467,9.1016,3.629,1.9285,3.3362,0.3666,5.0,1.0,0.7,-10.2101,1.53,69.5097,0.9234,0.4613,0.0,STRATA_SYN_STRUCTURAL_MONOTONIC_00454,STRUCTURAL_MONOTONIC,False,none
7.0,122.29,20.38,0.31,42.48,0.0,0.8204,0.0921,0.7302,0.8358,0.0509,2.927,-0.3966,1.511,5.18,1.77,2.6056,5.18,1.0,5.0,4.0,0.5,3.3463,1.4642,-48.2355,1.4409,-0.6745,0.8616,STRATA_SYN_STABLE_00475,STABLE,False,none
9.0,50.99,6.37,0.27,33.29,0.0,0.1496,0.0436,0.1058,0.1939,0.0406,4.765,-2.2707,4.9796,16.8825,3.543,4.6063,8.6272,0.511,3.0,3.0,0.625,16.3793,4.9252,3688.6382,3.6741,0.4564,0.9184,STRATA_SYN_LOW_QUALITY_00383,LOW_QUALITY,False,none
20.0,220.1,11.58,0.27,30.06,0.0,0.7885,0.0848,0.6631,0.8531,0.0688,1.623,0.1673,3.6473,18.5147,11.408,3.5779,15.7421,0.8502,10.0,7.0,0.6316,-2.8396,3.6103,-59.1922,3.5003,-0.133,0.651,STRATA_SYN_ATMOSPHERIC_TRANSIENT_00437,ATMOSPHERIC_TRANSIENT,False,none
10.0,195.46,21.72,0.25,42.02,0.0,0.7839,0.0843,0.6752,0.8311,0.076,1.211,-1.2792,1.0579,3.1839,2.629,1.0573,2.7468,0.8627,4.0,3.0,0.6667,-3.3674,0.8877,-23.4043,0.8351,0.0561,0.0,STRATA_SYN_STRUCTURAL_ACCELERATING_00047,STRUCTURAL_ACCELERATING,False,none
15.0,232.97,16.64,0.22,31.41,0.0,0.1827,0.0411,0.1102,0.178,0.0376,3.637,-0.4372,3.7674,11.9981,3.299,5.2908,11.9981,1.0,9.0,7.0,0.6429,-2.5873,3.7329,-27.6116,3.7026,-0.4269,0.6213,STRATA_SYN_LOW_QUALITY_00242,LOW_QUALITY,False,none
18.0,243.96,14.35,0.26,42.35,0.0,0.7987,0.0733,0.6585,0.845,0.0737,0.88,-0.1228,3.2799,18.1325,20.605,3.0926,12.6798,0.6993,13.0,8.0,0.5882,5.8042,3.0584,57.2834,2.8694,0.0255,0.999,STRATA_SYN_ATMOSPHERIC_TRANSIENT_00318,ATMOSPHERIC_TRANSIENT,False,none
10.0,189.74,21.08,0.32,42.52,0.0,0.8004,0.0963,0.6637,0.8523,0.0485,1.208,0.9121,6.2126,17.329,14.345,4.228,10.9606,0.6325,2.0,2.0,0.5556,17.9525,5.4554,250.4715,4.5309,0.6342,0.4825,STRATA_SYN_SEASONAL_ENVIRONMENTAL_00409,SEASONAL_ENVIRONMENTAL,False,none
16.0,340.26,22.68,0.27,38.28,0.0,0.8057,0.0875,0.6614,0.7874,0.0613,0.891,5.2572,3.7214,12.9926,14.582,5.1906,8.6065,0.6624,14.0,3.0,0.5333,5.0453,3.4302,-40.273,3.1019,-0.1455,0.1873,STRATA_SYN_TEMPORALLY_INCONSISTENT_00468,TEMPORALLY_INCONSISTENT,False,none
17.0,214.59,13.41,0.18,35.75,0.0,0.7884,0.0925,0.65,0.8141,0.0736,2.813,-0.0561,4.4,14.2222,5.056,4.4552,13.1477,0.9244,7.0,8.0,0.5625,4.7756,4.315,-146.8959,3.7608,0.0546,0.9391,STRATA_SYN_SEASONAL_ENVIRONMENTAL_00342,SEASONAL_ENVIRONMENTAL,False,none
17.0,355.15,22.2,0.2,37.68,0.0,0.8266,0.0749,0.7318,0.8423,0.0632,1.449,-0.3312,5.0238,28.6898,19.8,4.4215,16.2046,0.5648,9.0,8.0,0.5625,-6.1145,4.6821,0.5408,4.6821,-0.0525,0.9597,STRATA_SYN_ATMOSPHERIC_TRANSIENT_00072,ATMOSPHERIC_TRANSIENT,False,none
15.0,133.96,9.57,0.28,44.45,0.0,0.8052,0.0891,0.6596,0.8311,0.0786,1.25,-0.5193,2.9505,12.8202,10.256,2.9399,12.5096,0.9758,7.0,7.0,0.4286,1.4505,2.946,-60.9622,2.9255,-0.2083,0.8435,STRATA_SYN_ATMOSPHERIC_TRANSIENT_00461,ATMOSPHERIC_TRANSIENT,False,none
13.0,133.89,11.16,0.35,41.94,0.0,0.7567,0.08,0.6578,0.8557,0.0675,2.575,-0.9566,1.6062,5.7318,2.226,2.2243,5.3207,0.9283,10.0,6.0,0.5833,-4.2499,1.5311,26.021,1.5236,-0.1806,0.9211,STRATA_SYN_STRUCTURAL_ACCELERATING_00406,STRUCTURAL_ACCELERATING,False,none
16.0,157.97,10.53,0.29,36.81,0.0,0.7962,0.0767,0.6611,0.8423,0.0794,2.483,-0.3014,3.1246,14.3194,5.767,3.134,12.2989,0.8589,11.0,6.0,0.5333,-9.5635,2.8564,-103.4534,2.7383,0.1265,0.8549,STRATA_SYN_ATMOSPHERIC_TRANSIENT_00307,ATMOSPHERIC_TRANSIENT,False,none
15.0,123.46,8.82,0.32,25.66,0.0,0.8459,0.0889,0.656,0.8249,0.0608,1.531,-0.5326,1.3422,5.5094,3.599,1.2367,4.4879,0.8146,7.0,6.0,0.5,4.3263,1.2633,99.6626,1.1682,0.0921,0.6758,STRATA_SYN_STABLE_00494,STABLE,False,none
6.0,38.2,7.64,0.35,43.87,0.0,0.8511,0.1051,0.6945,0.8532,0.0839,2.33,-3.0854,3.7622,9.3956,4.032,6.3663,9.2337,0.9828,3.0,3.0,0.6,23.2423,3.6698,3607.7142,3.0933,-0.5756,0.6761,STRATA_SYN_ATMOSPHERIC_TRANSIENT_00339,ATMOSPHERIC_TRANSIENT,False,none
18.0,160.06,9.42,0.28,25.22,0.0,0.8297,0.0827,0.6594,0.8327,0.0706,2.076,5.6432,3.741,13.4603,6.484,4.3771,11.7011,0.8693,12.0,3.0,0.5882,13.9499,3.2418,-41.4475,3.2249,-0.2459,0.0,STRATA_SYN_TEMPORALLY_INCONSISTENT_00293,TEMPORALLY_INCONSISTENT,False,none
17.0,302.6,18.91,0.26,25.7,0.0,0.8067,0.077,0.6757,0.8121,0.0679,2.369,-1.7656,1.7468,6.378,2.692,1.7627,3.0849,0.4837,9.0,3.0,0.5625,-4.7793,1.2588,13.3262,1.1997,0.3112,0.1921,STRATA_SYN_STRUCTURAL_ACCELERATING_00239,STRUCTURAL_ACCELERATING,False,none
17.0,320.41,20.03,0.24,38.22,0.0,0.7944,0.0895,0.6626,0.8096,0.0595,2.173,0.8422,4.1773,13.5268,6.225,3.2714,9.1245,0.6745,10.0,7.0,0.6875,3.516,4.0689,26.0332,3.982,0.463,0.556,STRATA_SYN_SEASONAL_ENVIRONMENTAL_00223,SEASONAL_ENVIRONMENTAL,False,none
17.0,128.35,8.02,0.27,44.4,0.0,0.8074,0.0821,0.6567,0.8335,0.0632,1.547,0.1227,1.2599,4.788,3.095,1.742,3.0469,0.6364,12.0,11.0,0.5,1.9616,1.242,77.0513,1.177,-0.291,0.516,STRATA_SYN_STABLE_00342,STABLE,False,none
18.0,169.33,9.96,0.32,43.4,0.0,0.7694,0.0826,0.6678,0.8452,0.0709,2.537,0.3742,3.1186,10.143,3.998,3.1444,7.8622,0.7751,7.0,6.0,0.5294,3.9207,3.0688,16.9207,3.0651,0.2757,0.9736,STRATA_SYN_ATMOSPHERIC_TRANSIENT_00243,ATMOSPHERIC_TRANSIENT,False,none
7.0,107.83,17.97,0.23,30.42,0.0,0.8181,0.0801,0.7308,0.8161,0.0524,1.638,2.1546,3.4331,9.441,5.764,6.2056,9.441,1.0,5.0,2.0,0.5,-5.4011,3.3917,-423.5697,2.889,-0.6877,0.5823,STRATA_SYN_TEMPORALLY_INCONSISTENT_00046,TEMPORALLY_INCONSISTENT,False,none
6.0,40.47,8.09,0.3,43.74,0.0,0.8297,0.0817,0.6776,0.8245,0.0499,2.884,-1.4277,2.0878,6.0751,2.106,3.2793,5.4605,0.8988,3.0,2.0,0.6,18.7312,1.9618,-5.8852,1.9618,-0.3305,0.8303,STRATA_SYN_STABLE_00259,STABLE,True,short_sequence
13.0,112.52,9.38,0.26,38.87,0.0,0.1753,0.0461,0.1099,0.1687,0.0408,3.364,0.4784,3.1424,11.3408,3.371,4.0768,9.9898,0.8809,9.0,6.0,0.5,-1.3565,3.1397,36.3134,3.1362,-0.1796,0.9356,STRATA_SYN_LOW_QUALITY_00305,LOW_QUALITY,False,none
8.0,62.83,8.98,0.27,39.97,0.0,0.3293,0.0322,0.284,0.3656,0.0625,2.682,-0.5342,2.6135,9.1609,3.416,3.7827,7.1277,0.7781,4.0,4.0,0.7143,-10.0886,2.5505,-462.8556,2.4696,-0.2562,0.7569,STRATA_SYN_STRUCTURAL_MONOTONIC_00468,STRUCTURAL_MONOTONIC,True,low_coherence_structural
6.0,109.12,21.82,0.21,33.91,0.0,0.7951,0.1098,0.6608,0.8035,0.0656,1.394,3.0006,3.0818,7.9759,5.722,5.8063,7.4127,0.9294,4.0,4.0,0.6,11.3764,2.854,159.8413,2.7642,-0.7475,0.2107,STRATA_SYN_TEMPORALLY_INCONSISTENT_00430,TEMPORALLY_INCONSISTENT,False,none
16.0,280.82,18.72,0.27,26.54,0.0,0.7925,0.0764,0.6521,0.825,0.0626,1.899,-1.2121,2.4816,8.7176,4.591,2.7904,7.5576,0.8669,6.0,8.0,0.4667,1.4133,2.459,1.3631,2.4588,-0.0856,0.9466,STRATA_SYN_ATMOSPHERIC_TRANSIENT_00369,ATMOSPHERIC_TRANSIENT,False,none
19.0,354.28,19.68,0.18,39.45,0.0,0.8084,0.0879,0.66,0.832,0.0619,1.058,-0.5684,6.2502,18.4534,17.442,2.93,5.8867,0.319,5.0,3.0,0.5556,5.7538,6.0145,-29.1195,5.9073,0.7512,0.0407,STRATA_SYN_SEASONAL_ENVIRONMENTAL_00166,SEASONAL_ENVIRONMENTAL,False,none
10.0,74.16,8.24,0.24,25.11,0.0,0.8088,0.0923,0.6589,0.8421,0.0823,2.43,-0.9542,1.7063,6.0767,2.501,1.6416,4.2548,0.7002,5.0,5.0,0.5556,-17.2544,1.2954,-323.6397,1.1486,-0.0225,0.0,STRATA_SYN_STRUCTURAL_MONOTONIC_00440,STRUCTURAL_MONOTONIC,False,none
17.0,229.4,14.34,0.33,25.63,0.0,0.784,0.0887,0.6517,0.8413,0.0846,1.953,-0.3075,1.7265,6.1706,3.16,2.1357,4.2215,0.6841,11.0,9.0,0.5625,-4.2607,1.519,-8.9622,1.5118,-0.0323,0.2833,STRATA_SYN_STRUCTURAL_MONOTONIC_00171,STRUCTURAL_MONOTONIC,False,none
9.0,94.38,11.8,0.23,25.21,0.0,0.8046,0.0606,0.7169,0.839,0.0806,2.924,2.5512,1.5209,4.6499,1.59,1.9431,3.5233,0.7577,4.0,2.0,0.5,8.1804,1.3602,-10.9126,1.3597,0.0128,0.5535,STRATA_SYN_STRUCTURAL_MONOTONIC_00154,STRUCTURAL_MONOTONIC,False,none
9.0,147.52,18.44,0.24,39.8,0.0,0.8591,0.0784,0.6557,0.8278,0.0795,0.946,-1.1537,1.3307,4.1258,4.361,1.3773,2.8807,0.6982,4.0,1.0,0.625,-6.8131,0.9926,48.1369,0.9256,0.0267,0.0,STRATA_SYN_STRUCTURAL_MONOTONIC_00373,STRUCTURAL_MONOTONIC,False,none
20.0,143.89,7.57,0.25,34.21,0.0,0.7906,0.0748,0.6589,0.796,0.0646,0.992,1.1562,1.0922,5.0127,5.053,1.1577,3.7909,0.7563,8.0,4.0,0.5263,2.9973,1.0315,15.387,1.0268,-0.0014,0.512,STRATA_SYN_STRUCTURAL_ACCELERATING_00061,STRUCTURAL_ACCELERATING,False,none
8.0,109.07,15.58,0.24,40.97,0.0,0.7983,0.0648,0.7142,0.7816,0.0498,1.169,3.621,2.7855,8.3696,7.16,4.4176,6.4804,0.7743,6.0,1.0,0.5714,16.5044,2.2686,-94.5612,2.2342,-0.455,0.0,STRATA_SYN_TEMPORALLY_INCONSISTENT_00345,TEMPORALLY_INCONSISTENT,False,none
11.0,97.6,9.76,0.17,27.68,0.0,0.7748,0.0739,0.6655,0.7961,0.0603,2.221,-0.2908,1.7886,4.6945,2.114,2.7153,3.9599,0.8435,7.0,8.0,0.5,-2.4764,1.7763,203.9367,1.656,-0.4054,0.8489,STRATA_SYN_STABLE_00410,STABLE,False,none
12.0,239.05,21.73,0.23,26.92,0.0,0.799,0.0588,0.6877,0.8318,0.0863,0.924,-1.4421,7.0021,19.3509,20.943,2.4627,6.0025,0.3102,3.0,1.0,0.7273,-30.0176,3.3206,133.1854,2.2052,0.8221,0.0,STRATA_SYN_SEASONAL_ENVIRONMENTAL_00039,SEASONAL_ENVIRONMENTAL,False,none
17.0,272.15,17.01,0.29,36.77,0.0,0.8081,0.0964,0.6639,0.8489,0.0658,2.003,0.9828,2.3493,7.9417,3.965,3.1946,6.5894,0.8297,13.0,12.0,0.5625,3.3921,2.2181,34.4869,2.0697,-0.1833,0.5554,STRATA_SYN_STRUCTURAL_MONOTONIC_00187,STRUCTURAL_MONOTONIC,False,none
12.0,149.27,13.57,0.3,36.25,0.0,0.8281,0.0699,0.6942,0.81,0.0659,2.8,2.5417,5.1289,15.6262,5.581,9.114,14.4666,0.9258,10.0,6.0,0.5455,-5.7085,5.0769,-109.1555,5.0146,-0.6666,0.9411,STRATA_SYN_TEMPORALLY_INCONSISTENT_00221,TEMPORALLY_INCONSISTENT,False,none
10.0,208.68,23.19,0.18,43.64,0.0,0.8222,0.0889,0.6689,0.8114,0.0528,2.767,7.8186,4.2061,15.4776,5.594,5.1257,10.762,0.6953,8.0,1.0,0.5556,13.1123,3.4614,-7.168,3.4598,-0.3663,0.0,STRATA_SYN_TEMPORALLY_INCONSISTENT_00222,TEMPORALLY_INCONSISTENT,False,none
12.0,237.76,21.61,0.22,37.32,0.0,0.1592,0.0473,0.1038,0.1864,0.0479,4.613,-0.2472,5.5136,15.6635,3.396,6.8566,12.7563,0.8144,6.0,5.0,0.6364,-6.78,5.3375,74.0317,5.1595,-0.0984,0.0985,STRATA_SYN_LOW_QUALITY_00137,LOW_QUALITY,False,none
11.0,161.37,16.14,0.32,26.33,0.0,0.814,0.0689,0.725,0.8148,0.0561,1.72,-0.4634,2.0308,6.9508,4.041,2.8807,6.9466,0.9994,7.0,5.0,0.6,-0.9731,2.0263,13.59,2.0229,-0.3795,0.772,STRATA_SYN_STABLE_00413,STABLE,False,none
10.0,184.63,20.51,0.27,44.63,0.0,0.7889,0.0681,0.6536,0.8463,0.0618,1.976,0.8118,1.7582,5.9777,3.025,2.1229,3.764,0.6297,4.0,3.0,0.5556,-4.8287,1.5753,-6.9889,1.5733,0.0843,0.3042,STRATA_SYN_STABLE_00394,STABLE,False,none
18.0,393.39,23.14,0.24,41.69,0.0,0.8164,0.0759,0.6689,0.8373,0.0685,1.066,5.2379,3.1945,12.4053,11.637,4.5094,7.3696,0.5941,14.0,2.0,0.5294,4.175,2.8854,-1.9507,2.8839,-0.2141,0.1336,STRATA_SYN_TEMPORALLY_INCONSISTENT_00010,TEMPORALLY_INCONSISTENT,False,none
12.0,155.11,14.1,0.32,34.96,0.0,0.8019,0.0588,0.7139,0.8324,0.0698,2.745,-5.5531,3.015,9.1618,3.338,2.9731,6.9882,0.7628,6.0,0.0,0.6364,6.268,2.8974,278.0547,1.9013,0.1724,0.0,STRATA_SYN_SEASONAL_ENVIRONMENTAL_00125,SEASONAL_ENVIRONMENTAL,False,none
7.0,127.54,21.26,0.29,31.4,0.0,0.1791,0.0267,0.1402,0.1697,0.0523,3.206,-1.9513,4.1422,12.8514,4.009,6.3576,12.8514,1.0,3.0,4.0,0.5,-0.017,4.1422,232.5598,3.9104,-0.6365,0.8694,STRATA_SYN_LOW_QUALITY_00480,LOW_QUALITY,False,none
17.0,319.76,19.98,0.32,43.27,0.0,0.8034,0.0743,0.6713,0.8544,0.0628,1.732,0.0979,1.3509,4.6103,2.662,1.2917,2.501,0.5425,8.0,5.0,0.6875,-2.8351,1.1163,13.3317,1.0317,0.3431,0.1991,STRATA_SYN_STABLE_00397,STABLE,False,none
18.0,195.54,11.5,0.23,37.49,0.0,0.81,0.0936,0.6533,0.8338,0.0657,1.907,-2.483,2.3232,9.394,4.926,1.5226,3.679,0.3916,12.0,5.0,0.5882,-12.1875,1.2024,-41.4095,1.0973,0.5291,0.1266,STRATA_SYN_STRUCTURAL_MONOTONIC_00405,STRUCTURAL_MONOTONIC,False,none
11.0,165.67,16.57,0.24,44.77,0.0,0.7992,0.0849,0.669,0.8481,0.0705,0.512,-1.5647,2.553,7.8666,15.364,1.2012,2.5139,0.3196,3.0,1.0,0.7,12.3609,1.8355,190.7965,0.6027,0.7023,0.0,STRATA_SYN_SEASONAL_ENVIRONMENTAL_00169,SEASONAL_ENVIRONMENTAL,False,none
20.0,280.56,14.77,0.31,33.46,0.0,0.8319,0.0893,0.6514,0.8127,0.0623,1.648,5.4135,4.0872,15.7999,9.587,4.5438,7.6544,0.4845,18.0,3.0,0.5263,11.8461,3.0082,59.6366,2.6373,0.1173,0.0175,STRATA_SYN_TEMPORALLY_INCONSISTENT_00153,TEMPORALLY_INCONSISTENT,False,none
17.0,278.12,17.38,0.28,44.66,0.0,0.9349,0.0323,0.8887,0.8356,0.0679,2.928,-0.9687,4.3053,21.2022,7.241,4.7208,21.2022,1.0,11.0,8.0,0.5625,0.8727,4.3005,53.4613,4.1022,-0.2773,0.9953,STRATA_SYN_ATMOSPHERIC_TRANSIENT_00156,ATMOSPHERIC_TRANSIENT,True,high_coherence_atmospheric
17.0,360.57,22.54,0.28,25.33,0.0,0.8175,0.0811,0.6694,0.8043,0.0803,2.663,-1.5716,2.0849,6.2768,2.357,2.1019,5.6844,0.9056,11.0,5.0,0.5,-4.365,1.6131,10.1962,1.5591,0.1903,0.2352,STRATA_SYN_STRUCTURAL_MONOTONIC_00070,STRUCTURAL_MONOTONIC,False,none
16.0,354.86,23.66,0.25,42.16,0.0,0.7971,0.0977,0.6509,0.8313,0.0759,1.707,-0.6946,1.5832,5.4363,3.185,1.3648,3.8217,0.703,6.0,5.0,0.6,-0.556,1.5745,-7.289,1.5477,0.3866,0.4492,STRATA_SYN_STRUCTURAL_ACCELERATING_00449,STRUCTURAL_ACCELERATING,True,accelerating_subtle_onset
13.0,271.58,22.63,0.23,25.1,0.0,0.8288,0.0962,0.6682,0.8302,0.0822,2.504,-0.0466,2.0976,7.4474,2.974,2.5557,7.4474,1.0,7.0,5.0,0.5833,-2.2727,2.0303,6.2549,2.0249,-0.1151,0.6754,STRATA_SYN_STABLE_00400,STABLE,False,none
11.0,63.58,6.36,0.3,29.69,0.0,0.8297,0.0794,0.6514,0.8419,0.0545,3.12,-1.0056,5.4005,18.1842,5.828,2.6582,7.2343,0.3978,3.0,3.0,0.7,89.549,2.2477,213.9399,2.2293,0.6447,0.1587,STRATA_SYN_SEASONAL_ENVIRONMENTAL_00292,SEASONAL_ENVIRONMENTAL,True,seasonal_with_high_noise
19.0,357.06,19.84,0.23,40.07,0.0,0.8224,0.0916,0.6591,0.8263,0.0699,2.058,-0.2272,2.9177,13.1225,6.376,2.8907,8.1476,0.6209,8.0,7.0,0.6111,0.2357,2.9169,4.2213,2.9121,0.2254,0.9451,STRATA_SYN_ATMOSPHERIC_TRANSIENT_00004,ATMOSPHERIC_TRANSIENT,False,none
8.0,70.52,10.07,0.28,44.36,0.0,0.8015,0.0953,0.6767,0.8332,0.0651,2.614,-0.9196,2.3137,8.1282,3.109,3.0635,5.12,0.6299,5.0,4.0,0.5714,-13.0854,2.1616,-830.1853,1.6085,-0.1411,0.6731,STRATA_SYN_STRUCTURAL_ACCELERATING_00286,STRUCTURAL_ACCELERATING,False,none
12.0,231.01,21.0,0.32,43.66,0.0,0.8546,0.0768,0.6813,0.7934,0.0674,1.084,-2.4359,1.5242,4.9844,4.598,1.4909,3.1644,0.6349,8.0,1.0,0.5455,-6.1504,0.9099,4.4198,0.9066,0.2214,0.0,STRATA_SYN_STRUCTURAL_MONOTONIC_00430,STRUCTURAL_MONOTONIC,False,none
13.0,108.58,9.05,0.29,32.71,0.0,0.1728,0.0404,0.1101,0.1627,0.0379,3.685,-0.4568,3.3793,12.661,3.436,4.038,8.659,0.6839,6.0,5.0,0.5833,10.4018,3.2397,-274.9091,3.0661,0.0717,0.448,STRATA_SYN_LOW_QUALITY_00148,LOW_QUALITY,False,none
11.0,173.45,17.35,0.29,43.47,0.0,0.7923,0.0791,0.6761,0.8566,0.0672,0.948,-0.8456,0.8907,2.8135,2.968,0.7338,2.1499,0.7641,6.0,1.0,0.6,-3.5964,0.708,42.5002,0.5674,0.3347,0.0,STRATA_SYN_STRUCTURAL_ACCELERATING_00069,STRUCTURAL_ACCELERATING,False,none
13.0,130.77,10.9,0.24,25.83,0.0,0.8019,0.0836,0.6731,0.8226,0.0798,1.972,0.5538,3.9881,15.8806,8.053,5.8353,12.3209,0.7758,11.0,10.0,0.5,-16.0289,3.5634,-73.3902,3.5403,-0.3106,0.8,STRATA_SYN_TEMPORALLY_INCONSISTENT_00429,TEMPORALLY_INCONSISTENT,False,none
16.0,308.3,20.55,0.22,43.3,0.0,0.7864,0.0983,0.68,0.8101,0.0616,2.807,0.5786,3.3166,14.6943,5.235,3.9858,7.9335,0.5399,12.0,9.0,0.5333,3.9928,3.1508,27.5852,3.0408,0.059,0.6596,STRATA_SYN_STRUCTURAL_ACCELERATING_00388,STRUCTURAL_ACCELERATING,True,accelerating_subtle_onset
12.0,243.69,22.15,0.31,30.9,0.0,0.7906,0.0681,0.6945,0.8341,0.0551,2.963,-0.1778,2.3981,8.8663,2.992,3.3475,8.6526,0.9759,7.0,8.0,0.6364,-0.8687,2.3912,13.9973,2.3757,-0.4684,0.7219,STRATA_SYN_STABLE_00160,STABLE,False,none
7.0,83.62,13.94,0.33,44.02,0.0,0.7513,0.0891,0.666,0.7856,0.0614,0.915,-1.3761,3.0577,9.5183,10.403,3.9219,9.5183,1.0,3.0,4.0,0.6667,11.1628,2.9365,-9.578,2.9364,-0.3721,0.9888,STRATA_SYN_ATMOSPHERIC_TRANSIENT_00463,ATMOSPHERIC_TRANSIENT,False,none
14.0,279.42,21.49,0.28,26.63,0.0,0.7694,0.0639,0.6755,0.8535,0.0751,2.556,0.2784,3.6935,12.2949,4.81,2.6718,6.0374,0.491,8.0,4.0,0.6154,1.0451,3.6852,128.7316,1.7996,0.5108,0.8032,STRATA_SYN_SEASONAL_ENVIRONMENTAL_00014,SEASONAL_ENVIRONMENTAL,False,none
18.0,169.75,9.99,0.29,38.45,0.0,0.7758,0.0873,0.6505,0.8306,0.0719,2.737,-0.2558,3.6037,15.4167,5.633,3.6502,10.2487,0.6648,13.0,3.0,0.5882,17.4273,2.6269,-49.4548,2.5894,0.2041,0.3765,STRATA_SYN_SEASONAL_ENVIRONMENTAL_00228,SEASONAL_ENVIRONMENTAL,True,seasonal_with_high_noise
19.0,322.38,17.91,0.26,39.85,0.0,0.1869,0.0401,0.1048,0.1779,0.0377,4.804,-1.023,4.1319,13.4072,2.791,3.8159,10.7067,0.7986,10.0,5.0,0.5556,7.4602,3.611,23.3403,3.532,0.254,0.1477,STRATA_SYN_LOW_QUALITY_00205,LOW_QUALITY,False,none
12.0,142.43,12.95,0.29,26.69,0.0,0.8137,0.094,0.6556,0.8405,0.077,1.057,0.1449,1.0133,3.4566,3.27,1.3033,2.4795,0.7173,7.0,5.0,0.4545,3.7257,0.905,2.1874,0.9049,-0.022,0.6594,STRATA_SYN_STABLE_00333,STABLE,False,none
20.0,282.12,14.85,0.32,43.3,0.0,0.1864,0.0346,0.1193,0.1833,0.0473,4.592,1.1989,5.6618,22.2057,4.836,5.4306,12.4945,0.5627,10.0,10.0,0.5263,6.979,5.4213,62.6674,5.1994,0.3606,0.7639,STRATA_SYN_LOW_QUALITY_00265,LOW_QUALITY,False,none
14.0,167.0,12.85,0.23,27.16,0.0,0.805,0.1031,0.6754,0.8441,0.0647,0.685,-1.0703,3.0983,11.2769,16.463,3.0969,9.5636,0.8481,9.0,4.0,0.5385,-5.4701,2.9998,-39.1741,2.9794,-0.1075,0.7993,STRATA_SYN_ATMOSPHERIC_TRANSIENT_00165,ATMOSPHERIC_TRANSIENT,False,none
21.0,406.49,20.32,0.29,40.26,0.0,0.7958,0.0727,0.6833,0.8393,0.0762,2.468,-1.1867,3.3468,13.5707,5.499,3.6783,11.064,0.8153,13.0,7.0,0.55,0.4564,3.3432,-6.4787,3.3271,0.0696,0.6831,STRATA_SYN_SEASONAL_ENVIRONMENTAL_00491,SEASONAL_ENVIRONMENTAL,False,none
22.0,241.43,11.5,0.29,41.33,0.0,0.7536,0.0815,0.6608,0.8308,0.0656,1.867,2.3709,7.4725,23.0338,12.337,2.1832,6.2279,0.2704,5.0,2.0,0.5238,-11.3327,7.1235,-381.9511,2.1302,0.856,0.2103,STRATA_SYN_SEASONAL_ENVIRONMENTAL_00447,SEASONAL_ENVIRONMENTAL,True,strong_seasonal_amplitude
13.0,188.07,15.67,0.34,36.19,0.0,0.7903,0.083,0.6745,0.821,0.0692,0.97,-0.2015,3.108,9.7293,10.03,1.7308,4.6035,0.4732,5.0,2.0,0.5,14.5984,2.0424,-49.5835,1.9625,0.7528,0.3462,STRATA_SYN_SEASONAL_ENVIRONMENTAL_00438,SEASONAL_ENVIRONMENTAL,False,none
9.0,149.07,18.63,0.24,39.44,0.0,0.8426,0.0886,0.6746,0.8078,0.0759,2.696,1.3474,3.3798,10.1827,3.777,4.6772,10.1827,1.0,4.0,5.0,0.5,4.8521,3.3189,126.8883,3.1753,-0.3234,0.2012,STRATA_SYN_STABLE_00288,STABLE,False,none
16.0,290.33,19.36,0.34,30.67,0.0,0.7511,0.0754,0.6517,0.8077,0.0702,0.697,0.9554,3.9892,10.8314,15.54,1.5985,4.0311,0.3722,4.0,2.0,0.4667,-3.1283,3.9152,125.159,2.0633,0.813,0.3235,STRATA_SYN_SEASONAL_ENVIRONMENTAL_00379,SEASONAL_ENVIRONMENTAL,False,none
12.0,261.72,23.79,0.3,26.0,0.0,0.7541,0.0861,0.6619,0.8351,0.0682,1.282,0.1578,5.04,15.2364,11.885,2.4385,5.5097,0.3616,2.0,1.0,0.5455,-17.5203,3.1328,13.3776,3.1185,0.8227,0.0,STRATA_SYN_SEASONAL_ENVIRONMENTAL_00354,SEASONAL_ENVIRONMENTAL,False,none
11.0,119.06,11.91,0.25,33.16,0.0,0.8283,0.0856,0.6971,0.824,0.0766,1.714,1.2036,1.8821,5.966,3.481,2.5018,5.3701,0.9001,7.0,4.0,0.6,-7.6508,1.7081,22.6926,1.7048,-0.1639,0.6187,STRATA_SYN_TEMPORALLY_INCONSISTENT_00180,TEMPORALLY_INCONSISTENT,False,none
11.0,151.36,15.14,0.22,43.95,0.0,0.7692,0.0925,0.6504,0.8194,0.0686,1.644,0.1111,2.2135,6.8459,4.164,2.7401,5.2845,0.7719,9.0,5.0,0.5,9.9787,1.787,-107.7505,1.5899,-0.1405,0.3346,STRATA_SYN_STRUCTURAL_ACCELERATING_00315,STRUCTURAL_ACCELERATING,False,none
6.0,43.72,8.74,0.31,25.26,0.0,0.7877,0.0708,0.6846,0.8056,0.0748,1.194,0.903,0.704,2.058,1.724,0.6778,1.3309,0.6467,1.0,2.0,0.6,-12.0356,0.5039,404.3242,0.4125,0.3715,0.6467,STRATA_SYN_STABLE_00421,STABLE,True,short_sequence
20.0,402.87,21.2,0.31,36.79,0.0,0.8142,0.0904,0.6551,0.8135,0.0751,1.576,0.0758,1.7819,7.7876,4.941,2.0652,5.4566,0.7007,12.0,10.0,0.5263,1.9739,1.6553,1.5723,1.6534,-0.1005,0.7404,STRATA_SYN_ATMOSPHERIC_TRANSIENT_00431,ATMOSPHERIC_TRANSIENT,False,none
19.0,131.78,7.32,0.21,38.74,0.0,0.7902,0.0884,0.6505,0.8175,0.0714,3.021,-3.065,4.0327,16.5534,5.479,3.6652,10.2486,0.6191,11.0,5.0,0.5556,-25.9939,2.8457,180.9933,2.6751,0.3378,0.4181,STRATA_SYN_SEASONAL_ENVIRONMENTAL_00227,SEASONAL_ENVIRONMENTAL,True,seasonal_with_high_noise
18.0,391.31,23.02,0.33,32.72,0.0,0.8257,0.0772,0.6551,0.8342,0.0605,1.851,-0.228,1.8457,7.304,3.946,2.1018,4.4185,0.6049,9.0,10.0,0.5294,1.6802,1.762,-9.3714,1.7046,0.0909,0.9836,STRATA_SYN_STABLE_00069,STABLE,False,none
16.0,259.48,17.3,0.26,34.26,0.0,0.9314,0.0359,0.881,0.8248,0.0723,1.271,1.3661,3.5019,13.3923,10.537,3.4334,11.5626,0.8634,10.0,8.0,0.5333,-1.5894,3.4846,26.5576,3.4387,-0.0309,0.995,STRATA_SYN_ATMOSPHERIC_TRANSIENT_00420,ATMOSPHERIC_TRANSIENT,True,high_coherence_atmospheric
13.0,197.94,16.5,0.16,41.86,0.0,0.7509,0.0749,0.655,0.8236,0.0483,3.0,-0.9268,3.7767,12.4795,4.16,4.1544,12.4795,1.0,7.0,4.0,0.6667,1.1362,3.7718,-131.2592,3.3868,0.0261,0.9149,STRATA_SYN_STABLE_00032,STABLE,True,elevated_noise_stable
17.0,129.89,8.12,0.27,40.15,0.0,0.169,0.0399,0.1077,0.1709,0.048,3.379,0.5304,3.1981,11.0712,3.276,3.9526,11.0712,1.0,8.0,9.0,0.5,5.8724,3.1326,-88.9083,3.0972,-0.3119,0.3245,STRATA_SYN_LOW_QUALITY_00011,LOW_QUALITY,False,none
15.0,326.29,23.31,0.28,32.3,0.0,0.9314,0.027,0.8866,0.8499,0.0697,0.909,1.0058,3.6505,17.2723,19.001,3.1913,15.3586,0.8892,8.0,7.0,0.5714,3.05,3.5524,-10.0458,3.5362,-0.1538,0.8784,STRATA_SYN_ATMOSPHERIC_TRANSIENT_00489,ATMOSPHERIC_TRANSIENT,True,high_coherence_atmospheric
18.0,140.04,8.24,0.3,28.23,0.0,0.8032,0.0723,0.6574,0.8259,0.0618,0.98,0.8731,0.8981,3.0295,3.091,0.9753,2.7821,0.9183,8.0,3.0,0.4118,3.9134,0.7736,-18.9859,0.765,-0.0336,0.248,STRATA_SYN_STRUCTURAL_ACCELERATING_00312,STRUCTURAL_ACCELERATING,False,none
19.0,324.43,18.02,0.3,37.97,0.0,0.1661,0.0468,0.1013,0.1703,0.0467,4.364,0.6397,3.8084,10.8412,2.484,4.6461,10.6229,0.9799,12.0,9.0,0.5556,-1.1585,3.7956,-3.3073,3.7941,-0.084,0.3665,STRATA_SYN_LOW_QUALITY_00371,LOW_QUALITY,False,none
9.0,133.26,16.66,0.28,32.78,0.0,0.793,0.0986,0.6663,0.8139,0.0497,1.894,-0.8813,1.6475,5.1432,2.716,2.1068,3.688,0.7171,6.0,2.0,0.5,-4.1708,1.5727,-117.3609,1.4013,-0.0244,0.4798,STRATA_SYN_STRUCTURAL_ACCELERATING_00458,STRUCTURAL_ACCELERATING,False,none
19.0,155.74,8.65,0.23,40.97,0.0,0.8027,0.0899,0.6697,0.8449,0.0644,2.149,-0.9635,1.9308,8.6373,4.019,2.3432,6.4567,0.7475,13.0,4.0,0.5556,1.4944,1.921,-64.8776,1.8578,-0.1277,0.4782,STRATA_SYN_STRUCTURAL_ACCELERATING_00190,STRUCTURAL_ACCELERATING,False,none
15.0,201.27,14.38,0.31,39.54,0.0,0.8018,0.0641,0.6924,0.8314,0.067,1.476,-0.5754,4.1318,17.8725,12.109,3.6062,16.5739,0.9273,10.0,5.0,0.5714,0.5122,4.1309,58.3815,4.0626,-0.0164,0.7402,STRATA_SYN_ATMOSPHERIC_TRANSIENT_00267,ATMOSPHERIC_TRANSIENT,False,none
15.0,245.38,17.53,0.36,31.01,0.0,0.7997,0.0869,0.66,0.8175,0.0825,2.045,1.3196,3.0044,10.0041,4.892,4.2166,7.7771,0.7774,11.0,8.0,0.5714,-5.1144,2.8108,-70.3438,2.4679,-0.2197,0.7695,STRATA_SYN_TEMPORALLY_INCONSISTENT_00441,TEMPORALLY_INCONSISTENT,False,none
6.0,118.35,23.67,0.28,33.62,0.0,0.7779,0.1008,0.6706,0.7548,0.0326,2.766,-1.3513,2.6844,8.1143,2.934,2.0117,2.4852,0.3063,1.0,1.0,0.8,-22.3022,1.0477,145.5948,0.7188,0.5066,0.0,STRATA_SYN_STRUCTURAL_ACCELERATING_00106,STRUCTURAL_ACCELERATING,True,short_sequence
17.0,300.93,18.81,0.31,32.65,0.0,0.1859,0.0367,0.1097,0.1602,0.0484,4.003,-0.6024,4.5653,16.6144,4.15,5.6845,16.5856,0.9983,10.0,9.0,0.5,-1.1846,4.5555,-37.6935,4.4291,-0.2787,0.3837,STRATA_SYN_LOW_QUALITY_00236,LOW_QUALITY,False,none
10.0,123.47,13.72,0.3,36.88,0.0,0.8196,0.0993,0.6723,0.8307,0.0666,0.914,2.2059,1.4674,4.7523,5.199,0.8244,2.0222,0.4255,5.0,1.0,0.5556,12.3675,0.6113,-67.1748,0.5056,0.576,0.0,STRATA_SYN_STRUCTURAL_MONOTONIC_00271,STRUCTURAL_MONOTONIC,False,none
8.0,97.19,13.88,0.34,44.94,0.0,0.8329,0.0832,0.6664,0.7983,0.0589,0.679,-1.4863,3.1778,10.8748,16.016,3.0778,9.0456,0.8318,3.0,1.0,0.5714,15.5583,2.8778,257.1729,2.7487,-0.0506,0.0,STRATA_SYN_ATMOSPHERIC_TRANSIENT_00439,ATMOSPHERIC_TRANSIENT,False,none
9.0,66.83,8.35,0.11,30.69,0.0,0.3413,0.0303,0.2883,0.3816,0.0667,2.157,-0.8229,2.0083,7.6028,3.525,2.5425,7.6028,1.0,5.0,6.0,0.5,-2.6387,2.0022,-581.1475,1.7943,-0.4593,0.6185,STRATA_SYN_STRUCTURAL_MONOTONIC_00044,STRUCTURAL_MONOTONIC,True,low_coherence_structural
19.0,108.97,6.05,0.29,37.99,0.0,0.8266,0.0787,0.6611,0.8065,0.0629,1.974,-0.6475,1.4253,5.7717,2.924,1.3921,3.4603,0.5995,9.0,10.0,0.5556,1.2861,1.4205,29.3349,1.4164,0.3169,0.9694,STRATA_SYN_STRUCTURAL_MONOTONIC_00072,STRUCTURAL_MONOTONIC,False,none
16.0,193.59,12.91,0.3,28.84,0.0,0.77,0.0736,0.6579,0.7818,0.039,2.453,-1.2556,2.8791,10.5688,4.309,2.9369,7.1417,0.6757,7.0,6.0,0.5333,-5.9995,2.7087,60.6602,2.6122,0.1964,0.9361,STRATA_SYN_STRUCTURAL_ACCELERATING_00003,STRUCTURAL_ACCELERATING,False,none
18.0,348.16,20.48,0.31,25.27,0.0,0.7983,0.0707,0.6875,0.8582,0.0423,0.634,-1.7128,1.3756,4.8116,7.589,0.8324,1.6265,0.338,10.0,2.0,0.4706,-4.1805,0.6375,-0.6038,0.6371,0.6516,0.0683,STRATA_SYN_STRUCTURAL_ACCELERATING_00023,STRUCTURAL_ACCELERATING,False,none
17.0,362.93,22.68,0.29,32.5,0.0,0.7892,0.0944,0.673,0.8417,0.074,2.638,-1.2393,3.6754,14.0009,5.307,3.2403,10.753,0.768,11.0,5.0,0.5,-7.8781,2.7855,-3.9708,2.7808,0.2692,0.4069,STRATA_SYN_STRUCTURAL_ACCELERATING_00104,STRUCTURAL_ACCELERATING,False,none
6.0,42.77,8.55,0.25,25.73,0.0,0.8276,0.0831,0.6963,0.807,0.0724,1.259,2.4121,3.2495,8.0483,6.393,6.5425,8.0483,1.0,4.0,4.0,0.6,-11.1964,3.2188,362.4793,3.2092,-0.8181,0.8567,STRATA_SYN_TEMPORALLY_INCONSISTENT_00423,TEMPORALLY_INCONSISTENT,False,none
24.0,452.3,19.67,0.27,28.25,0.0,0.8008,0.1027,0.6549,0.8353,0.0629,1.622,0.7075,4.8767,15.9681,9.845,3.1892,6.6155,0.4143,5.0,5.0,0.5217,-0.2,4.8761,9.7318,4.8386,0.702,0.3558,STRATA_SYN_SEASONAL_ENVIRONMENTAL_00097,SEASONAL_ENVIRONMENTAL,False,none
18.0,133.02,7.82,0.28,32.99,0.0,0.7884,0.0888,0.6571,0.8329,0.0657,2.845,-1.4755,2.7366,9.7741,3.436,3.5357,8.5724,0.8771,10.0,10.0,0.5294,2.4375,2.7232,61.8981,2.7017,-0.1734,0.8408,STRATA_SYN_STRUCTURAL_ACCELERATING_00126,STRUCTURAL_ACCELERATING,False,none
10.0,189.56,21.06,0.29,32.65,0.0,0.8088,0.0887,0.6769,0.8206,0.0811,1.041,0.1392,6.7858,18.9445,18.198,3.2805,7.3735,0.3892,2.0,1.0,0.5556,-34.1315,3.7451,16.726,3.7396,0.8142,0.0,STRATA_SYN_SEASONAL_ENVIRONMENTAL_00400,SEASONAL_ENVIRONMENTAL,False,none
8.0,139.93,19.99,0.26,41.8,0.0,0.7754,0.0833,0.6516,0.8275,0.0502,2.828,-1.3728,3.208,12.1282,4.289,4.0904,7.0385,0.5803,3.0,2.0,0.5714,-7.6843,3.0606,-93.9649,2.9917,0.0902,0.7134,STRATA_SYN_TEMPORALLY_INCONSISTENT_00061,TEMPORALLY_INCONSISTENT,False,none
12.0,192.69,17.52,0.31,27.2,0.0,0.1845,0.0424,0.1047,0.186,0.049,4.284,-0.3378,2.8501,9.187,2.144,4.1963,8.3291,0.9066,6.0,7.0,0.4545,-1.4766,2.8395,-33.3329,2.8107,-0.3799,0.4718,STRATA_SYN_LOW_QUALITY_00436,LOW_QUALITY,False,none
14.0,208.77,16.06,0.24,40.13,0.0,0.7984,0.0774,0.6828,0.8247,0.0782,1.795,0.7231,3.1092,11.9787,6.673,3.6872,10.0478,0.8388,9.0,9.0,0.6154,-1.4165,3.0991,12.5634,3.0941,-0.1328,0.683,STRATA_SYN_ATMOSPHERIC_TRANSIENT_00289,ATMOSPHERIC_TRANSIENT,False,none
18.0,170.93,10.05,0.31,38.46,0.0,0.1694,0.0457,0.1055,0.1785,0.041,4.464,1.5198,3.9465,15.3163,3.431,5.1054,15.3163,1.0,14.0,9.0,0.5294,-3.1725,3.9204,-125.8194,3.7507,-0.5099,0.4795,STRATA_SYN_LOW_QUALITY_00215,LOW_QUALITY,False,none
12.0,152.21,13.84,0.25,43.37,0.0,0.7677,0.0779,0.6635,0.8264,0.0748,0.72,-0.7583,2.9075,11.5399,16.028,2.2606,10.3701,0.8986,6.0,2.0,0.6364,-6.2622,2.7906,-118.5971,2.6419,0.0668,0.4475,STRATA_SYN_STRUCTURAL_MONOTONIC_00040,STRUCTURAL_MONOTONIC,True,structural_with_atmospheric_spike
17.0,253.49,15.84,0.29,34.36,0.0,0.1723,0.0438,0.1021,0.1615,0.0451,2.634,0.1041,1.9352,6.4187,2.437,2.1858,5.2189,0.8131,8.0,9.0,0.5,1.9786,1.889,5.3114,1.8859,0.022,0.0,STRATA_SYN_LOW_QUALITY_00018,LOW_QUALITY,False,none
10.0,69.15,7.68,0.21,27.59,0.0,0.1772,0.0371,0.1265,0.1926,0.0496,2.638,0.1247,2.7769,7.9968,3.031,3.3217,6.8485,0.8564,4.0,5.0,0.6667,15.8826,2.6051,-515.8153,2.4701,-0.1344,0.0,STRATA_SYN_LOW_QUALITY_00206,LOW_QUALITY,False,none
15.0,133.1,9.51,0.28,30.57,0.0,0.7963,0.0915,0.6613,0.8185,0.0693,1.961,-2.0213,2.5667,8.4758,4.322,2.5062,6.6888,0.7892,7.0,4.0,0.6429,-11.7532,2.197,169.8861,1.9776,0.2283,0.6648,STRATA_SYN_STRUCTURAL_MONOTONIC_00075,STRUCTURAL_MONOTONIC,False,none
10.0,166.9,18.54,0.29,41.01,0.0,0.8159,0.0754,0.714,0.8525,0.0689,0.992,1.5116,1.4445,5.6315,5.677,1.059,3.1257,0.555,4.0,2.0,0.6667,7.6959,0.9123,38.7953,0.837,0.2775,0.0865,STRATA_SYN_STRUCTURAL_MONOTONIC_00048,STRUCTURAL_MONOTONIC,False,none
15.0,302.2,21.59,0.29,40.5,0.0,0.8087,0.0883,0.6887,0.8246,0.0529,2.341,-1.1782,2.5163,8.7663,3.745,2.374,8.2099,0.9365,5.0,4.0,0.6429,-2.4927,2.4345,-18.0618,2.3776,0.143,0.6146,STRATA_SYN_STRUCTURAL_MONOTONIC_00351,STRUCTURAL_MONOTONIC,False,none
11.0,210.3,21.03,0.22,39.86,0.0,0.1757,0.0196,0.1478,0.1887,0.0496,4.534,0.6862,3.9622,12.7839,2.82,4.2534,10.2371,0.8008,8.0,3.0,0.6,-10.3132,3.4882,51.4827,3.4058,0.2861,0.6062,STRATA_SYN_LOW_QUALITY_00110,LOW_QUALITY,False,none
9.0,75.29,9.41,0.26,36.23,0.0,0.1682,0.0442,0.1034,0.1545,0.04,4.226,-1.6868,2.8001,9.6901,2.293,3.9052,7.2381,0.747,4.0,4.0,0.625,7.6287,2.7543,118.1959,2.7447,-0.2035,0.7416,STRATA_SYN_LOW_QUALITY_00256,LOW_QUALITY,False,none
12.0,235.84,21.44,0.35,29.59,0.0,0.7812,0.0756,0.657,0.7939,0.0645,2.503,0.7125,1.7969,6.1121,2.442,1.3843,4.6348,0.7583,4.0,2.0,0.6364,-4.0807,1.5958,27.6209,1.515,0.4998,0.4424,STRATA_SYN_STABLE_00190,STABLE,False,none
18.0,235.8,13.87,0.32,43.92,0.0,0.7729,0.0947,0.6561,0.8059,0.0753,1.615,-1.2432,1.9694,7.3927,4.578,2.1477,6.0351,0.8164,9.0,5.0,0.4706,-4.0928,1.7968,3.8224,1.7956,0.0982,0.6619,STRATA_SYN_STRUCTURAL_ACCELERATING_00305,STRUCTURAL_ACCELERATING,False,none
24.0,159.09,6.92,0.31,33.18,0.0,0.821,0.0838,0.6631,0.8129,0.0651,0.811,-2.3681,4.9727,15.501,19.113,1.085,2.7448,0.1771,5.0,1.0,0.6957,-30.8855,2.8816,342.5743,1.1522,0.889,0.0,STRATA_SYN_SEASONAL_ENVIRONMENTAL_00035,SEASONAL_ENVIRONMENTAL,False,none
19.0,304.7,16.93,0.19,30.61,0.0,0.8069,0.084,0.6841,0.8235,0.0701,1.153,-0.0497,2.2307,7.837,6.797,1.6564,3.4523,0.4405,11.0,4.0,0.5556,4.1781,1.9635,31.9953,1.7355,0.6063,0.5623,STRATA_SYN_SEASONAL_ENVIRONMENTAL_00069,SEASONAL_ENVIRONMENTAL,False,none
11.0,234.93,23.49,0.3,43.96,0.0,0.8123,0.1023,0.661,0.8646,0.0433,1.908,0.9759,0.9244,3.334,1.747,0.9146,2.1703,0.651,5.0,2.0,0.6,1.6132,0.8642,-13.4548,0.8284,0.3695,0.458,STRATA_SYN_STRUCTURAL_MONOTONIC_00427,STRUCTURAL_MONOTONIC,False,none
18.0,395.82,23.28,0.22,33.18,0.0,0.8253,0.0763,0.6717,0.8362,0.0711,1.09,0.0974,1.1085,4.3883,4.026,1.3669,3.646,0.8308,10.0,10.0,0.5294,0.1295,1.1077,-2.206,1.1025,-0.1084,0.8118,STRATA_SYN_STABLE_00441,STABLE,False,none
20.0,131.09,6.9,0.32,35.46,0.0,0.9366,0.0323,0.8811,0.84,0.0802,0.917,0.6201,2.487,12.6019,13.743,1.9577,11.7006,0.9285,10.0,10.0,0.5263,6.5288,2.3844,121.2667,2.2966,-0.1665,0.9811,STRATA_SYN_ATMOSPHERIC_TRANSIENT_00436,ATMOSPHERIC_TRANSIENT,True,high_coherence_atmospheric
17.0,125.15,7.82,0.23,31.54,0.0,0.8154,0.0822,0.6513,0.8192,0.0732,1.149,2.1879,5.1849,17.0389,14.829,1.9295,4.6475,0.2728,7.0,1.0,0.625,-35.984,3.5412,-658.3628,1.4484,0.8114,0.0,STRATA_SYN_SEASONAL_ENVIRONMENTAL_00488,SEASONAL_ENVIRONMENTAL,False,none
9.0,59.42,7.43,0.26,30.29,0.0,0.8121,0.0997,0.6699,0.81,0.0708,1.393,-0.4157,0.8203,2.6364,1.893,0.9056,2.2552,0.8554,5.0,4.0,0.5,-0.8757,0.819,458.162,0.6063,-0.13,0.5466,STRATA_SYN_STRUCTURAL_MONOTONIC_00086,STRUCTURAL_MONOTONIC,False,none
19.0,339.34,18.85,0.28,27.15,0.0,0.8127,0.0892,0.6607,0.797,0.0521,1.774,-3.7854,3.0007,13.3575,7.53,1.7512,4.0789,0.3054,10.0,1.0,0.6111,-8.7705,1.6912,10.2418,1.6517,0.4956,0.0,STRATA_SYN_STRUCTURAL_ACCELERATING_00311,STRUCTURAL_ACCELERATING,False,none
12.0,242.16,22.01,0.3,35.18,0.0,0.8058,0.0659,0.6748,0.8195,0.0546,1.52,-1.9569,2.0063,6.8234,4.489,1.6906,4.441,0.6508,8.0,3.0,0.5455,-7.7838,1.1801,18.5654,1.1252,0.3264,0.0939,STRATA_SYN_STRUCTURAL_ACCELERATING_00159,STRUCTURAL_ACCELERATING,False,none
15.0,210.46,15.03,0.27,43.39,0.0,0.9377,0.0295,0.8858,0.8236,0.0713,1.568,-1.0036,3.4827,15.8089,10.082,2.741,13.8491,0.876,9.0,10.0,0.5714,-5.9612,3.3172,-26.8082,3.2957,0.019,0.9919,STRATA_SYN_ATMOSPHERIC_TRANSIENT_00246,ATMOSPHERIC_TRANSIENT,True,high_coherence_atmospheric
9.0,92.24,11.53,0.17,28.77,0.0,0.7372,0.0825,0.6533,0.8522,0.0559,2.052,-0.337,2.3634,6.5508,3.192,2.4163,5.8171,0.888,5.0,5.0,0.625,-20.3036,1.6859,197.118,1.5854,0.0996,0.088,STRATA_SYN_STRUCTURAL_ACCELERATING_00229,STRUCTURAL_ACCELERATING,False,none
24.0,386.82,16.82,0.29,28.8,0.0,0.7647,0.0776,0.6504,0.8298,0.072,1.496,0.121,2.1478,9.2726,6.198,1.8865,5.7345,0.6184,11.0,6.0,0.5217,1.2906,2.108,-1.8744,2.1063,0.4041,0.5849,STRATA_SYN_SEASONAL_ENVIRONMENTAL_00002,SEASONAL_ENVIRONMENTAL,False,none
10.0,130.93,14.55,0.21,41.09,0.0,0.783,0.075,0.679,0.8043,0.0557,2.212,0.8608,1.7815,7.0197,3.173,2.4091,5.0613,0.721,4.0,4.0,0.5556,-0.6043,1.7802,8.9134,1.7794,-0.2845,0.8731,STRATA_SYN_STABLE_00031,STABLE,False,none
10.0,205.38,22.82,0.27,30.63,0.0,0.8285,0.0913,0.6521,0.797,0.0705,0.957,0.549,5.5656,15.4649,16.16,2.0998,4.2009,0.2716,2.0,1.0,0.6667,-29.0416,1.9703,-51.7772,1.8282,0.7871,0.0,STRATA_SYN_SEASONAL_ENVIRONMENTAL_00191,SEASONAL_ENVIRONMENTAL,False,none
9.0,122.71,15.34,0.27,34.95,0.0,0.8285,0.0764,0.6713,0.8232,0.0786,1.879,-0.4075,1.8147,6.2537,3.328,2.1895,6.2537,1.0,5.0,5.0,0.5,-7.5891,1.6177,-20.8925,1.6141,-0.1616,0.4321,STRATA_SYN_STABLE_00083,STABLE,False,none
6.0,109.0,21.8,0.33,31.35,0.0,0.7955,0.0815,0.667,0.7968,0.0709,1.549,4.5118,3.0595,7.4849,4.832,6.1122,7.4849,1.0,4.0,0.0,0.6,5.4096,3.0095,100.9313,2.9758,-0.8491,0.0,STRATA_SYN_TEMPORALLY_INCONSISTENT_00427,TEMPORALLY_INCONSISTENT,False,none
20.0,159.95,8.42,0.27,41.23,0.0,0.8176,0.0884,0.6818,0.8098,0.0704,0.808,-0.7693,1.0786,3.9591,4.9,1.1804,3.1101,0.7856,8.0,8.0,0.5263,-1.6805,1.0552,7.3629,1.0536,0.0368,0.8521,STRATA_SYN_STRUCTURAL_ACCELERATING_00115,STRUCTURAL_ACCELERATING,False,none
7.0,138.45,23.08,0.31,37.11,0.0,0.1773,0.0463,0.1004,0.1908,0.0366,4.88,-2.148,7.815,27.3261,5.6,9.8868,17.1794,0.6287,3.0,2.0,0.6667,-14.2514,7.6053,-494.0991,6.7962,0.0074,0.8018,STRATA_SYN_LOW_QUALITY_00088,LOW_QUALITY,False,none
12.0,192.76,17.52,0.21,32.24,0.0,0.7837,0.0733,0.6741,0.7959,0.0685,1.12,-1.0435,3.0405,12.1366,10.836,3.2119,12.1366,1.0,9.0,8.0,0.5455,0.7294,3.0381,41.5837,2.9958,-0.3278,0.9609,STRATA_SYN_ATMOSPHERIC_TRANSIENT_00037,ATMOSPHERIC_TRANSIENT,False,none
19.0,413.2,22.96,0.34,36.64,0.0,0.8214,0.0849,0.6618,0.8262,0.0618,2.889,0.7212,2.9115,13.3035,4.605,3.3928,6.5215,0.4902,9.0,9.0,0.5556,-2.4493,2.7868,-11.8498,2.7158,0.1672,0.7405,STRATA_SYN_STABLE_00320,STABLE,False,none
8.0,167.19,23.88,0.3,40.56,0.0,0.7643,0.0858,0.667,0.7993,0.0741,2.234,-1.2262,3.2342,10.1411,4.539,2.4234,6.5942,0.6502,4.0,1.0,0.5714,-16.0823,2.1586,129.1695,1.7483,0.4742,0.0,STRATA_SYN_SEASONAL_ENVIRONMENTAL_00177,SEASONAL_ENVIRONMENTAL,True,short_seasonal_sequence
13.0,198.68,16.56,0.29,29.63,0.0,0.7996,0.0841,0.6607,0.7847,0.0699,1.412,1.1518,4.5797,18.7763,13.298,3.8902,18.7763,1.0,6.0,7.0,0.75,-1.3147,4.5743,-64.5847,4.4996,-0.1867,0.837,STRATA_SYN_ATMOSPHERIC_TRANSIENT_00142,ATMOSPHERIC_TRANSIENT,False,none
13.0,229.2,19.1,0.2,34.58,0.0,0.1517,0.0415,0.1012,0.1678,0.043,3.343,-0.0556,2.5819,9.5184,2.847,3.1629,9.5184,1.0,7.0,6.0,0.6667,-0.5516,2.5797,-20.4305,2.5562,-0.1894,0.9822,STRATA_SYN_LOW_QUALITY_00142,LOW_QUALITY,False,none
13.0,151.25,12.6,0.3,39.13,0.0,0.7991,0.0717,0.6731,0.7991,0.0711,0.9,0.0475,1.1066,3.8589,4.288,1.4528,3.8589,1.0,7.0,6.0,0.5,-2.0014,1.0761,40.4068,1.0341,-0.274,0.8309,STRATA_SYN_STABLE_00406,STABLE,False,none
10.0,182.88,20.32,0.23,41.04,0.0,0.1872,0.0463,0.1023,0.1945,0.0395,4.835,3.031,3.2821,10.9712,2.269,4.3997,10.9712,1.0,5.0,4.0,0.6667,2.8206,3.2508,123.133,2.9418,-0.3201,0.8309,STRATA_SYN_LOW_QUALITY_00419,LOW_QUALITY,False,none
17.0,162.18,10.14,0.34,40.6,0.0,0.7944,0.0832,0.669,0.8499,0.0609,1.217,1.6961,2.9941,9.9556,8.18,5.1781,9.8405,0.9884,15.0,10.0,0.5,-1.5194,2.987,-23.4448,2.9808,-0.6835,0.7247,STRATA_SYN_TEMPORALLY_INCONSISTENT_00329,TEMPORALLY_INCONSISTENT,False,none
9.0,166.16,20.77,0.3,29.66,0.0,0.748,0.0619,0.6593,0.8297,0.0795,2.436,0.4395,1.7376,5.1175,2.101,2.6128,4.9395,0.9652,5.0,6.0,0.625,2.0386,1.7115,0.2688,1.7115,-0.4016,0.8811,STRATA_SYN_STABLE_00019,STABLE,False,none
11.0,196.6,19.66,0.2,27.22,0.0,0.7936,0.0949,0.6635,0.8467,0.0308,1.973,0.4971,1.9295,6.3302,3.208,2.1031,6.3302,1.0,4.0,5.0,0.6,5.6932,1.6682,-2.2373,1.6679,-0.1938,0.2947,STRATA_SYN_STRUCTURAL_MONOTONIC_00197,STRUCTURAL_MONOTONIC,True,noise_reversal_edge
6.0,36.25,7.25,0.25,30.52,0.0,0.8067,0.059,0.7464,0.8455,0.0709,0.688,1.5207,4.0299,11.4127,16.588,5.2807,11.4127,1.0,3.0,4.0,0.6,-33.6138,3.8673,-783.4846,3.848,-0.3692,0.944,STRATA_SYN_ATMOSPHERIC_TRANSIENT_00057,ATMOSPHERIC_TRANSIENT,False,none
12.0,128.75,11.7,0.25,40.66,0.0,0.7986,0.0465,0.7226,0.8229,0.0698,1.608,-1.3068,4.1891,15.4448,9.605,5.0733,9.7,0.628,10.0,3.0,0.5455,-25.0783,3.1409,102.319,3.0916,0.1611,0.6076,STRATA_SYN_TEMPORALLY_INCONSISTENT_00342,TEMPORALLY_INCONSISTENT,False,none
17.0,131.27,8.2,0.32,28.95,0.0,0.7992,0.0837,0.6782,0.8303,0.071,2.674,0.771,1.929,6.4734,2.421,2.2555,5.7473,0.8878,8.0,9.0,0.5625,1.4893,1.9221,-65.1127,1.8897,-0.0364,0.2641,STRATA_SYN_STABLE_00192,STABLE,False,none
12.0,128.72,11.7,0.24,25.08,0.0,0.8369,0.081,0.6869,0.8068,0.0797,1.798,2.3596,2.936,10.6144,5.903,4.5012,9.2347,0.87,8.0,4.0,0.6364,0.6056,2.9353,-111.5016,2.8725,-0.3765,0.8049,STRATA_SYN_TEMPORALLY_INCONSISTENT_00367,TEMPORALLY_INCONSISTENT,False,none
11.0,221.26,22.13,0.21,39.84,0.0,0.8007,0.0782,0.6744,0.8671,0.0621,2.289,-0.9363,5.9007,19.2748,8.421,4.3748,9.2698,0.4809,3.0,2.0,0.7,-12.1301,5.4231,-162.2984,4.7431,0.6563,0.4866,STRATA_SYN_SEASONAL_ENVIRONMENTAL_00267,SEASONAL_ENVIRONMENTAL,False,none
13.0,102.2,8.52,0.22,25.55,0.0,0.764,0.0771,0.657,0.8256,0.0633,1.706,-0.4278,2.3673,9.3121,5.458,2.7353,8.9649,0.9627,9.0,8.0,0.5833,8.0434,2.2606,243.104,2.1055,-0.1164,0.9225,STRATA_SYN_ATMOSPHERIC_TRANSIENT_00138,ATMOSPHERIC_TRANSIENT,False,none
12.0,240.17,21.83,0.23,40.1,0.0,0.8094,0.0737,0.6603,0.8196,0.0838,2.343,4.955,3.7615,13.7445,5.866,5.2503,13.7445,1.0,8.0,2.0,0.6364,1.9356,3.7402,18.4308,3.724,-0.4735,0.4002,STRATA_SYN_TEMPORALLY_INCONSISTENT_00496,TEMPORALLY_INCONSISTENT,False,none
7.0,62.91,10.49,0.26,25.18,0.0,0.7847,0.0925,0.6561,0.8108,0.0887,2.975,0.4969,3.1647,10.3617,3.483,3.1158,7.8086,0.7536,2.0,3.0,0.6667,16.5261,3.0183,-1651.3425,1.8872,0.0447,0.3493,STRATA_SYN_STRUCTURAL_ACCELERATING_00145,STRUCTURAL_ACCELERATING,False,none
10.0,165.63,18.4,0.22,33.86,0.0,0.7703,0.0769,0.6579,0.8317,0.0659,1.28,0.0976,1.2499,3.6442,2.847,0.957,3.3828,0.9283,4.0,3.0,0.5556,-5.2357,0.9938,-4.5614,0.9929,0.3577,0.3841,STRATA_SYN_STRUCTURAL_MONOTONIC_00411,STRUCTURAL_MONOTONIC,False,none
12.0,166.13,15.1,0.23,25.77,0.0,0.919,0.0308,0.8808,0.8311,0.0604,2.461,-0.6214,4.3912,17.3783,7.061,4.9516,10.8238,0.6228,5.0,4.0,0.5455,0.3009,4.391,-238.9505,3.828,0.0832,0.7062,STRATA_SYN_ATMOSPHERIC_TRANSIENT_00256,ATMOSPHERIC_TRANSIENT,True,high_coherence_atmospheric
17.0,329.41,20.59,0.25,30.05,0.0,0.8199,0.0812,0.6837,0.7975,0.065,1.065,-2.4106,2.2609,6.9788,6.553,0.8407,3.5529,0.5091,9.0,2.0,0.5,-7.6121,0.843,-1.1095,0.8422,0.7493,0.0727,STRATA_SYN_STRUCTURAL_ACCELERATING_00357,STRUCTURAL_ACCELERATING,False,none
8.0,46.9,6.7,0.16,30.12,0.0,0.7963,0.0853,0.6664,0.8402,0.0732,0.7,-2.3725,3.0853,10.3865,14.838,1.4838,2.9679,0.2857,0.0,1.0,1.0,72.237,0.4999,-89.5947,0.4951,0.5159,0.0,STRATA_SYN_SEASONAL_ENVIRONMENTAL_00450,SEASONAL_ENVIRONMENTAL,True,short_seasonal_sequence
16.0,297.39,19.83,0.25,40.24,0.0,0.8291,0.0959,0.657,0.8124,0.072,1.971,1.5227,2.1977,8.4399,4.282,2.1031,5.1573,0.6111,7.0,5.0,0.4667,3.2449,2.0418,9.3817,2.025,0.3395,0.8546,STRATA_SYN_STRUCTURAL_ACCELERATING_00328,STRUCTURAL_ACCELERATING,False,none
16.0,305.49,20.37,0.31,28.66,0.0,0.831,0.0901,0.6698,0.8037,0.068,1.135,-0.621,3.3889,17.3781,15.311,3.3427,12.3399,0.7101,11.0,7.0,0.5333,5.3111,3.1023,-0.966,3.1022,-0.0373,0.9353,STRATA_SYN_ATMOSPHERIC_TRANSIENT_00099,ATMOSPHERIC_TRANSIENT,False,none
7.0,112.41,18.74,0.22,41.63,0.0,0.1702,0.035,0.1265,0.204,0.0225,4.421,1.8248,2.8859,9.6031,2.172,3.8169,7.3252,0.7628,3.0,4.0,0.5,-5.3846,2.8326,-220.2469,2.6486,-0.0055,0.7639,STRATA_SYN_LOW_QUALITY_00165,LOW_QUALITY,False,none
11.0,172.94,17.29,0.27,33.94,0.0,0.8148,0.0716,0.6507,0.8532,0.0827,2.526,-0.3407,2.8963,9.5912,3.797,2.8744,9.5912,1.0,4.0,3.0,0.8,-10.5933,2.4209,88.9149,2.2546,-0.0329,0.3838,STRATA_SYN_ATMOSPHERIC_TRANSIENT_00425,ATMOSPHERIC_TRANSIENT,False,none
19.0,287.27,15.96,0.24,38.14,0.0,0.8123,0.0965,0.6514,0.7766,0.0744,1.76,-0.2334,1.9652,7.0278,3.993,3.0112,7.0278,1.0,13.0,13.0,0.5,1.2763,1.9412,12.0061,1.9168,-0.5241,0.714,STRATA_SYN_STRUCTURAL_ACCELERATING_00178,STRUCTURAL_ACCELERATING,True,accelerating_subtle_onset
13.0,86.55,7.21,0.25,33.03,0.0,0.1837,0.0339,0.1001,0.1697,0.0342,3.097,0.6592,2.5614,8.9519,2.891,3.0937,7.0971,0.7928,9.0,8.0,0.5833,-8.0094,2.4933,328.3072,2.3636,-0.1041,0.9928,STRATA_SYN_LOW_QUALITY_00176,LOW_QUALITY,False,none
9.0,53.94,6.74,0.25,39.77,0.0,0.1681,0.033,0.107,0.1875,0.0412,4.334,-2.4398,2.9017,8.3237,1.921,3.0851,6.1378,0.7374,4.0,3.0,0.625,-32.1665,2.4694,1229.4736,2.1448,0.1728,0.2297,STRATA_SYN_LOW_QUALITY_00217,LOW_QUALITY,False,none
16.0,192.75,12.85,0.28,25.01,0.0,0.1737,0.0435,0.1045,0.1855,0.0376,3.347,-0.5488,4.5394,15.6787,4.684,5.5193,11.6858,0.7453,9.0,8.0,0.6,-4.8345,4.4712,111.9424,4.2757,0.0436,0.981,STRATA_SYN_LOW_QUALITY_00056,LOW_QUALITY,False,none
13.0,73.69,6.14,0.32,38.91,0.0,0.7661,0.0806,0.6525,0.8202,0.0611,2.543,0.9735,3.0581,9.7275,3.825,2.8126,9.7275,1.0,6.0,6.0,0.5833,-7.35,3.0235,1181.7664,2.2126,0.1582,0.9697,STRATA_SYN_STABLE_00047,STABLE,False,none
20.0,181.37,9.55,0.28,25.07,0.0,0.7921,0.0821,0.6584,0.7859,0.0571,1.385,0.786,3.6248,20.087,14.503,3.4347,20.087,1.0,12.0,9.0,0.5263,-4.8762,3.5494,42.1377,3.5237,-0.3626,0.8901,STRATA_SYN_ATMOSPHERIC_TRANSIENT_00433,ATMOSPHERIC_TRANSIENT,False,none
13.0,252.35,21.03,0.26,34.29,0.0,0.8114,0.0783,0.6534,0.8104,0.0654,0.686,1.9408,1.5566,4.8478,7.067,1.1098,1.7943,0.3701,7.0,2.0,0.5,6.2698,0.7707,11.5675,0.733,0.647,0.1897,STRATA_SYN_STRUCTURAL_ACCELERATING_00353,STRUCTURAL_ACCELERATING,False,none
16.0,286.89,19.13,0.28,42.56,0.0,0.8246,0.0731,0.7163,0.8115,0.0685,2.222,-0.0902,4.1882,14.6086,6.575,2.2527,4.4399,0.3039,7.0,2.0,0.4667,12.0549,3.011,92.8844,1.8016,0.6719,0.231,STRATA_SYN_SEASONAL_ENVIRONMENTAL_00200,SEASONAL_ENVIRONMENTAL,False,none
11.0,70.15,7.02,0.24,28.22,0.0,0.8379,0.0737,0.675,0.8479,0.0693,1.279,5.8186,3.168,10.3408,8.085,5.4099,10.2677,0.9929,9.0,0.0,0.5,16.0711,3.0124,-614.4966,2.8406,-0.5966,0.0,STRATA_SYN_TEMPORALLY_INCONSISTENT_00045,TEMPORALLY_INCONSISTENT,False,none
12.0,109.24,9.93,0.34,32.48,0.0,0.8128,0.09,0.6723,0.8111,0.0675,1.895,0.9057,3.7608,12.2401,6.459,4.7971,8.2872,0.6771,10.0,4.0,0.5455,-13.1874,3.5478,133.9681,3.5091,0.0123,0.7732,STRATA_SYN_TEMPORALLY_INCONSISTENT_00347,TEMPORALLY_INCONSISTENT,False,none
15.0,182.94,13.07,0.26,26.04,0.0,0.2019,0.0334,0.1175,0.1858,0.0463,4.964,-0.4116,4.6101,16.5078,3.326,5.3552,14.3656,0.8702,7.0,7.0,0.5714,-3.1666,4.5838,-113.1415,4.4232,-0.1076,0.5734,STRATA_SYN_LOW_QUALITY_00168,LOW_QUALITY,False,none
14.0,109.09,8.39,0.21,39.98,0.0,0.7619,0.0795,0.6603,0.8173,0.0631,2.98,0.5541,2.8401,10.3588,3.476,2.3989,6.2625,0.6046,5.0,6.0,0.4615,-15.9672,2.4237,-451.1591,1.7129,0.2469,0.5147,STRATA_SYN_STRUCTURAL_MONOTONIC_00049,STRUCTURAL_MONOTONIC,False,none
7.0,73.83,12.31,0.26,38.67,0.0,0.7582,0.0878,0.671,0.8181,0.081,1.95,0.4917,1.8196,6.5659,3.367,2.1718,6.5659,1.0,3.0,3.0,0.5,0.1911,1.8196,-361.8031,1.674,-0.4667,0.5418,STRATA_SYN_STRUCTURAL_MONOTONIC_00102,STRUCTURAL_MONOTONIC,False,none
20.0,149.57,7.87,0.25,26.0,0.0,0.8043,0.0733,0.6869,0.8332,0.076,2.822,0.2031,2.9531,12.128,4.298,2.7567,9.8869,0.8152,15.0,6.0,0.5263,-14.2539,2.358,-91.7015,2.2716,0.3195,0.7989,STRATA_SYN_SEASONAL_ENVIRONMENTAL_00120,SEASONAL_ENVIRONMENTAL,False,none
10.0,191.01,21.22,0.3,30.8,0.0,0.174,0.0422,0.1157,0.1914,0.0413,2.892,0.3304,2.8211,10.3546,3.58,3.7622,8.5554,0.8262,5.0,3.0,0.5556,2.4411,2.7917,5.259,2.791,-0.1986,0.6603,STRATA_SYN_LOW_QUALITY_00294,LOW_QUALITY,False,none
18.0,188.8,11.11,0.32,42.13,0.0,0.8169,0.0712,0.6838,0.8277,0.0827,1.022,0.2595,4.2248,13.034,12.753,1.5028,4.9974,0.3834,7.0,2.0,0.4706,12.4189,3.7453,263.1644,2.3546,0.8322,0.3,STRATA_SYN_SEASONAL_ENVIRONMENTAL_00394,SEASONAL_ENVIRONMENTAL,False,none
11.0,108.33,10.83,0.28,37.35,0.0,0.1884,0.0325,0.102,0.1659,0.0462,3.709,1.2772,4.4998,14.2066,3.83,5.062,12.936,0.9106,7.0,6.0,0.6,-6.5808,4.4571,-348.5399,4.2471,-0.0184,0.6629,STRATA_SYN_LOW_QUALITY_00461,LOW_QUALITY,False,none
6.0,115.1,23.02,0.32,43.71,0.0,0.7908,0.0545,0.7079,0.8276,0.0659,1.749,0.1898,1.5605,5.043,2.883,1.152,1.8975,0.3763,2.0,1.0,0.8,-13.7279,0.5137,44.5965,0.4635,0.2751,0.0,STRATA_SYN_STRUCTURAL_ACCELERATING_00037,STRUCTURAL_ACCELERATING,True,short_sequence
6.0,99.76,19.95,0.13,35.13,0.0,0.1828,0.0243,0.1439,0.1716,0.0343,4.603,1.8197,4.7207,14.9481,3.247,6.0649,12.5697,0.8409,3.0,2.0,0.6,-1.9505,4.7172,727.4209,3.8643,-0.1862,0.7671,STRATA_SYN_LOW_QUALITY_00355,LOW_QUALITY,False,none
19.0,232.83,12.94,0.28,42.24,0.0,0.8219,0.0907,0.6513,0.819,0.0566,2.358,-0.6075,2.0575,9.2772,3.934,2.0574,7.1888,0.7749,10.0,7.0,0.5,2.5764,1.996,-26.4085,1.9465,0.0164,0.3888,STRATA_SYN_STRUCTURAL_ACCELERATING_00426,STRUCTURAL_ACCELERATING,False,none
13.0,236.91,19.74,0.29,37.89,0.0,0.7806,0.0724,0.6678,0.8658,0.0591,2.327,1.5388,3.9702,15.7163,6.754,4.5294,14.625,0.9306,6.0,7.0,0.75,-3.9924,3.8875,-49.6769,3.782,-0.1644,0.5494,STRATA_SYN_ATMOSPHERIC_TRANSIENT_00419,ATMOSPHERIC_TRANSIENT,False,none
7.0,97.03,16.17,0.19,34.36,0.0,0.8335,0.1041,0.6731,0.769,0.08,1.768,3.1566,1.9813,5.6367,3.188,2.8752,4.4541,0.7902,5.0,0.0,0.5,12.8432,1.622,-95.8345,1.5891,-0.2923,0.0,STRATA_SYN_TEMPORALLY_INCONSISTENT_00421,TEMPORALLY_INCONSISTENT,False,none
12.0,129.7,11.79,0.33,35.0,0.0,0.7688,0.0652,0.667,0.836,0.0825,0.737,-2.7645,1.7403,5.5317,7.506,0.8071,2.1043,0.3804,1.0,1.0,0.5455,9.8731,1.349,232.5311,0.4364,0.6941,0.0,STRATA_SYN_SEASONAL_ENVIRONMENTAL_00199,SEASONAL_ENVIRONMENTAL,False,none
19.0,203.83,11.32,0.23,36.36,0.0,0.8041,0.0828,0.6522,0.8339,0.0722,2.196,-0.181,1.8833,6.5289,2.973,2.0467,6.0709,0.9299,10.0,4.0,0.5556,-2.5726,1.8321,-60.2693,1.6607,-0.0685,0.5178,STRATA_SYN_STRUCTURAL_MONOTONIC_00038,STRUCTURAL_MONOTONIC,False,none
6.0,81.25,16.25,0.35,38.4,0.0,0.769,0.089,0.657,0.7899,0.0672,0.919,0.2065,0.586,1.8244,1.985,0.677,1.3021,0.7137,1.0,2.0,0.4,-0.1769,0.5858,177.657,0.388,0.0766,0.8554,STRATA_SYN_STRUCTURAL_MONOTONIC_00218,STRUCTURAL_MONOTONIC,False,none
10.0,150.36,16.71,0.29,40.7,0.0,0.8013,0.0761,0.6704,0.7673,0.0507,1.102,1.7121,3.3386,12.3289,11.188,3.9399,12.3289,1.0,7.0,4.0,0.5556,-0.146,3.3385,-73.7346,3.291,-0.3561,0.8521,STRATA_SYN_ATMOSPHERIC_TRANSIENT_00073,ATMOSPHERIC_TRANSIENT,False,none
20.0,294.95,15.52,0.29,25.7,0.0,0.7907,0.0902,0.6556,0.8386,0.0633,0.736,0.925,5.678,17.2881,23.489,1.4822,3.1178,0.1803,2.0,2.0,0.5789,17.0848,3.8375,-114.6025,2.3095,0.9099,0.1887,STRATA_SYN_SEASONAL_ENVIRONMENTAL_00008,SEASONAL_ENVIRONMENTAL,False,none
7.0,105.36,17.56,0.24,43.86,0.0,0.7508,0.1036,0.6577,0.8509,0.0718,2.728,-0.7191,2.508,8.2527,3.025,3.4533,6.968,0.8443,3.0,4.0,0.5,7.4294,2.4042,134.9515,2.3426,-0.1112,0.8773,STRATA_SYN_STABLE_00407,STABLE,False,none
8.0,122.53,17.5,0.35,43.98,0.0,0.1919,0.0344,0.1437,0.1809,0.0489,4.387,0.7942,2.927,8.7075,1.985,3.4962,5.7904,0.665,3.0,3.0,0.4286,17.5272,2.21,50.8581,2.1937,0.1299,0.6162,STRATA_SYN_LOW_QUALITY_00280,LOW_QUALITY,False,none
19.0,113.56,6.31,0.26,29.99,0.0,0.8213,0.0981,0.6537,0.7945,0.0684,0.838,-0.2979,0.8295,3.029,3.615,0.8556,2.3223,0.7667,10.0,6.0,0.4444,-2.1224,0.8049,26.4255,0.798,0.0328,0.5693,STRATA_SYN_STRUCTURAL_MONOTONIC_00169,STRUCTURAL_MONOTONIC,False,none
24.0,532.17,23.14,0.3,28.1,0.0,0.7797,0.0889,0.6549,0.8224,0.0586,0.874,-0.6907,4.8322,14.7711,16.901,2.5867,5.6809,0.3846,4.0,4.0,0.5652,2.7071,4.6841,-15.087,4.501,0.7997,0.416,STRATA_SYN_SEASONAL_ENVIRONMENTAL_00098,SEASONAL_ENVIRONMENTAL,False,none
17.0,156.19,9.76,0.25,26.86,0.0,0.7869,0.0957,0.6529,0.8116,0.0858,0.757,-0.3848,0.4682,1.8551,2.451,0.5783,1.8551,1.0,9.0,4.0,0.4375,-0.1192,0.4679,2.1608,0.4676,-0.1681,0.6663,STRATA_SYN_STRUCTURAL_ACCELERATING_00071,STRUCTURAL_ACCELERATING,False,none
10.0,105.05,11.67,0.24,43.57,0.0,0.7727,0.114,0.6623,0.8217,0.0651,1.208,-0.7453,1.7022,6.2726,5.193,1.3237,2.5858,0.4122,3.0,1.0,0.6667,-15.4567,0.9355,134.004,0.7922,0.4404,0.0,STRATA_SYN_STRUCTURAL_MONOTONIC_00313,STRUCTURAL_MONOTONIC,False,none
11.0,141.97,14.2,0.28,42.11,0.0,0.7546,0.0846,0.6541,0.8315,0.0923,1.021,-2.0909,5.1272,15.9111,15.584,5.1619,8.4155,0.5289,9.0,3.0,0.5,-34.7128,2.8526,-127.9574,2.7223,0.3609,0.2677,STRATA_SYN_TEMPORALLY_INCONSISTENT_00159,TEMPORALLY_INCONSISTENT,False,none
16.0,262.93,17.53,0.28,35.19,0.0,0.1841,0.0434,0.1073,0.1833,0.0495,2.953,0.2539,2.7842,10.2428,3.469,3.9467,9.6307,0.9402,9.0,8.0,0.5333,-1.8742,2.7533,33.6051,2.6551,-0.4231,0.9685,STRATA_SYN_LOW_QUALITY_00272,LOW_QUALITY,False,none
8.0,86.8,12.4,0.17,37.8,0.0,0.7866,0.0978,0.6503,0.8265,0.0755,1.992,5.1143,4.6187,11.9004,5.974,8.4595,11.7153,0.9844,6.0,3.0,0.5714,12.708,4.5113,-491.1564,4.3211,-0.7917,0.578,STRATA_SYN_TEMPORALLY_INCONSISTENT_00287,TEMPORALLY_INCONSISTENT,False,none
15.0,134.95,9.64,0.28,34.42,0.0,0.7994,0.0851,0.6556,0.7905,0.0769,2.698,0.2603,3.3614,10.7248,3.975,4.2251,9.8149,0.9152,9.0,8.0,0.5,2.6015,3.3483,106.1664,3.2917,-0.1808,0.7761,STRATA_SYN_ATMOSPHERIC_TRANSIENT_00022,ATMOSPHERIC_TRANSIENT,False,none
8.0,112.98,16.14,0.27,38.82,0.0,0.7783,0.109,0.6535,0.7757,0.0795,2.522,-3.9348,5.1646,17.0232,6.75,4.8762,13.6586,0.8024,4.0,4.0,0.5714,20.6979,4.7224,-639.8131,3.7542,0.2568,0.9062,STRATA_SYN_ATMOSPHERIC_TRANSIENT_00034,ATMOSPHERIC_TRANSIENT,False,none
14.0,146.69,11.28,0.27,26.87,0.0,0.8104,0.0816,0.6639,0.8391,0.0735,2.932,-0.9649,3.0875,10.7116,3.653,4.3903,10.7116,1.0,10.0,6.0,0.6154,-3.8353,3.0503,-131.4483,2.9133,-0.2531,0.8754,STRATA_SYN_STRUCTURAL_ACCELERATING_00007,STRUCTURAL_ACCELERATING,False,none
10.0,151.42,16.82,0.29,39.76,0.0,0.788,0.101,0.687,0.8204,0.0605,2.872,-2.1728,2.9672,9.9299,3.457,3.7277,7.5311,0.7584,4.0,4.0,0.5556,-11.7456,2.5252,-8.5135,2.5243,-0.0163,0.8607,STRATA_SYN_STRUCTURAL_ACCELERATING_00372,STRUCTURAL_ACCELERATING,False,none
12.0,146.4,13.31,0.3,33.79,0.0,0.8042,0.062,0.7175,0.806,0.0668,2.413,-0.2278,2.6314,9.8525,4.083,3.6381,6.9607,0.7065,7.0,7.0,0.5455,-4.9811,2.5562,-153.226,2.3194,-0.1822,0.6999,STRATA_SYN_STRUCTURAL_MONOTONIC_00245,STRUCTURAL_MONOTONIC,False,none
19.0,419.36,23.3,0.28,41.79,0.0,0.7901,0.1039,0.667,0.7777,0.0696,1.003,0.6726,7.0789,20.1494,20.089,3.8544,7.0088,0.3478,3.0,4.0,0.5556,6.9562,6.6496,-7.765,6.6362,0.7607,0.3413,STRATA_SYN_SEASONAL_ENVIRONMENTAL_00452,SEASONAL_ENVIRONMENTAL,False,none
19.0,156.57,8.7,0.28,33.8,0.0,0.8231,0.0772,0.6631,0.8156,0.0667,1.589,1.5177,4.0304,15.0805,9.491,2.5655,6.2886,0.417,8.0,2.0,0.5556,4.559,3.9863,-456.8124,1.9835,0.583,0.2425,STRATA_SYN_SEASONAL_ENVIRONMENTAL_00315,SEASONAL_ENVIRONMENTAL,False,none
16.0,198.27,13.22,0.25,42.57,0.0,0.8131,0.1069,0.6659,0.8255,0.0796,1.627,0.5824,3.7323,17.239,10.596,3.3036,15.0888,0.8753,7.0,6.0,0.4667,1.9194,3.7185,32.8997,3.696,-0.0563,0.9418,STRATA_SYN_ATMOSPHERIC_TRANSIENT_00079,ATMOSPHERIC_TRANSIENT,False,none
10.0,108.13,12.01,0.26,38.78,0.0,0.8012,0.0704,0.6945,0.8176,0.072,1.327,-0.2452,1.1601,3.4668,2.613,1.7072,2.511,0.7243,6.0,7.0,0.6667,-4.3148,1.0866,14.6398,1.0851,-0.3558,0.0989,STRATA_SYN_STABLE_00205,STABLE,False,none
18.0,208.32,12.25,0.36,27.8,0.0,0.8395,0.089,0.6547,0.8126,0.0639,1.866,0.2069,2.452,8.3626,4.482,2.7026,6.9912,0.836,10.0,10.0,0.5882,4.9353,2.2968,-67.5261,2.1071,0.104,0.8619,STRATA_SYN_STABLE_00039,STABLE,False,none
14.0,295.71,22.75,0.3,27.73,0.0,0.7783,0.1073,0.6507,0.8592,0.0669,1.745,0.8557,2.3961,8.9149,5.109,3.2485,8.9149,1.0,10.0,9.0,0.5385,-2.9407,2.2802,7.9216,2.2694,-0.4304,0.2983,STRATA_SYN_STABLE_00155,STABLE,False,none
14.0,201.58,15.51,0.3,44.19,0.0,0.8174,0.0842,0.6507,0.8276,0.0723,2.382,1.3607,2.5083,7.9108,3.321,1.9969,4.4259,0.5595,4.0,5.0,0.6923,8.4831,2.0476,2.0861,2.0475,0.3831,0.0,STRATA_SYN_STRUCTURAL_ACCELERATING_00230,STRUCTURAL_ACCELERATING,False,none
13.0,191.43,15.95,0.25,32.91,0.0,0.1608,0.0389,0.1025,0.1938,0.0473,3.796,0.1925,3.6326,11.4749,3.023,4.4712,9.3579,0.8155,9.0,5.0,0.5833,-10.5934,3.191,-38.2596,3.1587,-0.1144,0.4844,STRATA_SYN_LOW_QUALITY_00276,LOW_QUALITY,False,none
12.0,82.62,7.51,0.24,36.7,0.0,0.7851,0.088,0.6501,0.8086,0.0684,0.766,-0.2996,0.8954,3.6651,4.785,1.2082,3.345,0.9127,5.0,7.0,0.4545,1.0241,0.8925,25.3578,0.8907,-0.4445,0.7538,STRATA_SYN_STABLE_00426,STABLE,False,none
10.0,61.98,6.89,0.3,31.31,0.0,0.8013,0.0816,0.6814,0.8226,0.0615,0.843,4.0284,3.5984,11.602,13.763,5.7619,8.034,0.6925,8.0,1.0,0.5556,30.991,3.1845,227.6838,3.1708,-0.5607,0.0,STRATA_SYN_TEMPORALLY_INCONSISTENT_00469,TEMPORALLY_INCONSISTENT,False,none
11.0,182.09,18.21,0.32,33.99,0.0,0.782,0.0846,0.6627,0.7992,0.0558,1.498,3.0686,2.4015,6.9273,4.624,1.5434,5.1234,0.7396,5.0,1.0,0.6,12.5211,1.3801,-52.4558,1.2544,0.4686,0.0,STRATA_SYN_STRUCTURAL_MONOTONIC_00066,STRUCTURAL_MONOTONIC,False,none
19.0,246.47,13.69,0.31,41.55,0.0,0.8168,0.082,0.6505,0.8158,0.073,1.264,-0.5778,1.7883,8.7495,6.922,2.002,6.3191,0.7222,11.0,11.0,0.5,1.2957,1.7683,24.7266,1.7064,-0.0974,0.6471,STRATA_SYN_ATMOSPHERIC_TRANSIENT_00464,ATMOSPHERIC_TRANSIENT,False,none
20.0,347.13,18.27,0.25,30.4,0.0,0.7812,0.061,0.6648,0.8455,0.0663,2.307,0.3326,4.5903,18.1667,7.875,2.6465,7.0726,0.3893,7.0,3.0,0.4737,-4.1866,4.4289,40.3737,4.1692,0.6708,0.2323,STRATA_SYN_SEASONAL_ENVIRONMENTAL_00494,SEASONAL_ENVIRONMENTAL,False,none
14.0,285.71,21.98,0.29,39.01,0.0,0.8227,0.0979,0.6744,0.8243,0.0853,2.137,-0.2601,1.9886,7.0258,3.288,2.7946,5.8322,0.8301,10.0,9.0,0.6154,-1.9927,1.9291,24.0662,1.8236,-0.3309,0.5493,STRATA_SYN_STRUCTURAL_ACCELERATING_00354,STRUCTURAL_ACCELERATING,False,none
21.0,222.02,11.1,0.27,31.09,0.0,0.7948,0.0859,0.6736,0.8423,0.0713,2.005,0.7968,3.9253,19.6805,9.816,2.5805,8.2853,0.421,11.0,5.0,0.6,-11.9842,3.2458,-142.4391,2.4331,0.6014,0.4853,STRATA_SYN_SEASONAL_ENVIRONMENTAL_00072,SEASONAL_ENVIRONMENTAL,False,none
11.0,220.12,22.01,0.17,40.46,0.0,0.7601,0.0733,0.6532,0.848,0.0749,1.606,0.1329,2.8252,8.3484,5.198,1.8459,4.7567,0.5698,3.0,2.0,0.6,-8.2545,2.3467,-50.2663,2.2038,0.6509,0.5191,STRATA_SYN_SEASONAL_ENVIRONMENTAL_00190,SEASONAL_ENVIRONMENTAL,False,none
10.0,140.15,15.57,0.22,39.06,0.0,0.7999,0.1,0.6519,0.8139,0.0842,2.197,-1.0106,2.6527,7.6625,3.488,4.6027,7.6625,1.0,8.0,6.0,0.5556,2.0839,2.6403,108.3741,2.5418,-0.7784,0.8145,STRATA_SYN_STRUCTURAL_ACCELERATING_00042,STRUCTURAL_ACCELERATING,False,none
14.0,297.86,22.91,0.26,30.34,0.0,0.7828,0.0837,0.6508,0.8351,0.0707,0.805,0.2455,0.7946,2.537,3.152,1.0094,2.537,1.0,8.0,9.0,0.5385,-0.8419,0.7657,2.5647,0.7622,-0.3242,0.2421,STRATA_SYN_STABLE_00287,STABLE,False,none
10.0,201.89,22.43,0.25,39.22,0.0,0.7902,0.068,0.6584,0.8723,0.0807,2.145,-0.8057,1.5255,5.1925,2.421,2.0949,4.4796,0.8627,5.0,6.0,0.6667,-4.501,1.3019,-17.8273,1.2788,-0.2349,0.6426,STRATA_SYN_STABLE_00321,STABLE,False,none
11.0,182.15,18.22,0.32,41.27,0.0,0.8121,0.1088,0.6511,0.796,0.0589,1.497,-1.3273,1.5117,6.2935,4.204,1.4286,3.803,0.6043,4.0,1.0,0.6,-1.7168,1.4873,94.4951,1.0655,0.1698,0.0,STRATA_SYN_STRUCTURAL_ACCELERATING_00211,STRUCTURAL_ACCELERATING,False,none
17.0,173.26,10.83,0.32,25.0,0.0,0.1591,0.0368,0.1065,0.1846,0.0376,3.912,1.1368,4.5626,14.3531,3.669,6.0486,13.305,0.927,10.0,9.0,0.5625,-3.2466,4.5381,90.3008,4.4588,-0.2851,0.3571,STRATA_SYN_LOW_QUALITY_00159,LOW_QUALITY,False,none
8.0,86.19,12.31,0.28,37.53,0.0,0.8634,0.0774,0.6799,0.8453,0.0697,1.818,3.5688,3.2323,8.202,4.512,5.9371,7.6468,0.9323,6.0,3.0,0.5714,17.8462,2.9226,69.3701,2.917,-0.7103,0.0,STRATA_SYN_TEMPORALLY_INCONSISTENT_00018,TEMPORALLY_INCONSISTENT,False,none
18.0,397.68,23.39,0.29,44.83,0.0,0.8321,0.0725,0.6755,0.8486,0.0722,1.75,-1.8717,2.3936,10.0541,5.745,2.0302,5.9188,0.5887,14.0,3.0,0.4706,-4.7071,1.8123,10.5933,1.736,0.3709,0.2276,STRATA_SYN_STRUCTURAL_MONOTONIC_00030,STRUCTURAL_MONOTONIC,False,none
9.0,71.96,9.0,0.34,40.71,0.0,0.1895,0.0428,0.1123,0.141,0.0318,4.532,1.713,2.7688,7.8407,1.73,3.9263,7.131,0.9095,6.0,3.0,0.625,-20.7148,2.4348,-113.967,2.4263,-0.4272,0.0,STRATA_SYN_LOW_QUALITY_00233,LOW_QUALITY,False,none
15.0,312.5,22.32,0.19,34.98,0.0,0.8118,0.0833,0.6805,0.8203,0.0784,1.714,-3.4159,2.9299,9.5132,5.55,1.8528,4.3977,0.4623,9.0,3.0,0.6429,-9.4106,1.5535,14.1833,1.4902,0.6455,0.2189,STRATA_SYN_STRUCTURAL_ACCELERATING_00175,STRUCTURAL_ACCELERATING,False,none
11.0,225.18,22.52,0.28,31.5,0.0,0.1744,0.0303,0.1337,0.1834,0.0356,3.077,0.1075,3.172,9.1688,2.98,4.3552,8.4014,0.9163,8.0,5.0,0.5,-3.2467,3.1083,29.9038,3.0676,-0.2763,0.3508,STRATA_SYN_LOW_QUALITY_00286,LOW_QUALITY,False,none
13.0,120.12,10.01,0.26,37.95,0.0,0.8059,0.0939,0.6617,0.8396,0.0617,2.843,-2.2837,4.6783,17.0563,5.999,3.3765,8.1495,0.4778,5.0,4.0,0.5,24.1328,3.9611,591.1165,2.8461,0.5792,0.8217,STRATA_SYN_SEASONAL_ENVIRONMENTAL_00493,SEASONAL_ENVIRONMENTAL,False,none
17.0,196.01,12.25,0.26,41.88,0.0,0.1855,0.0365,0.101,0.172,0.0474,3.634,-0.0516,3.3051,11.5328,3.174,3.5901,10.511,0.9114,8.0,7.0,0.5625,4.4845,3.2222,-7.9386,3.2207,0.087,0.4893,STRATA_SYN_LOW_QUALITY_00477,LOW_QUALITY,False,none
11.0,219.25,21.92,0.25,40.57,0.0,0.8157,0.0923,0.6572,0.8097,0.0733,1.233,2.2231,2.2535,7.4222,6.02,1.3607,3.4262,0.4616,6.0,2.0,0.6,9.8745,1.2519,57.9569,0.847,0.6235,0.2597,STRATA_SYN_STRUCTURAL_MONOTONIC_00028,STRUCTURAL_MONOTONIC,False,none
15.0,272.7,19.48,0.32,29.39,0.0,0.8004,0.0912,0.6518,0.8038,0.067,1.442,-1.0037,4.3854,16.6417,11.541,2.9639,8.3132,0.4995,8.0,2.0,0.5,1.7438,4.3669,-143.1799,2.7649,0.5505,0.282,STRATA_SYN_SEASONAL_ENVIRONMENTAL_00044,SEASONAL_ENVIRONMENTAL,False,none
20.0,167.59,8.82,0.32,44.14,0.0,0.7865,0.0867,0.658,0.8148,0.0757,1.118,0.2608,1.1122,4.1552,3.717,1.1095,3.1954,0.769,12.0,6.0,0.5789,-0.6153,1.1089,0.129,1.1089,0.1704,0.8671,STRATA_SYN_STABLE_00375,STABLE,False,none
16.0,315.8,21.05,0.27,34.45,0.0,0.8213,0.0733,0.6964,0.7949,0.067,2.135,0.2036,2.3427,8.3332,3.903,3.2821,6.3983,0.7678,9.0,9.0,0.5333,2.7936,2.2223,20.3923,2.1282,-0.3091,0.4498,STRATA_SYN_STABLE_00111,STABLE,False,none
18.0,339.53,19.97,0.25,42.61,0.0,0.1721,0.0389,0.1061,0.1792,0.0461,3.491,0.1653,2.2791,8.2007,2.349,3.0506,6.2647,0.7639,10.0,9.0,0.5882,-0.0455,2.2791,21.2497,2.1483,-0.2287,0.5261,STRATA_SYN_LOW_QUALITY_00437,LOW_QUALITY,False,none
7.0,58.66,9.78,0.36,27.22,0.0,0.8148,0.0825,0.6823,0.8432,0.0509,2.773,-1.1456,1.6275,5.1516,1.858,1.9997,4.3013,0.8349,2.0,3.0,0.6667,-1.3367,1.626,472.0455,1.5153,0.0171,0.671,STRATA_SYN_STRUCTURAL_ACCELERATING_00282,STRUCTURAL_ACCELERATING,False,none
6.0,72.08,14.42,0.23,35.15,0.0,0.799,0.0771,0.7047,0.8671,0.0723,1.47,-2.0764,1.5529,5.2585,3.577,1.5215,2.8829,0.5482,3.0,2.0,0.6,-17.9809,0.9733,-236.6847,0.8571,0.0878,0.3549,STRATA_SYN_STABLE_00313,STABLE,True,short_sequence
15.0,300.33,21.45,0.29,28.32,0.0,0.8042,0.0777,0.6598,0.8475,0.0823,1.919,1.7627,3.0833,10.1082,5.267,4.5406,8.8693,0.8774,13.0,10.0,0.5,4.0947,2.9036,4.4695,2.9008,-0.3069,0.8678,STRATA_SYN_TEMPORALLY_INCONSISTENT_00016,TEMPORALLY_INCONSISTENT,False,none
15.0,123.54,8.82,0.24,38.09,0.0,0.8141,0.0938,0.654,0.8195,0.0727,1.725,3.5614,2.7909,7.8973,4.578,4.8422,7.6921,0.974,13.0,4.0,0.5,8.4539,2.6474,-23.1672,2.645,-0.6173,0.3259,STRATA_SYN_TEMPORALLY_INCONSISTENT_00142,TEMPORALLY_INCONSISTENT,False,none
17.0,206.17,12.89,0.27,35.8,0.0,0.7962,0.0914,0.656,0.8482,0.0628,1.438,-0.1619,1.7953,6.5893,4.582,1.9494,4.7484,0.7206,9.0,8.0,0.5625,-5.3918,1.5338,-16.8618,1.5173,0.1001,0.7562,STRATA_SYN_ATMOSPHERIC_TRANSIENT_00422,ATMOSPHERIC_TRANSIENT,False,none
6.0,79.26,15.85,0.29,38.8,0.0,0.7518,0.0863,0.6517,0.7717,0.0564,1.547,1.9079,3.6367,10.987,7.102,4.2832,8.8766,0.8079,2.0,2.0,0.6,11.853,3.5282,-781.9243,3.0154,-0.0517,0.9492,STRATA_SYN_ATMOSPHERIC_TRANSIENT_00067,ATMOSPHERIC_TRANSIENT,False,none
13.0,138.11,11.51,0.28,32.34,0.0,0.8212,0.0799,0.6739,0.8001,0.0643,2.845,-2.5661,3.0487,11.7726,4.138,3.5099,8.4474,0.7175,7.0,3.0,0.5833,4.8566,2.9942,99.2617,2.931,-0.071,0.3851,STRATA_SYN_STRUCTURAL_ACCELERATING_00136,STRUCTURAL_ACCELERATING,False,none
15.0,279.57,19.97,0.22,34.12,0.0,0.7904,0.0793,0.6814,0.791,0.0697,1.127,-0.3009,6.5358,17.5242,15.549,2.7907,6.052,0.3454,6.0,2.0,0.5714,-9.7229,6.1189,222.6936,2.6421,0.7735,0.392,STRATA_SYN_SEASONAL_ENVIRONMENTAL_00479,SEASONAL_ENVIRONMENTAL,False,none
18.0,380.25,22.37,0.25,25.88,0.0,0.7868,0.0886,0.6584,0.8253,0.0736,1.812,-1.7312,4.2598,15.7297,8.681,4.9987,12.5602,0.7985,10.0,10.0,0.5294,0.7266,4.2535,23.5672,4.1197,-0.0484,0.8471,STRATA_SYN_ATMOSPHERIC_TRANSIENT_00467,ATMOSPHERIC_TRANSIENT,False,none
10.0,61.71,6.86,0.37,34.86,0.0,0.7922,0.0597,0.698,0.809,0.0748,2.336,0.2247,3.4433,11.5565,4.947,3.0756,6.7546,0.5845,5.0,3.0,0.6667,-27.6983,3.1034,1669.6974,2.2647,0.2696,0.2812,STRATA_SYN_STRUCTURAL_ACCELERATING_00172,STRUCTURAL_ACCELERATING,False,none
10.0,109.75,12.19,0.25,25.66,0.0,0.1643,0.0505,0.1006,0.1816,0.0373,3.549,-0.9785,3.1212,12.0668,3.4,3.426,6.3488,0.5261,5.0,4.0,0.6667,21.0854,2.3793,-294.669,2.0585,0.0992,0.5261,STRATA_SYN_LOW_QUALITY_00186,LOW_QUALITY,False,none
15.0,129.64,9.26,0.21,35.19,0.0,0.8108,0.0804,0.6606,0.822,0.0815,1.88,0.0199,2.3102,9.6346,5.125,2.9483,8.4597,0.8781,9.0,7.0,0.5,7.099,2.1755,68.0461,2.1451,-0.382,0.6528,STRATA_SYN_STABLE_00097,STABLE,False,none
11.0,186.72,18.67,0.29,26.35,0.0,0.182,0.0372,0.1145,0.163,0.0477,3.5,0.4794,3.4059,9.9813,2.852,3.5228,7.7901,0.7805,7.0,4.0,0.6,-4.2582,3.3359,-181.6034,2.5949,0.1608,0.9986,STRATA_SYN_LOW_QUALITY_00012,LOW_QUALITY,False,none
11.0,60.36,6.04,0.26,28.21,0.0,0.784,0.1002,0.6519,0.8276,0.0796,1.37,-0.5486,1.1967,3.9284,2.867,1.3965,3.6801,0.9368,5.0,4.0,0.6,-0.1925,1.1967,-356.8125,1.1159,-0.0857,0.8763,STRATA_SYN_STABLE_00316,STABLE,False,none
13.0,180.66,15.06,0.27,32.15,0.0,0.8372,0.0481,0.7424,0.8096,0.0733,2.032,0.1879,3.6677,11.8632,5.838,3.1774,8.514,0.7177,7.0,4.0,0.5833,14.6901,2.876,96.3408,2.6903,0.3979,0.6149,STRATA_SYN_SEASONAL_ENVIRONMENTAL_00448,SEASONAL_ENVIRONMENTAL,False,none
9.0,141.7,17.71,0.25,28.85,0.0,0.8281,0.0941,0.6667,0.7941,0.0659,2.499,1.8021,2.9682,9.0165,3.608,3.474,8.7522,0.9707,3.0,4.0,0.75,7.1939,2.8277,25.1383,2.8225,-0.2086,0.4385,STRATA_SYN_STRUCTURAL_MONOTONIC_00423,STRUCTURAL_MONOTONIC,False,none
11.0,97.46,9.75,0.27,39.23,0.0,0.7801,0.0893,0.6563,0.8091,0.0742,2.876,-3.8641,4.7833,17.0025,5.912,3.5234,10.9186,0.6422,6.0,1.0,0.7,-47.7264,2.5652,140.0046,2.527,0.2477,0.0,STRATA_SYN_SEASONAL_ENVIRONMENTAL_00290,SEASONAL_ENVIRONMENTAL,False,none
8.0,134.39,19.2,0.29,42.31,0.0,0.7863,0.0908,0.6915,0.8288,0.0813,1.987,0.203,1.0495,3.875,1.95,1.2798,3.875,1.0,4.0,2.0,0.7143,1.3406,1.0369,53.4968,0.9802,-0.2696,0.7009,STRATA_SYN_STRUCTURAL_ACCELERATING_00278,STRUCTURAL_ACCELERATING,False,none
19.0,272.6,15.14,0.3,34.4,0.0,0.8101,0.0825,0.6722,0.7961,0.0638,1.498,-1.0242,1.7366,6.734,4.495,1.7314,4.6172,0.6857,10.0,7.0,0.5556,-4.952,1.3213,-1.0632,1.3211,0.3242,0.7885,STRATA_SYN_STRUCTURAL_ACCELERATING_00044,STRUCTURAL_ACCELERATING,False,none
14.0,158.13,12.16,0.23,28.76,0.0,0.8043,0.1023,0.6737,0.8361,0.0583,1.498,-0.9125,3.6891,15.0569,10.051,3.381,14.8133,0.9838,9.0,4.0,0.5385,5.365,3.6179,-5.6293,3.6176,-0.1086,0.8314,STRATA_SYN_ATMOSPHERIC_TRANSIENT_00416,ATMOSPHERIC_TRANSIENT,False,none
18.0,193.69,11.39,0.33,37.34,0.0,0.7931,0.0956,0.6598,0.7927,0.0631,1.858,0.1167,2.3282,10.8809,5.856,2.7831,6.5008,0.5975,11.0,12.0,0.5882,-4.6768,2.2017,-11.8903,2.1973,-0.0355,0.8949,STRATA_SYN_STABLE_00373,STABLE,False,none
7.0,124.53,20.76,0.29,36.93,0.0,0.7593,0.0931,0.651,0.7894,0.0759,1.095,4.2395,3.1012,10.3874,9.486,4.6133,6.6338,0.6386,5.0,1.0,0.5,14.0516,2.6582,-127.5752,2.5606,-0.2935,0.0,STRATA_SYN_TEMPORALLY_INCONSISTENT_00401,TEMPORALLY_INCONSISTENT,False,none
6.0,35.03,7.01,0.33,33.35,0.0,0.7692,0.1081,0.6571,0.8491,0.0355,1.728,-0.4079,2.3567,6.9018,3.994,3.9901,6.9018,1.0,4.0,4.0,0.6,-2.9721,2.3547,1930.688,2.1799,-0.6083,0.9462,STRATA_SYN_ATMOSPHERIC_TRANSIENT_00230,ATMOSPHERIC_TRANSIENT,False,none
11.0,218.71,21.87,0.2,40.57,0.0,0.799,0.0708,0.6755,0.7966,0.0658,2.213,-1.47,3.9377,15.013,6.784,3.196,8.5787,0.5714,3.0,2.0,0.6,-1.505,3.9273,202.4651,2.2764,0.3774,0.517,STRATA_SYN_ATMOSPHERIC_TRANSIENT_00036,ATMOSPHERIC_TRANSIENT,False,none
7.0,57.85,9.64,0.25,31.7,0.0,0.8102,0.0792,0.7224,0.8167,0.0677,2.728,2.7278,2.2096,6.4701,2.372,4.1651,6.1525,0.9509,5.0,0.0,0.5,-12.2885,2.1132,-163.74,2.1039,-0.7016,0.0,STRATA_SYN_TEMPORALLY_INCONSISTENT_00059,TEMPORALLY_INCONSISTENT,False,none
19.0,343.54,19.09,0.27,32.99,0.0,0.8158,0.0959,0.6568,0.8577,0.0706,1.276,-0.5877,1.2195,4.9557,3.884,1.3129,3.52,0.7103,12.0,8.0,0.5,-0.8183,1.1969,13.1922,1.0961,0.0867,0.9889,STRATA_SYN_STRUCTURAL_ACCELERATING_00024,STRUCTURAL_ACCELERATING,False,none
12.0,118.37,10.76,0.24,28.09,0.0,0.7906,0.0918,0.6572,0.8207,0.0865,1.81,-1.0349,3.4515,12.1849,6.732,1.4747,3.0802,0.2528,3.0,3.0,0.8182,31.3328,1.3173,-110.0447,1.2171,0.6278,0.0041,STRATA_SYN_SEASONAL_ENVIRONMENTAL_00326,SEASONAL_ENVIRONMENTAL,False,none
20.0,318.11,16.74,0.31,42.61,0.0,0.7998,0.0826,0.6735,0.8106,0.0688,1.411,-3.048,2.048,7.7445,5.489,2.1801,5.3566,0.6917,13.0,2.0,0.5789,-4.9519,1.575,-3.1444,1.5719,0.1267,0.139,STRATA_SYN_STRUCTURAL_MONOTONIC_00338,STRUCTURAL_MONOTONIC,False,none
9.0,139.93,17.49,0.25,38.16,0.0,0.1754,0.0413,0.1128,0.1654,0.045,4.419,-0.6824,3.2484,10.8007,2.444,3.645,9.7437,0.9021,3.0,4.0,0.5,5.027,3.1882,158.7126,3.0056,-0.1758,0.9021,STRATA_SYN_LOW_QUALITY_00170,LOW_QUALITY,False,none
14.0,232.15,17.86,0.19,41.85,0.0,0.7823,0.0629,0.6681,0.8073,0.0463,1.357,-3.2401,2.8226,8.3655,6.165,1.4712,5.9756,0.7143,8.0,1.0,0.6154,-12.3928,1.4175,-1.3281,1.4173,0.6177,0.0,STRATA_SYN_STRUCTURAL_MONOTONIC_00205,STRUCTURAL_MONOTONIC,False,none
14.0,229.77,17.67,0.24,43.99,0.0,0.7845,0.0799,0.6821,0.8261,0.0673,1.568,-2.3198,2.4912,9.302,5.932,2.2089,5.196,0.5586,6.0,2.0,0.6154,-9.5304,1.6577,-3.4009,1.6567,0.4635,0.2346,STRATA_SYN_STRUCTURAL_MONOTONIC_00331,STRUCTURAL_MONOTONIC,False,none
11.0,150.22,15.02,0.34,35.47,0.0,0.817,0.0513,0.7306,0.8095,0.0629,1.681,2.6224,3.1282,11.2883,6.715,4.6668,10.4614,0.9267,6.0,2.0,0.7,-0.0382,3.1282,-91.6713,3.0521,-0.6276,0.4646,STRATA_SYN_TEMPORALLY_INCONSISTENT_00361,TEMPORALLY_INCONSISTENT,False,none
19.0,139.98,7.78,0.26,32.38,0.0,0.1712,0.0425,0.1026,0.1864,0.0476,3.964,-0.8772,2.9819,13.3088,3.357,3.7049,8.8898,0.668,15.0,9.0,0.5556,-1.4914,2.9769,-42.2903,2.9658,-0.0368,0.7777,STRATA_SYN_LOW_QUALITY_00400,LOW_QUALITY,False,none
17.0,100.51,6.28,0.29,34.2,0.0,0.1425,0.0299,0.1032,0.1701,0.0544,4.889,0.0908,4.2062,14.2948,2.924,5.3038,11.5778,0.8099,11.0,10.0,0.5,9.3656,4.131,362.0479,3.9692,-0.2756,0.9626,STRATA_SYN_LOW_QUALITY_00295,LOW_QUALITY,False,none
19.0,263.43,14.64,0.3,29.29,0.0,0.1634,0.0447,0.1069,0.1815,0.0485,3.221,-0.1755,3.4052,16.0554,4.985,3.5803,10.8184,0.6738,15.0,9.0,0.5,3.3957,3.3226,48.4545,3.1558,0.0905,0.9404,STRATA_SYN_LOW_QUALITY_00281,LOW_QUALITY,False,none
15.0,201.92,14.42,0.27,33.61,0.0,0.8094,0.0897,0.6751,0.8164,0.0682,2.872,-0.2393,2.5862,8.4417,2.939,3.1253,7.0063,0.83,8.0,7.0,0.5714,-5.5523,2.4059,-12.653,2.4003,0.0129,0.5629,STRATA_SYN_ATMOSPHERIC_TRANSIENT_00409,ATMOSPHERIC_TRANSIENT,False,none
8.0,103.68,14.81,0.25,31.43,0.0,0.747,0.0691,0.6541,0.8249,0.0495,1.065,-0.4102,3.026,9.5203,8.939,5.593,6.9452,0.7295,6.0,6.0,0.5714,-9.666,2.8886,-73.0506,2.8755,-0.5619,0.8012,STRATA_SYN_TEMPORALLY_INCONSISTENT_00094,TEMPORALLY_INCONSISTENT,False,none
18.0,195.68,11.51,0.26,26.39,0.0,0.787,0.08,0.6702,0.8194,0.079,1.194,-1.9951,1.9701,6.7892,5.686,1.4716,3.6614,0.5393,9.0,5.0,0.5294,-9.4882,1.2153,-21.0896,1.1892,0.5199,0.3124,STRATA_SYN_STRUCTURAL_MONOTONIC_00019,STRUCTURAL_MONOTONIC,False,none
11.0,231.73,23.17,0.23,40.98,0.0,0.7847,0.0619,0.6937,0.8116,0.0483,0.744,0.4356,4.6458,21.1643,28.447,4.7949,13.2586,0.6265,7.0,6.0,0.5,-5.9814,4.4885,-44.5232,4.4179,-0.0023,0.9852,STRATA_SYN_ATMOSPHERIC_TRANSIENT_00352,ATMOSPHERIC_TRANSIENT,False,none
11.0,62.06,6.21,0.23,38.14,0.0,0.8361,0.0838,0.6955,0.8191,0.0549,0.958,1.9933,1.7442,6.5591,6.847,1.363,2.9387,0.448,5.0,2.0,0.7,-26.1046,1.0248,-15.371,1.0246,0.3808,0.095,STRATA_SYN_SEASONAL_ENVIRONMENTAL_00403,SEASONAL_ENVIRONMENTAL,False,none
19.0,421.59,23.42,0.28,43.93,0.0,0.7822,0.0857,0.6592,0.8145,0.0739,0.973,-1.7751,1.5025,5.1552,5.298,1.1588,3.1685,0.6146,11.0,2.0,0.4444,-2.4518,1.2304,4.9282,1.2004,0.4552,0.2129,STRATA_SYN_STRUCTURAL_MONOTONIC_00463,STRUCTURAL_MONOTONIC,False,none
14.0,268.0,20.62,0.21,29.4,0.0,0.7841,0.0769,0.6662,0.8312,0.0809,1.796,-0.8768,3.7621,9.89,5.507,2.5115,6.651,0.6725,4.0,3.0,0.5385,-3.7003,3.6667,-28.8376,3.6063,0.5355,0.0442,STRATA_SYN_SEASONAL_ENVIRONMENTAL_00057,SEASONAL_ENVIRONMENTAL,False,none
12.0,142.84,12.99,0.29,28.07,0.0,0.8001,0.0766,0.6763,0.8277,0.064,1.598,-2.1753,1.7774,6.7886,4.248,1.3654,2.7492,0.405,7.0,1.0,0.6364,-12.0526,0.9842,35.8672,0.9547,0.4136,0.0,STRATA_SYN_STRUCTURAL_MONOTONIC_00165,STRUCTURAL_MONOTONIC,False,none
10.0,65.04,7.23,0.29,28.31,0.0,0.7398,0.0881,0.6529,0.858,0.0648,2.496,-1.8245,4.1893,16.8833,6.764,4.706,11.8686,0.703,2.0,4.0,0.6667,-3.8424,4.1835,374.5006,4.1497,-0.1155,0.8539,STRATA_SYN_ATMOSPHERIC_TRANSIENT_00206,ATMOSPHERIC_TRANSIENT,False,none
18.0,371.64,21.86,0.32,26.99,0.0,0.815,0.0692,0.6991,0.8015,0.0821,1.14,-1.1969,1.0327,3.7654,3.303,1.3826,3.2295,0.8577,12.0,6.0,0.5294,-1.2817,0.9527,-4.8856,0.9293,-0.1627,0.8323,STRATA_SYN_STRUCTURAL_ACCELERATING_00330,STRUCTURAL_ACCELERATING,False,none
14.0,111.64,8.59,0.32,33.75,0.0,0.768,0.0794,0.6643,0.8159,0.0721,2.866,-1.1151,3.1814,13.7911,4.812,3.4902,10.6618,0.7731,7.0,6.0,0.5385,-11.2318,2.9989,-314.4911,2.7244,-0.1369,0.7148,STRATA_SYN_STABLE_00026,STABLE,False,none
18.0,286.68,16.86,0.3,29.11,0.0,0.8153,0.0974,0.6503,0.7846,0.0766,2.663,4.9296,4.3138,17.1768,6.45,5.4682,11.4764,0.6681,12.0,3.0,0.6471,7.2037,3.9522,-44.591,3.7849,-0.1164,0.1661,STRATA_SYN_TEMPORALLY_INCONSISTENT_00130,TEMPORALLY_INCONSISTENT,False,none
15.0,159.29,11.38,0.32,28.16,0.0,0.8105,0.0775,0.6686,0.8353,0.0601,2.698,1.7073,3.3692,12.3714,4.585,4.3768,9.0681,0.733,11.0,8.0,0.5,7.5027,3.2153,-43.2466,3.1966,-0.2043,0.8159,STRATA_SYN_ATMOSPHERIC_TRANSIENT_00485,ATMOSPHERIC_TRANSIENT,False,none
15.0,257.85,18.42,0.3,26.31,0.0,0.7491,0.0759,0.6604,0.8266,0.0666,1.766,-0.1124,2.284,8.6749,4.912,2.618,7.6068,0.8769,11.0,8.0,0.5,-0.3515,2.2827,33.8431,2.1682,-0.0571,0.6757,STRATA_SYN_STRUCTURAL_MONOTONIC_00320,STRUCTURAL_MONOTONIC,True,weak_structural_near_noise
10.0,84.56,9.4,0.18,36.51,0.0,0.8193,0.0884,0.6915,0.8348,0.0674,2.898,0.3104,2.4479,7.5068,2.59,2.7878,3.6355,0.4843,6.0,5.0,0.6667,22.924,1.7675,-418.1627,1.4538,0.1568,0.1071,STRATA_SYN_STRUCTURAL_ACCELERATING_00293,STRUCTURAL_ACCELERATING,False,none
19.0,248.9,13.83,0.29,29.15,0.0,0.1669,0.0395,0.1072,0.1881,0.0382,3.053,0.0412,2.7972,11.3818,3.728,3.1659,8.9129,0.7831,12.0,9.0,0.4444,-1.2831,2.7845,35.6355,2.6992,0.0052,0.718,STRATA_SYN_LOW_QUALITY_00038,LOW_QUALITY,False,none
6.0,68.23,13.65,0.26,31.56,0.0,0.7072,0.0365,0.6598,0.8212,0.077,3.0,0.1562,1.9013,5.3276,1.776,2.5927,4.8274,0.9061,3.0,2.0,0.6,-11.6643,1.75,-667.4076,1.3085,-0.1711,0.9061,STRATA_SYN_STABLE_00404,STABLE,True,elevated_noise_stable
16.0,297.83,19.86,0.21,41.33,0.0,0.8152,0.0763,0.695,0.8617,0.055,2.712,-2.054,3.1274,13.2847,4.898,3.982,7.3262,0.5515,12.0,5.0,0.5333,-6.6625,2.6446,9.0218,2.6326,-0.0361,0.5143,STRATA_SYN_STRUCTURAL_ACCELERATING_00393,STRUCTURAL_ACCELERATING,False,none
18.0,358.56,21.09,0.28,41.81,0.0,0.8028,0.0842,0.6531,0.8342,0.062,2.339,0.6581,2.0917,8.9081,3.809,2.2746,8.9081,1.0,11.0,8.0,0.5294,0.8939,2.0744,14.1816,1.9952,-0.2376,0.923,STRATA_SYN_STABLE_00468,STABLE,False,none
15.0,276.25,19.73,0.29,32.42,0.0,0.8116,0.0963,0.6622,0.8103,0.0634,2.307,-0.1929,6.7416,21.1252,9.157,4.2226,8.5752,0.4059,6.0,3.0,0.5,12.9431,6.028,80.3563,5.706,0.7172,0.4184,STRATA_SYN_SEASONAL_ENVIRONMENTAL_00087,SEASONAL_ENVIRONMENTAL,False,none
8.0,62.83,8.98,0.22,41.86,0.0,0.7947,0.1011,0.6805,0.8149,0.0645,1.174,-0.9591,3.962,13.452,11.458,4.2905,13.452,1.0,4.0,2.0,0.4286,2.2473,3.9599,1292.8044,3.534,-0.2843,0.7105,STRATA_SYN_ATMOSPHERIC_TRANSIENT_00066,ATMOSPHERIC_TRANSIENT,False,none
16.0,297.02,19.8,0.22,40.23,0.0,0.1668,0.0421,0.1094,0.1687,0.0469,3.743,-0.0737,3.6842,14.8268,3.961,4.5448,12.4239,0.8379,9.0,8.0,0.6,4.1003,3.5391,21.4531,3.4887,-0.0787,0.8734,STRATA_SYN_LOW_QUALITY_00471,LOW_QUALITY,False,none
15.0,118.07,8.43,0.3,30.64,0.0,0.8289,0.0873,0.6805,0.7944,0.0681,1.562,-1.4295,1.5751,4.9284,3.155,2.3767,4.3208,0.8767,9.0,5.0,0.5714,-3.1504,1.5432,60.541,1.5198,-0.3732,0.7136,STRATA_SYN_STRUCTURAL_MONOTONIC_00185,STRUCTURAL_MONOTONIC,False,none
17.0,309.76,19.36,0.36,37.64,0.0,0.787,0.0538,0.6746,0.8625,0.0806,0.74,-1.6973,1.3669,5.4568,7.374,0.8977,2.7339,0.501,10.0,2.0,0.4375,-4.3384,0.7746,-2.9077,0.7697,0.5463,0.112,STRATA_SYN_STRUCTURAL_MONOTONIC_00497,STRUCTURAL_MONOTONIC,False,none
13.0,267.05,22.25,0.19,30.74,0.0,0.8002,0.0926,0.6529,0.8087,0.0712,1.295,4.8529,3.3577,10.2157,7.889,5.7117,8.3739,0.8197,11.0,1.0,0.5,0.7293,3.3536,-50.5485,3.1447,-0.5574,0.0,STRATA_SYN_TEMPORALLY_INCONSISTENT_00409,TEMPORALLY_INCONSISTENT,False,none
6.0,57.34,11.47,0.27,40.87,0.0,0.817,0.0917,0.6862,0.8362,0.0817,1.64,0.029,1.2628,3.7531,2.288,1.8806,3.7531,1.0,2.0,3.0,0.6,-7.5469,1.1958,-184.2656,1.1743,-0.4529,0.4947,STRATA_SYN_STABLE_00103,STABLE,True,short_sequence
10.0,58.89,6.54,0.25,31.34,0.0,0.7907,0.0785,0.6772,0.8422,0.0697,0.949,-2.7474,3.5309,12.0933,12.743,4.9815,7.5383,0.6233,8.0,3.0,0.5556,-42.8363,2.7608,537.832,2.6895,-0.0362,0.6768,STRATA_SYN_TEMPORALLY_INCONSISTENT_00070,TEMPORALLY_INCONSISTENT,False,none
11.0,163.69,16.37,0.25,31.94,0.0,0.8179,0.0931,0.6582,0.8678,0.0412,1.102,1.3857,4.1556,17.6766,16.04,4.5533,13.8409,0.783,5.0,7.0,0.5,7.3043,4.0251,165.1417,3.7475,-0.1725,0.7965,STRATA_SYN_ATMOSPHERIC_TRANSIENT_00130,ATMOSPHERIC_TRANSIENT,False,none
7.0,43.77,7.29,0.17,32.58,0.0,0.7808,0.0739,0.6624,0.8341,0.0811,1.661,-0.8697,1.0237,3.4582,2.082,1.4909,3.4582,1.0,5.0,2.0,0.5,-1.0006,1.0229,266.3368,1.0062,-0.4779,0.7108,STRATA_SYN_STRUCTURAL_ACCELERATING_00326,STRUCTURAL_ACCELERATING,True,accelerating_subtle_onset
20.0,163.39,8.6,0.3,28.68,0.0,0.7641,0.0875,0.6514,0.8098,0.0674,1.789,-2.6623,2.8641,10.9536,6.123,2.1981,4.8213,0.4402,11.0,4.0,0.5263,7.1406,2.696,252.4711,1.7262,0.4366,0.5155,STRATA_SYN_SEASONAL_ENVIRONMENTAL_00078,SEASONAL_ENVIRONMENTAL,False,none
8.0,110.74,15.82,0.23,38.14,0.0,0.8018,0.0809,0.688,0.8368,0.0599,1.108,0.0757,0.982,3.1806,2.871,1.3267,2.6882,0.8452,4.0,5.0,0.5714,2.5936,0.9477,-2.5499,0.9476,-0.0966,0.7791,STRATA_SYN_STRUCTURAL_ACCELERATING_00478,STRUCTURAL_ACCELERATING,False,none
18.0,267.56,15.74,0.3,27.62,0.0,0.8153,0.0813,0.6666,0.8219,0.0607,2.526,2.5925,2.7241,9.9816,3.952,2.709,6.434,0.6446,12.0,5.0,0.4706,3.2044,2.6279,-73.3728,2.0565,0.2486,0.6834,STRATA_SYN_STRUCTURAL_MONOTONIC_00478,STRUCTURAL_MONOTONIC,False,none
9.0,143.2,17.9,0.31,30.21,0.0,0.7972,0.1054,0.6522,0.7916,0.0567,0.589,0.4959,3.263,10.2235,17.357,5.4066,6.5506,0.6407,7.0,6.0,0.5,-12.973,2.8176,-123.9953,2.6801,-0.3993,0.6351,STRATA_SYN_TEMPORALLY_INCONSISTENT_00473,TEMPORALLY_INCONSISTENT,False,none
7.0,110.18,18.36,0.22,29.84,0.0,0.7457,0.0878,0.6649,0.8136,0.0739,1.722,-0.0244,1.923,6.6732,3.875,2.4931,3.4181,0.5122,2.0,3.0,0.5,-4.2007,1.8761,194.6123,1.6711,0.1722,0.7584,STRATA_SYN_STABLE_00060,STABLE,False,none
7.0,64.06,10.68,0.28,35.54,0.0,0.7928,0.0768,0.7195,0.8743,0.0426,1.204,-0.6305,1.4085,4.5699,3.796,2.0387,3.3796,0.7395,4.0,4.0,0.5,10.4301,1.268,-98.9098,1.2596,-0.0321,0.9382,STRATA_SYN_STRUCTURAL_ACCELERATING_00186,STRUCTURAL_ACCELERATING,False,none
21.0,473.54,23.68,0.22,41.59,0.0,0.7795,0.0755,0.6685,0.8186,0.0814,1.915,0.9891,6.1781,20.1515,10.523,3.993,9.3766,0.4653,4.0,4.0,0.5,-1.625,6.1452,29.0358,5.8135,0.6742,0.4549,STRATA_SYN_SEASONAL_ENVIRONMENTAL_00469,SEASONAL_ENVIRONMENTAL,False,none
13.0,116.37,9.7,0.27,38.78,0.0,0.1957,0.0304,0.141,0.1716,0.0501,2.533,-0.7545,2.2332,6.6781,2.636,2.7888,6.3323,0.9482,6.0,6.0,0.5,9.2562,2.0354,64.67,2.0159,-0.0118,0.9602,STRATA_SYN_LOW_QUALITY_00021,LOW_QUALITY,False,none
16.0,205.83,13.72,0.27,34.37,0.0,0.7926,0.0827,0.6669,0.817,0.0803,2.631,-3.0845,2.288,7.2716,2.764,1.9999,4.7894,0.6586,10.0,0.0,0.4667,-8.309,1.7792,-10.4926,1.7737,0.4199,0.0,STRATA_SYN_STRUCTURAL_MONOTONIC_00132,STRUCTURAL_MONOTONIC,False,none
16.0,273.95,18.26,0.29,33.09,0.0,0.8114,0.0717,0.7085,0.8129,0.0662,2.392,-0.4186,5.2098,18.8184,7.867,6.0161,17.1973,0.9139,10.0,9.0,0.5333,-3.7461,5.1375,17.3265,5.1211,-0.1266,0.9131,STRATA_SYN_ATMOSPHERIC_TRANSIENT_00006,ATMOSPHERIC_TRANSIENT,False,none
7.0,94.36,15.73,0.29,43.37,0.0,0.7837,0.0808,0.6533,0.8213,0.0523,1.39,0.7346,3.7957,12.1034,8.707,6.1714,10.594,0.8753,5.0,5.0,0.5,-17.6536,3.4797,-458.7358,3.1515,-0.5567,0.4971,STRATA_SYN_TEMPORALLY_INCONSISTENT_00111,TEMPORALLY_INCONSISTENT,False,none
7.0,59.25,9.87,0.21,41.48,0.0,0.8158,0.1073,0.6509,0.8418,0.0696,2.229,-0.2079,1.2828,4.3052,1.931,1.7486,4.3052,1.0,4.0,3.0,0.6667,-5.0102,1.2538,331.1034,1.1817,-0.3136,0.8702,STRATA_SYN_STABLE_00174,STABLE,False,none
6.0,54.98,11.0,0.21,25.46,0.0,0.7698,0.083,0.6701,0.8295,0.0727,2.606,-3.0489,5.4611,15.6228,5.995,7.0967,15.6228,1.0,2.0,3.0,0.8,-5.4644,5.4538,1698.642,5.1049,-0.1909,0.7287,STRATA_SYN_ATMOSPHERIC_TRANSIENT_00070,ATMOSPHERIC_TRANSIENT,False,none
15.0,184.4,13.17,0.24,26.56,0.0,0.1766,0.0392,0.1034,0.1756,0.0413,3.511,-0.3418,2.9962,12.2257,3.482,3.167,12.0935,0.9892,9.0,5.0,0.5714,-0.1311,2.9961,-70.7582,2.8971,-0.0953,0.7977,STRATA_SYN_LOW_QUALITY_00029,LOW_QUALITY,False,none
17.0,330.88,20.68,0.29,27.07,0.0,0.8007,0.0901,0.6699,0.7925,0.0621,2.199,0.2931,2.8247,12.6393,5.748,2.5751,7.7621,0.6141,8.0,7.0,0.5625,3.941,2.6045,-34.1682,2.3266,0.3515,0.7892,STRATA_SYN_SEASONAL_ENVIRONMENTAL_00198,SEASONAL_ENVIRONMENTAL,False,none
10.0,100.43,11.16,0.31,34.75,0.0,0.7718,0.0534,0.6853,0.8453,0.059,0.958,-1.0498,1.6194,5.5033,5.745,1.7268,4.9146,0.893,7.0,6.0,0.5556,-10.5415,1.3268,-193.451,1.1541,0.0289,0.4584,STRATA_SYN_STRUCTURAL_MONOTONIC_00441,STRUCTURAL_MONOTONIC,False,none
13.0,128.03,10.67,0.28,40.28,0.0,0.817,0.1063,0.6602,0.8141,0.0756,2.56,0.6137,2.0284,7.7468,3.026,2.6636,6.2019,0.8006,8.0,8.0,0.5,0.4146,2.0279,97.993,1.9606,-0.253,0.8308,STRATA_SYN_STABLE_00312,STABLE,False,none
15.0,254.88,18.21,0.29,28.0,0.0,0.1823,0.0436,0.1103,0.1943,0.0381,4.905,-0.0694,4.4066,20.7083,4.222,5.4399,14.9434,0.7216,9.0,9.0,0.5,-3.9051,4.3253,-10.4594,4.3199,-0.3143,0.8802,STRATA_SYN_LOW_QUALITY_00405,LOW_QUALITY,False,none
14.0,199.7,15.36,0.29,31.64,0.0,0.7943,0.0759,0.667,0.81,0.0605,0.609,0.9467,2.8768,11.7352,19.27,2.2739,11.7352,1.0,8.0,7.0,0.5385,0.5204,2.8754,-39.7902,2.8305,-0.1834,0.8637,STRATA_SYN_ATMOSPHERIC_TRANSIENT_00168,ATMOSPHERIC_TRANSIENT,False,none
11.0,181.5,18.15,0.22,26.72,0.0,0.8601,0.0549,0.7252,0.8314,0.0825,1.483,-0.775,1.5233,4.5729,3.084,2.2095,4.5729,1.0,7.0,5.0,0.5,-4.8265,1.322,8.783,1.3186,-0.4224,0.3676,STRATA_SYN_STABLE_00280,STABLE,False,none
14.0,276.19,21.25,0.24,29.42,0.0,0.8385,0.08,0.6809,0.8493,0.071,2.326,0.244,2.343,9.6455,4.147,2.8039,6.7162,0.6963,8.0,7.0,0.6923,3.0547,2.2312,-40.4981,2.0012,-0.0812,0.3712,STRATA_SYN_STRUCTURAL_MONOTONIC_00159,STRUCTURAL_MONOTONIC,False,none
8.0,66.91,9.56,0.39,38.84,0.0,0.7796,0.0944,0.6544,0.8215,0.0741,2.467,1.0336,2.7361,7.8436,3.179,4.3525,7.8436,1.0,4.0,5.0,0.5714,-0.8665,2.7356,126.7193,2.7284,-0.7166,0.5652,STRATA_SYN_STRUCTURAL_MONOTONIC_00376,STRUCTURAL_MONOTONIC,False,none
15.0,265.83,18.99,0.29,27.43,0.0,0.7921,0.073,0.6684,0.8449,0.0691,2.392,1.0539,2.5761,9.2396,3.863,3.8239,8.329,0.9014,9.0,8.0,0.5714,-0.9467,2.5673,0.1831,2.5673,-0.7008,0.6763,STRATA_SYN_STABLE_00213,STABLE,False,none
22.0,394.69,18.79,0.27,36.81,0.0,0.7645,0.0773,0.6519,0.8281,0.0664,1.961,-0.3643,5.0561,15.5225,7.916,2.5165,6.8832,0.4434,3.0,4.0,0.4762,-5.34,4.745,16.5477,4.6794,0.7221,0.4218,STRATA_SYN_SEASONAL_ENVIRONMENTAL_00476,SEASONAL_ENVIRONMENTAL,False,none
13.0,116.41,9.7,0.21,34.97,0.0,0.7735,0.0964,0.6573,0.8024,0.0686,1.008,1.6131,1.1614,4.6572,4.62,1.2282,2.7371,0.5877,8.0,2.0,0.6667,-0.3931,1.1607,-184.6631,0.8324,0.1826,0.3501,STRATA_SYN_SEASONAL_ENVIRONMENTAL_00294,SEASONAL_ENVIRONMENTAL,False,none
17.0,232.89,14.56,0.26,40.22,0.0,0.7773,0.0748,0.6511,0.8273,0.0796,1.834,0.312,2.238,8.8603,4.831,2.7611,8.8603,1.0,11.0,10.0,0.5,-0.6363,2.2346,29.4015,2.1783,-0.2343,0.8512,STRATA_SYN_STABLE_00159,STABLE,False,none
6.0,104.28,20.86,0.31,38.74,0.0,0.3528,0.0356,0.322,0.4057,0.0614,0.921,-1.8753,1.1891,3.4768,3.775,0.6954,1.0401,0.2992,0.0,1.0,1.0,-12.045,0.2085,40.262,0.1285,0.4679,0.0,STRATA_SYN_STRUCTURAL_MONOTONIC_00402,STRUCTURAL_MONOTONIC,True,low_coherence_structural
17.0,339.09,21.19,0.21,37.09,0.0,0.3572,0.0412,0.2853,0.42,0.0486,2.098,-6.5628,2.9273,11.0912,5.287,1.9381,6.9717,0.6286,8.0,0.0,0.5,-8.2618,1.7458,-9.3333,1.7133,0.5667,0.0,STRATA_SYN_STRUCTURAL_MONOTONIC_00009,STRUCTURAL_MONOTONIC,True,low_coherence_structural
19.0,376.04,20.89,0.27,39.66,0.0,0.7962,0.0715,0.6819,0.8039,0.0695,0.809,-0.4873,2.9428,13.9404,17.232,2.0766,13.5935,0.9751,8.0,10.0,0.5,-0.4468,2.9395,21.9063,2.7795,-0.0337,0.9531,STRATA_SYN_ATMOSPHERIC_TRANSIENT_00060,ATMOSPHERIC_TRANSIENT,False,none
18.0,259.4,15.26,0.31,40.55,0.0,0.1758,0.038,0.1077,0.1709,0.0436,3.687,0.8061,3.2493,10.5536,2.862,5.0273,10.3172,0.9776,11.0,12.0,0.5294,1.4886,3.2333,-2.296,3.2329,-0.4734,0.9912,STRATA_SYN_LOW_QUALITY_00035,LOW_QUALITY,False,none
18.0,212.01,12.47,0.31,41.1,0.0,0.1645,0.0412,0.1015,0.1691,0.0479,4.482,-0.3376,3.4492,11.6401,2.597,4.485,10.0079,0.8598,12.0,10.0,0.5294,0.0545,3.4492,-9.072,3.4469,-0.2406,0.6224,STRATA_SYN_LOW_QUALITY_00235,LOW_QUALITY,False,none
17.0,121.46,7.59,0.25,41.06,0.0,0.8186,0.0855,0.6538,0.8103,0.0743,2.089,1.1008,3.2658,16.0643,7.69,4.1382,12.4067,0.7723,11.0,10.0,0.5625,4.8973,3.2273,22.1598,3.2257,-0.3137,0.9703,STRATA_SYN_ATMOSPHERIC_TRANSIENT_00084,ATMOSPHERIC_TRANSIENT,False,none
19.0,206.87,11.49,0.3,28.08,0.0,0.7911,0.0942,0.6605,0.8484,0.0641,2.971,-1.0057,4.5032,16.1246,5.427,6.0782,12.7881,0.7931,11.0,11.0,0.5,-1.8058,4.4925,93.6771,4.3176,-0.1302,0.798,STRATA_SYN_STRUCTURAL_ACCELERATING_00402,STRUCTURAL_ACCELERATING,True,accelerating_subtle_onset
14.0,261.97,20.15,0.27,35.86,0.0,0.7656,0.0856,0.6513,0.8437,0.0734,1.308,0.4003,1.3507,4.565,3.49,1.0011,3.5785,0.7839,6.0,4.0,0.4615,-1.7996,1.2898,35.222,1.0319,0.3439,0.5143,STRATA_SYN_STABLE_00317,STABLE,False,none
18.0,241.02,14.18,0.34,32.68,0.0,0.1559,0.0398,0.1027,0.1818,0.0315,4.088,-0.1001,3.0784,10.0179,2.451,4.2746,10.0022,0.9984,13.0,11.0,0.5294,4.6567,2.9324,8.8278,2.9281,-0.4599,0.5651,STRATA_SYN_LOW_QUALITY_00421,LOW_QUALITY,False,none
20.0,404.76,21.3,0.28,37.47,0.0,0.797,0.0866,0.6806,0.8506,0.0642,0.632,0.865,6.0017,16.6911,26.41,3.7708,6.9956,0.4191,3.0,4.0,0.5789,1.1197,5.9899,39.1773,5.6552,0.6969,0.3215,STRATA_SYN_SEASONAL_ENVIRONMENTAL_00389,SEASONAL_ENVIRONMENTAL,False,none
11.0,108.65,10.86,0.3,31.65,0.0,0.8082,0.096,0.6554,0.8549,0.0767,2.078,-1.0708,2.1018,7.5835,3.649,2.3015,7.5835,1.0,6.0,5.0,0.5,-8.9236,1.9264,-110.9916,1.8765,-0.3712,0.0331,STRATA_SYN_STRUCTURAL_MONOTONIC_00291,STRUCTURAL_MONOTONIC,False,none
6.0,117.2,23.44,0.32,34.78,0.0,0.8696,0.0572,0.7562,0.8632,0.0508,2.724,-2.4115,1.5894,5.1617,1.895,2.1712,5.1617,1.0,3.0,2.0,0.6,-3.3018,1.5476,42.2015,1.5323,-0.3869,0.9503,STRATA_SYN_STRUCTURAL_MONOTONIC_00233,STRUCTURAL_MONOTONIC,False,none
17.0,382.21,23.89,0.28,31.91,0.0,0.7997,0.0877,0.6556,0.82,0.0862,2.475,-0.6741,2.8267,8.846,3.574,3.6537,7.3474,0.8306,11.0,9.0,0.625,-3.6404,2.5745,19.9649,2.4073,-0.1318,0.5169,STRATA_SYN_STRUCTURAL_ACCELERATING_00015,STRUCTURAL_ACCELERATING,False,none
15.0,177.0,12.64,0.3,25.88,0.0,0.8132,0.0889,0.6639,0.8345,0.086,0.791,0.3505,5.6485,15.8911,20.09,1.4137,3.2539,0.2048,4.0,1.0,0.8571,-37.0332,1.1088,-52.2208,0.9797,0.8289,0.0,STRATA_SYN_SEASONAL_ENVIRONMENTAL_00106,SEASONAL_ENVIRONMENTAL,False,none
14.0,81.46,6.27,0.29,28.7,0.0,0.8088,0.0914,0.6964,0.7968,0.0577,1.553,-0.7372,1.2614,4.6219,2.976,1.4739,2.784,0.6023,7.0,6.0,0.4615,-0.4142,1.2611,-192.8054,1.1927,-0.0068,0.5133,STRATA_SYN_STRUCTURAL_ACCELERATING_00234,STRUCTURAL_ACCELERATING,False,none
19.0,141.15,7.84,0.23,42.27,0.0,0.8073,0.0803,0.67,0.8547,0.0688,2.536,2.6487,2.4913,8.4675,3.339,2.7842,8.4194,0.9943,10.0,6.0,0.6111,-1.0023,2.4885,-88.6134,2.4279,0.0062,0.5184,STRATA_SYN_SEASONAL_ENVIRONMENTAL_00176,SEASONAL_ENVIRONMENTAL,False,none
14.0,279.02,21.46,0.25,26.73,0.0,0.7969,0.0839,0.6601,0.847,0.068,2.642,0.4028,2.2903,8.9601,3.391,2.911,5.3002,0.5915,9.0,6.0,0.5385,2.6894,2.1999,-38.9695,1.9735,0.0095,0.7223,STRATA_SYN_STABLE_00106,STABLE,False,none
6.0,87.86,17.57,0.25,29.02,0.0,0.8279,0.1022,0.6666,0.8697,0.0484,0.863,1.5937,1.6149,5.3822,6.237,1.6577,2.7005,0.5017,3.0,2.0,0.6,14.5133,1.0882,268.8563,0.7631,0.2067,0.5018,STRATA_SYN_STRUCTURAL_MONOTONIC_00155,STRUCTURAL_MONOTONIC,False,none
6.0,63.97,12.79,0.26,39.64,0.0,0.7623,0.0905,0.6593,0.7787,0.0714,1.868,0.5708,2.1576,6.2013,3.32,3.0363,5.1405,0.8289,2.0,3.0,0.6,-4.0112,2.1443,8.4846,2.1443,-0.089,0.5519,STRATA_SYN_STABLE_00056,STABLE,True,short_sequence
13.0,276.22,23.02,0.27,36.55,0.0,0.8355,0.0747,0.7314,0.8006,0.0692,1.483,3.2675,2.9056,11.2606,7.593,4.4424,8.8064,0.7821,10.0,4.0,0.5833,1.813,2.874,-21.1146,2.8265,-0.372,0.8501,STRATA_SYN_TEMPORALLY_INCONSISTENT_00073,TEMPORALLY_INCONSISTENT,False,none
11.0,170.27,17.03,0.22,35.09,0.0,0.8222,0.0996,0.6544,0.8258,0.0832,1.895,1.1119,1.988,6.0169,3.175,2.3476,5.3123,0.8829,7.0,6.0,0.5,7.393,1.6625,87.0822,1.4371,-0.0232,0.5079,STRATA_SYN_STRUCTURAL_ACCELERATING_00199,STRUCTURAL_ACCELERATING,False,none
13.0,154.49,12.87,0.27,38.79,0.0,0.7757,0.0802,0.6656,0.7937,0.0624,1.759,2.4037,3.0478,12.421,7.061,4.3777,8.8501,0.7125,11.0,4.0,0.5,-1.3514,3.0426,-137.2125,2.8514,-0.345,0.8312,STRATA_SYN_TEMPORALLY_INCONSISTENT_00261,TEMPORALLY_INCONSISTENT,False,none
15.0,151.36,10.81,0.33,25.87,0.0,0.7842,0.0812,0.6714,0.8306,0.073,1.649,-0.4092,1.1318,4.2107,2.553,1.4807,2.9311,0.6961,9.0,7.0,0.5714,1.2126,1.1212,0.053,1.1212,-0.1394,0.6578,STRATA_SYN_STABLE_00002,STABLE,False,none
10.0,203.27,22.59,0.21,41.75,0.0,0.8364,0.0747,0.6551,0.8321,0.0647,1.068,0.502,1.0605,3.9554,3.704,1.1758,2.7895,0.7052,4.0,5.0,0.6667,1.184,1.0395,-18.4718,1.0074,0.0948,0.78,STRATA_SYN_STRUCTURAL_ACCELERATING_00409,STRUCTURAL_ACCELERATING,True,accelerating_subtle_onset
18.0,344.11,20.24,0.24,44.85,0.0,0.7807,0.0877,0.6593,0.8223,0.0524,1.696,-2.9986,5.7558,19.7632,11.653,5.1613,11.0178,0.5575,16.0,2.0,0.5294,-16.2251,3.3619,12.1091,3.3323,0.504,0.1987,STRATA_SYN_TEMPORALLY_INCONSISTENT_00229,TEMPORALLY_INCONSISTENT,False,none
19.0,359.96,20.0,0.3,30.77,0.0,0.8346,0.0799,0.6662,0.8157,0.0768,2.329,-0.4806,1.8037,6.3353,2.72,2.5393,5.0654,0.7996,11.0,10.0,0.5,-0.8418,1.7859,12.8101,1.7109,-0.277,0.5584,STRATA_SYN_STRUCTURAL_MONOTONIC_00180,STRUCTURAL_MONOTONIC,False,none
8.0,143.63,20.52,0.24,31.9,0.0,0.8548,0.0932,0.6584,0.8213,0.0754,1.609,-1.1818,1.4056,4.1827,2.6,1.8573,3.766,0.9004,5.0,3.0,0.4286,-6.5081,1.1277,17.6391,1.1204,-0.199,0.3823,STRATA_SYN_STRUCTURAL_MONOTONIC_00419,STRUCTURAL_MONOTONIC,False,none
19.0,355.0,19.72,0.31,33.79,0.0,0.8041,0.0672,0.716,0.8178,0.0618,1.945,0.262,1.5587,4.9186,2.529,1.9634,4.2543,0.8649,11.0,10.0,0.6111,0.13,1.5583,4.4913,1.5484,-0.1508,0.8754,STRATA_SYN_STABLE_00463,STABLE,False,none
11.0,87.87,8.79,0.24,39.57,0.0,0.8052,0.0422,0.7496,0.8675,0.0775,0.715,0.1663,0.7414,2.4278,3.396,0.9353,1.8198,0.7496,6.0,5.0,0.5,4.519,0.6571,16.3535,0.6557,-0.1213,0.0227,STRATA_SYN_STABLE_00086,STABLE,False,none
20.0,326.36,17.18,0.24,38.56,0.0,0.7897,0.0768,0.6619,0.8165,0.0623,1.333,-1.6962,1.2786,5.5929,4.196,1.0433,2.783,0.4976,12.0,2.0,0.5263,-2.5001,1.0845,-18.0274,0.9099,0.3109,0.0664,STRATA_SYN_STRUCTURAL_MONOTONIC_00073,STRUCTURAL_MONOTONIC,False,none
18.0,328.39,19.32,0.24,42.89,0.0,0.7866,0.0955,0.67,0.8373,0.0659,0.803,6.7153,4.2142,14.0524,17.5,4.9674,8.2634,0.588,16.0,2.0,0.5294,11.0034,2.9467,17.1863,2.8898,0.1393,0.037,STRATA_SYN_TEMPORALLY_INCONSISTENT_00095,TEMPORALLY_INCONSISTENT,False,none
16.0,292.97,19.53,0.26,40.01,0.0,0.8044,0.081,0.659,0.8533,0.0611,2.071,-2.6645,2.5801,11.0018,5.312,2.5922,6.9208,0.6291,7.0,1.0,0.5333,-5.6473,2.1729,3.9678,2.1702,0.068,0.0,STRATA_SYN_STRUCTURAL_ACCELERATING_00169,STRUCTURAL_ACCELERATING,False,none
6.0,74.3,14.86,0.14,34.33,0.0,0.7633,0.0547,0.7126,0.8353,0.078,2.002,0.7183,0.6307,1.8337,0.916,0.6786,1.8337,1.0,2.0,0.0,0.2,-2.9261,0.5972,-114.5721,0.5482,-0.1705,0.0,STRATA_SYN_STRUCTURAL_MONOTONIC_00282,STRUCTURAL_MONOTONIC,False,none
21.0,248.89,12.44,0.28,37.89,0.0,0.8249,0.0889,0.6694,0.8388,0.0604,0.778,0.8772,5.3822,16.6652,21.421,1.557,3.6701,0.2202,2.0,2.0,0.5,9.2252,5.0322,-247.5416,1.7849,0.8697,0.2475,STRATA_SYN_SEASONAL_ENVIRONMENTAL_00380,SEASONAL_ENVIRONMENTAL,False,none
16.0,290.38,19.36,0.3,28.87,0.0,0.169,0.0316,0.1042,0.1539,0.0427,3.872,-0.233,3.3095,13.9895,3.613,3.7919,10.1373,0.7246,9.0,9.0,0.5333,3.6898,3.1846,-31.9346,3.0699,-0.0029,0.4715,STRATA_SYN_LOW_QUALITY_00323,LOW_QUALITY,False,none
20.0,410.91,21.63,0.28,36.6,0.0,0.178,0.0331,0.1261,0.1842,0.0483,4.604,0.414,4.886,17.9838,3.906,4.9778,17.026,0.9467,15.0,7.0,0.4737,-6.0974,4.4203,-17.1621,4.3295,0.1557,0.5813,STRATA_SYN_LOW_QUALITY_00210,LOW_QUALITY,False,none
14.0,128.78,9.91,0.26,29.39,0.0,0.7938,0.087,0.6676,0.8191,0.0663,1.43,-4.7974,6.5117,20.1961,14.123,2.2811,4.0785,0.2019,5.0,1.0,0.6923,55.2426,2.4609,382.9111,1.3802,0.7654,0.0,STRATA_SYN_SEASONAL_ENVIRONMENTAL_00115,SEASONAL_ENVIRONMENTAL,True,strong_seasonal_amplitude
16.0,316.82,21.12,0.23,37.47,0.0,0.7755,0.0967,0.6517,0.8398,0.0643,1.829,1.8776,2.3249,8.2631,4.518,2.485,5.8723,0.7107,9.0,5.0,0.5333,5.541,1.7937,-14.7967,1.7316,0.0821,0.2615,STRATA_SYN_STRUCTURAL_MONOTONIC_00392,STRUCTURAL_MONOTONIC,False,none
10.0,81.14,9.02,0.15,31.92,0.0,0.7853,0.0814,0.656,0.8324,0.0737,2.544,3.5137,2.4901,8.114,3.189,4.0766,8.114,1.0,6.0,0.0,0.5556,-0.4659,2.4899,38.0057,2.4885,-0.7157,0.0,STRATA_SYN_TEMPORALLY_INCONSISTENT_00015,TEMPORALLY_INCONSISTENT,False,none
9.0,139.96,17.49,0.22,42.5,0.0,0.921,0.0391,0.8856,0.8111,0.0788,2.495,-2.4765,5.1545,18.7461,7.513,5.7338,16.3134,0.8702,5.0,3.0,0.5,0.5136,5.1541,74.909,5.1295,-0.1208,0.7883,STRATA_SYN_ATMOSPHERIC_TRANSIENT_00470,ATMOSPHERIC_TRANSIENT,True,high_coherence_atmospheric
18.0,379.6,22.33,0.2,31.04,0.0,0.7743,0.0884,0.6608,0.8267,0.0772,0.831,1.3373,7.012,19.3299,23.261,2.5262,6.1981,0.3206,2.0,2.0,0.5882,4.999,6.8297,121.3039,4.1284,0.865,0.2594,STRATA_SYN_SEASONAL_ENVIRONMENTAL_00373,SEASONAL_ENVIRONMENTAL,False,none
9.0,134.74,16.84,0.34,41.08,0.0,0.7673,0.0555,0.6943,0.8477,0.0653,0.636,-0.7364,0.7526,2.3941,3.764,0.5989,1.0773,0.45,3.0,1.0,0.625,-3.6695,0.6126,46.877,0.5386,0.5313,0.0,STRATA_SYN_STRUCTURAL_ACCELERATING_00319,STRUCTURAL_ACCELERATING,False,none
18.0,369.94,21.76,0.32,34.51,0.0,0.8068,0.0913,0.6541,0.8153,0.0724,0.521,0.5824,6.4905,17.9522,34.457,3.5824,6.947,0.387,2.0,3.0,0.5294,-6.2798,6.1946,4.3997,6.1918,0.7445,0.2096,STRATA_SYN_SEASONAL_ENVIRONMENTAL_00139,SEASONAL_ENVIRONMENTAL,False,none
11.0,79.03,7.9,0.24,28.25,0.0,0.7507,0.0609,0.6682,0.8377,0.062,1.431,1.1079,4.0606,15.8562,11.081,4.0609,15.8562,1.0,4.0,6.0,0.5,-15.7293,3.9135,189.6176,3.8939,-0.2831,0.8844,STRATA_SYN_ATMOSPHERIC_TRANSIENT_00366,ATMOSPHERIC_TRANSIENT,False,none
12.0,164.65,14.97,0.28,31.93,0.0,0.7846,0.0796,0.6878,0.7993,0.0758,1.085,-0.7902,0.9681,3.6805,3.392,1.1611,3.6805,1.0,6.0,3.0,0.5455,-1.1524,0.9542,8.4147,0.9513,-0.2724,0.3519,STRATA_SYN_STRUCTURAL_ACCELERATING_00480,STRUCTURAL_ACCELERATING,False,none
11.0,102.67,10.27,0.25,43.01,0.0,0.1641,0.0441,0.1006,0.1687,0.0367,2.622,-0.1031,2.4084,9.0623,3.456,2.752,6.5089,0.7182,8.0,5.0,0.6,-6.6965,2.3341,-127.4443,2.2914,-0.0179,0.5215,STRATA_SYN_LOW_QUALITY_00469,LOW_QUALITY,False,none
10.0,74.18,8.24,0.33,32.53,0.0,0.1803,0.049,0.1005,0.1658,0.0438,4.234,-2.0136,3.1107,9.5148,2.247,3.6536,9.5148,1.0,6.0,5.0,0.5556,-27.5666,2.5429,130.239,2.5314,-0.1332,0.4485,STRATA_SYN_LOW_QUALITY_00019,LOW_QUALITY,False,none
13.0,237.72,19.81,0.29,43.6,0.0,0.8024,0.0796,0.6619,0.8085,0.0753,1.564,0.8,3.0991,11.5343,7.375,2.8949,10.5799,0.9173,6.0,7.0,0.5,0.8923,3.0937,-61.9215,2.8796,0.1502,0.7614,STRATA_SYN_ATMOSPHERIC_TRANSIENT_00163,ATMOSPHERIC_TRANSIENT,False,none
20.0,434.06,22.85,0.28,40.0,0.0,0.7934,0.0838,0.6519,0.8224,0.0784,2.056,-0.252,2.0505,9.5516,4.646,1.8,8.2268,0.8613,9.0,8.0,0.5789,-2.388,1.8604,-1.8319,1.8574,0.0656,0.9122,STRATA_SYN_ATMOSPHERIC_TRANSIENT_00363,ATMOSPHERIC_TRANSIENT,False,none
21.0,324.88,16.24,0.25,35.59,0.0,0.7821,0.091,0.6533,0.8244,0.0684,0.652,-0.0477,6.1958,17.6274,27.036,2.8517,5.5238,0.3134,4.0,3.0,0.55,9.8124,5.6041,0.6022,5.604,0.8351,0.197,STRATA_SYN_SEASONAL_ENVIRONMENTAL_00459,SEASONAL_ENVIRONMENTAL,False,none
15.0,152.41,10.89,0.28,31.82,0.0,0.796,0.0964,0.6773,0.8217,0.0673,1.776,-0.4397,2.0097,7.0881,3.991,1.8097,6.7065,0.9462,8.0,3.0,0.6429,-5.3777,1.8865,29.4928,1.874,0.3082,0.421,STRATA_SYN_SEASONAL_ENVIRONMENTAL_00237,SEASONAL_ENVIRONMENTAL,False,none
16.0,298.33,19.89,0.32,34.32,0.0,0.1647,0.0364,0.1075,0.1695,0.0448,3.937,0.5967,5.27,19.5482,4.965,4.7546,11.5068,0.5886,7.0,7.0,0.6,-12.8959,4.1567,42.7929,3.98,0.3884,0.4114,STRATA_SYN_LOW_QUALITY_00283,LOW_QUALITY,False,none
23.0,291.83,13.27,0.26,38.72,0.0,0.7926,0.0837,0.6525,0.8459,0.0717,2.105,0.1981,6.2503,19.3368,9.186,2.7203,6.4749,0.3348,13.0,1.0,0.5455,22.0453,3.29,-68.8292,2.7662,0.8263,0.0,STRATA_SYN_SEASONAL_ENVIRONMENTAL_00254,SEASONAL_ENVIRONMENTAL,False,none
8.0,130.35,18.62,0.25,42.48,0.0,0.7571,0.0805,0.656,0.8514,0.0561,1.88,-0.6975,2.1349,6.7386,3.584,2.9858,6.7386,1.0,4.0,5.0,0.5714,0.3224,2.1345,113.7827,2.0244,-0.4195,0.8229,STRATA_SYN_ATMOSPHERIC_TRANSIENT_00217,ATMOSPHERIC_TRANSIENT,False,none
20.0,233.27,12.28,0.32,41.11,0.0,0.1706,0.0377,0.1001,0.1753,0.0451,3.785,-0.4143,3.2742,11.79,3.115,2.75,9.6203,0.816,10.0,5.0,0.5263,-4.4173,3.1603,44.9468,3.0692,0.3494,0.4139,STRATA_SYN_LOW_QUALITY_00404,LOW_QUALITY,False,none
17.0,149.24,9.33,0.28,34.86,0.0,0.817,0.0851,0.6599,0.8454,0.0669,2.139,4.8184,5.9447,19.1343,8.945,3.227,8.6398,0.4515,13.0,1.0,0.5625,-41.5199,2.8999,-264.8771,2.2282,0.7026,0.0,STRATA_SYN_SEASONAL_ENVIRONMENTAL_00396,SEASONAL_ENVIRONMENTAL,False,none
18.0,122.37,7.2,0.28,30.62,0.0,0.8037,0.0738,0.6516,0.8282,0.079,0.521,0.3054,1.7592,8.166,15.674,1.5453,7.864,0.963,11.0,11.0,0.5294,2.1287,1.7457,-78.8588,1.7067,-0.1193,0.8632,STRATA_SYN_ATMOSPHERIC_TRANSIENT_00476,ATMOSPHERIC_TRANSIENT,False,none
12.0,104.77,9.52,0.28,25.46,0.0,0.846,0.0772,0.6795,0.8331,0.0607,0.889,0.1961,0.6164,2.1681,2.439,0.6958,2.1681,1.0,7.0,8.0,0.4545,2.1942,0.584,92.0739,0.4817,-0.1205,0.868,STRATA_SYN_STABLE_00403,STABLE,False,none
17.0,244.18,15.26,0.31,37.99,0.0,0.7676,0.1062,0.6508,0.8095,0.0537,0.85,-4.2978,4.2013,15.7843,18.57,5.0695,7.9332,0.5026,15.0,4.0,0.5,-11.7301,3.4486,105.7983,2.8325,0.1971,0.5237,STRATA_SYN_TEMPORALLY_INCONSISTENT_00022,TEMPORALLY_INCONSISTENT,False,none
17.0,134.47,8.4,0.25,28.05,0.0,0.7953,0.0749,0.659,0.823,0.0786,1.597,-0.9241,1.8818,8.5262,5.339,1.8577,6.2178,0.7293,6.0,7.0,0.5625,-0.386,1.8813,63.6535,1.8466,-0.0032,0.635,STRATA_SYN_STRUCTURAL_MONOTONIC_00062,STRUCTURAL_MONOTONIC,False,none
9.0,120.85,15.11,0.2,37.69,0.0,0.7991,0.0616,0.7113,0.8377,0.0296,1.747,2.8816,3.2605,12.3282,7.057,5.0349,12.3282,1.0,5.0,2.0,0.5,1.9146,3.2541,6.4297,3.2539,-0.7898,0.666,STRATA_SYN_TEMPORALLY_INCONSISTENT_00279,TEMPORALLY_INCONSISTENT,False,none
13.0,120.68,10.06,0.31,29.04,0.0,0.8097,0.0591,0.7255,0.8193,0.0757,2.704,2.3761,2.4442,9.1763,3.394,3.0462,5.5463,0.6044,9.0,3.0,0.5833,14.9756,1.8966,-32.5643,1.8904,0.0141,0.3465,STRATA_SYN_TEMPORALLY_INCONSISTENT_00321,TEMPORALLY_INCONSISTENT,False,none
18.0,340.97,20.06,0.25,34.52,0.0,0.826,0.0891,0.668,0.8016,0.0674,1.664,-0.0344,1.8381,7.9038,4.75,2.4462,6.4856,0.8206,11.0,11.0,0.5882,-0.9907,1.8163,-11.3758,1.7692,-0.1449,0.8555,STRATA_SYN_STABLE_00464,STABLE,False,none
14.0,286.89,22.07,0.3,33.98,0.0,0.1595,0.0388,0.1013,0.1779,0.0466,2.52,0.1431,2.3709,8.3606,3.318,3.495,6.9276,0.8286,8.0,7.0,0.5385,-3.3355,2.228,4.8386,2.2244,-0.3336,0.8445,STRATA_SYN_LOW_QUALITY_00164,LOW_QUALITY,False,none
14.0,296.52,22.81,0.29,32.63,0.0,0.782,0.0799,0.6584,0.8459,0.0608,1.618,0.0833,1.0913,4.5704,2.825,1.2227,3.493,0.7643,8.0,6.0,0.5385,-0.2734,1.0891,4.5397,1.0816,-0.0041,0.924,STRATA_SYN_STABLE_00434,STABLE,False,none
10.0,215.29,23.92,0.25,35.95,0.0,0.7524,0.1006,0.6518,0.8485,0.0516,2.012,-0.5354,2.012,6.76,3.36,3.0569,5.2702,0.7796,7.0,8.0,0.5556,-1.186,1.9996,-43.8341,1.8796,-0.3739,0.5523,STRATA_SYN_STRUCTURAL_ACCELERATING_00059,STRUCTURAL_ACCELERATING,False,none
12.0,89.7,8.15,0.25,40.06,0.0,0.803,0.0803,0.6577,0.8356,0.054,2.162,0.5966,2.8981,10.7596,4.977,3.241,9.5126,0.8841,6.0,7.0,0.5455,-0.3874,2.8979,104.7389,2.8849,-0.2025,0.399,STRATA_SYN_ATMOSPHERIC_TRANSIENT_00327,ATMOSPHERIC_TRANSIENT,False,none
9.0,64.24,8.03,0.34,37.08,0.0,0.8619,0.0937,0.6774,0.8287,0.0705,1.905,0.4417,4.7887,17.9929,9.445,5.2634,11.2732,0.6265,4.0,2.0,0.625,-41.614,4.154,1166.8088,3.8133,0.2324,0.6555,STRATA_SYN_ATMOSPHERIC_TRANSIENT_00334,ATMOSPHERIC_TRANSIENT,False,none
10.0,171.8,19.09,0.27,28.04,0.0,0.7839,0.078,0.6821,0.8221,0.0745,0.663,-0.0061,2.6592,7.9274,11.957,4.8618,7.9274,1.0,8.0,8.0,0.5556,-1.8809,2.6442,81.2975,2.518,-0.6804,0.6825,STRATA_SYN_TEMPORALLY_INCONSISTENT_00493,TEMPORALLY_INCONSISTENT,False,none
9.0,64.86,8.11,0.32,32.94,0.0,0.1713,0.0384,0.1043,0.1635,0.0393,4.537,0.5907,3.6475,13.0581,2.878,4.0259,8.1093,0.621,4.0,1.0,0.5,-32.7474,3.128,-774.171,2.9204,0.2275,0.0,STRATA_SYN_LOW_QUALITY_00288,LOW_QUALITY,False,none
18.0,372.25,21.9,0.28,37.25,0.0,0.8295,0.0681,0.7067,0.8289,0.051,0.91,4.8544,2.9715,10.0918,11.09,5.1543,8.1497,0.8076,16.0,1.0,0.5294,1.1986,2.9479,-19.4529,2.8259,-0.667,0.0,STRATA_SYN_TEMPORALLY_INCONSISTENT_00074,TEMPORALLY_INCONSISTENT,False,none
12.0,100.51,9.14,0.21,26.34,0.0,0.8244,0.0638,0.7187,0.8341,0.0625,1.18,-1.0317,3.8494,12.0331,10.198,1.5333,3.6281,0.3015,3.0,1.0,0.5455,-40.5407,1.5689,308.1756,1.1937,0.7365,0.0,STRATA_SYN_SEASONAL_ENVIRONMENTAL_00273,SEASONAL_ENVIRONMENTAL,False,none
10.0,109.06,12.12,0.2,31.36,0.0,0.81,0.0791,0.6576,0.8414,0.0782,1.923,3.2524,3.9516,12.5101,6.506,5.852,11.1186,0.8888,8.0,5.0,0.5556,-8.017,3.877,-288.3864,3.7019,-0.2709,0.4522,STRATA_SYN_TEMPORALLY_INCONSISTENT_00232,TEMPORALLY_INCONSISTENT,False,none
10.0,100.82,11.2,0.27,34.88,0.0,0.8131,0.0979,0.6676,0.8303,0.0568,0.825,0.1589,0.7992,3.0978,3.755,0.9795,1.7988,0.5807,3.0,4.0,0.6667,-0.6529,0.7971,32.9377,0.7891,0.0956,0.9461,STRATA_SYN_STABLE_00120,STABLE,False,none
9.0,68.33,8.54,0.22,37.78,0.0,0.8144,0.0641,0.7174,0.8362,0.0565,0.876,0.2777,0.9721,2.9541,3.372,0.7673,1.935,0.655,4.0,3.0,0.5,12.8812,0.5831,-13.0821,0.5828,0.395,0.4086,STRATA_SYN_STRUCTURAL_MONOTONIC_00151,STRUCTURAL_MONOTONIC,False,none
16.0,218.64,14.58,0.33,25.68,0.0,0.8199,0.0999,0.6658,0.8306,0.0701,2.236,-2.3215,3.3982,11.3356,5.07,2.6247,6.6253,0.5845,9.0,3.0,0.5333,-13.2406,2.3708,84.2928,2.0017,0.4354,0.1264,STRATA_SYN_STRUCTURAL_MONOTONIC_00498,STRUCTURAL_MONOTONIC,False,none
9.0,79.08,9.88,0.24,39.72,0.0,0.7838,0.0818,0.6802,0.8459,0.0759,2.468,0.1019,1.7621,5.1245,2.076,2.7354,4.6543,0.9082,6.0,6.0,0.625,3.4901,1.7452,-405.5193,1.5123,-0.2735,0.6592,STRATA_SYN_STABLE_00479,STABLE,False,none
19.0,359.67,19.98,0.31,34.23,0.0,0.1834,0.0426,0.1124,0.1755,0.0428,4.761,0.9989,4.4858,17.8212,3.743,6.1584,10.5303,0.5909,13.0,12.0,0.5556,-0.8307,4.4789,24.4651,4.3705,-0.2231,0.6148,STRATA_SYN_LOW_QUALITY_00070,LOW_QUALITY,False,none
13.0,242.29,20.19,0.23,28.4,0.0,0.7726,0.063,0.662,0.8365,0.0647,2.893,-1.6246,2.8401,9.4142,3.254,3.2292,5.4706,0.5811,8.0,4.0,0.5833,-8.9222,2.1599,9.2013,2.1529,0.2721,0.8062,STRATA_SYN_STRUCTURAL_ACCELERATING_00448,STRUCTURAL_ACCELERATING,False,none
13.0,148.53,12.38,0.22,31.53,0.0,0.8118,0.0942,0.6536,0.7897,0.068,1.42,-0.6304,0.9199,3.244,2.285,0.7718,1.7321,0.5339,4.0,4.0,0.5,-0.8264,0.9139,-65.3626,0.7857,0.3799,0.3114,STRATA_SYN_STABLE_00253,STABLE,False,none
18.0,123.52,7.27,0.31,43.92,0.0,0.771,0.0879,0.6623,0.8167,0.0698,0.557,-0.6632,1.9836,8.2812,14.868,1.9772,7.4719,0.9023,13.0,8.0,0.5294,-2.743,1.9634,83.7047,1.9229,-0.1478,0.9538,STRATA_SYN_ATMOSPHERIC_TRANSIENT_00157,ATMOSPHERIC_TRANSIENT,False,none
12.0,70.7,6.43,0.35,29.42,0.0,0.795,0.0997,0.6589,0.8408,0.0722,2.977,-0.0002,2.4917,9.7632,3.28,2.7338,9.7632,1.0,6.0,5.0,0.6364,15.7137,2.3008,377.6606,2.2168,-0.0938,0.8014,STRATA_SYN_STRUCTURAL_MONOTONIC_00448,STRUCTURAL_MONOTONIC,False,none
10.0,88.39,9.82,0.26,38.8,0.0,0.1827,0.0331,0.1293,0.1891,0.0467,3.561,1.2299,2.6306,8.2888,2.328,2.9027,8.2888,1.0,4.0,5.0,0.4444,3.3877,2.6174,-244.9436,2.5371,-0.0709,0.5101,STRATA_SYN_LOW_QUALITY_00124,LOW_QUALITY,False,none
18.0,238.5,14.03,0.31,40.66,0.0,0.801,0.0603,0.6612,0.8318,0.0722,1.467,-1.633,1.7315,6.2847,4.284,1.4702,3.516,0.5595,10.0,4.0,0.5294,-6.2511,1.2011,-15.0155,1.1714,0.4894,0.4834,STRATA_SYN_STRUCTURAL_ACCELERATING_00009,STRUCTURAL_ACCELERATING,False,none
9.0,153.27,19.16,0.23,37.0,0.0,0.818,0.085,0.6527,0.7984,0.0572,1.665,0.4203,0.6836,2.3766,1.427,0.7989,2.3766,1.0,3.0,3.0,0.5,0.5875,0.679,12.5753,0.6714,-0.173,0.4882,STRATA_SYN_STABLE_00450,STABLE,False,none
8.0,83.94,11.99,0.17,34.03,0.0,0.8314,0.0584,0.7313,0.8163,0.0667,2.759,3.9961,3.6432,9.8642,3.575,3.3596,9.8642,1.0,4.0,3.0,0.7143,32.4124,2.7067,64.5621,2.702,0.0115,0.0368,STRATA_SYN_TEMPORALLY_INCONSISTENT_00253,TEMPORALLY_INCONSISTENT,False,none
6.0,50.11,10.02,0.2,43.56,0.0,0.7383,0.0567,0.6634,0.8044,0.0567,0.739,0.2678,0.533,1.8241,2.468,0.644,0.9952,0.5456,3.0,1.0,0.6,6.9449,0.4218,-309.4993,0.3061,-0.0712,0.0,STRATA_SYN_STRUCTURAL_MONOTONIC_00082,STRUCTURAL_MONOTONIC,False,none
18.0,309.68,18.22,0.27,34.37,0.0,0.81,0.0855,0.6754,0.8339,0.0606,2.226,3.265,3.3017,13.1552,5.91,4.8113,9.8354,0.7476,12.0,6.0,0.5882,-1.5134,3.2784,13.9035,3.252,-0.3657,0.9492,STRATA_SYN_TEMPORALLY_INCONSISTENT_00163,TEMPORALLY_INCONSISTENT,False,none
17.0,208.16,13.01,0.26,32.99,0.0,0.818,0.0909,0.6687,0.8165,0.0655,0.869,-0.1329,1.0812,3.6328,4.18,1.4207,3.0096,0.8285,10.0,8.0,0.5,-0.7977,1.0722,-28.2722,1.0016,-0.1145,0.8293,STRATA_SYN_STABLE_00009,STABLE,False,none
6.0,38.97,7.79,0.18,35.35,0.0,0.162,0.028,0.131,0.1758,0.0357,4.737,1.848,1.9597,5.4665,1.154,2.0852,4.6149,0.8442,3.0,2.0,0.6,16.3418,1.8664,3000.9428,0.7709,0.0053,0.8442,STRATA_SYN_LOW_QUALITY_00446,LOW_QUALITY,False,none
20.0,245.5,12.92,0.24,44.75,0.0,0.8147,0.0731,0.672,0.8179,0.058,0.834,5.8866,3.6449,14.0826,16.886,5.1097,7.57,0.5375,18.0,2.0,0.5263,8.5443,3.2009,-77.8282,2.8562,-0.0481,0.2018,STRATA_SYN_TEMPORALLY_INCONSISTENT_00476,TEMPORALLY_INCONSISTENT,False,none
16.0,102.56,6.84,0.29,38.24,0.0,0.7627,0.0807,0.6537,0.8036,0.0625,1.543,0.6136,1.6762,6.6009,4.278,1.5583,4.468,0.6769,9.0,7.0,0.6,5.0201,1.6191,122.5147,1.5674,0.2188,0.7409,STRATA_SYN_STRUCTURAL_MONOTONIC_00076,STRUCTURAL_MONOTONIC,False,none
20.0,368.16,19.38,0.25,36.43,0.0,0.8019,0.0994,0.6694,0.8459,0.0759,2.634,-0.2844,2.8397,12.2482,4.65,2.7068,9.7823,0.7987,12.0,7.0,0.5263,4.0985,2.5489,1.609,2.548,0.1317,0.7233,STRATA_SYN_ATMOSPHERIC_TRANSIENT_00456,ATMOSPHERIC_TRANSIENT,False,none
13.0,86.94,7.25,0.25,41.64,0.0,0.8292,0.0533,0.7302,0.8033,0.0713,0.733,0.1051,0.804,2.886,3.937,0.9524,2.886,1.0,8.0,7.0,0.5,-1.55,0.7958,-45.5339,0.788,-0.3801,0.8022,STRATA_SYN_STABLE_00021,STABLE,False,none
12.0,176.81,16.07,0.23,43.46,0.0,0.7898,0.088,0.6716,0.8552,0.072,1.854,0.8385,6.3277,18.7909,10.135,1.9046,4.2504,0.2262,4.0,1.0,0.8182,40.4601,1.5801,37.2115,1.5337,0.7792,0.0,STRATA_SYN_SEASONAL_ENVIRONMENTAL_00442,SEASONAL_ENVIRONMENTAL,False,none
19.0,123.3,6.85,0.27,39.85,0.0,0.7899,0.0817,0.6502,0.8135,0.0743,0.874,0.3745,2.0213,9.0572,10.363,2.2646,7.4993,0.828,12.0,11.0,0.6111,3.1867,1.9949,-36.5372,1.9876,-0.1163,0.7297,STRATA_SYN_ATMOSPHERIC_TRANSIENT_00354,ATMOSPHERIC_TRANSIENT,False,none
13.0,247.4,20.62,0.25,43.72,0.0,0.7957,0.0918,0.6802,0.8054,0.0657,2.931,1.254,2.3336,8.4761,2.892,1.8998,4.649,0.5485,5.0,3.0,0.5,-3.427,2.2185,-77.4794,1.6059,0.5253,0.532,STRATA_SYN_SEASONAL_ENVIRONMENTAL_00192,SEASONAL_ENVIRONMENTAL,False,none
7.0,99.45,16.58,0.35,25.02,0.0,0.811,0.0901,0.6745,0.8462,0.0744,0.827,-0.4533,1.1563,3.4574,4.181,0.9845,1.713,0.4955,1.0,2.0,0.6667,-5.2838,1.0519,270.7408,0.4194,0.3712,0.6073,STRATA_SYN_STRUCTURAL_MONOTONIC_00455,STRUCTURAL_MONOTONIC,False,none
16.0,357.79,23.85,0.3,27.93,0.0,0.7761,0.093,0.6524,0.8448,0.0614,1.284,0.2221,1.256,4.9516,3.856,1.4387,4.9516,1.0,10.0,9.0,0.5333,-1.0689,1.2141,-1.7734,1.212,-0.196,0.4697,STRATA_SYN_STABLE_00392,STABLE,False,none
20.0,261.89,13.78,0.29,43.46,0.0,0.7902,0.079,0.6685,0.8525,0.0641,1.47,3.1661,3.6744,12.8272,8.726,5.3365,10.0395,0.7827,18.0,9.0,0.5263,10.0765,2.9444,25.2675,2.8954,-0.2466,0.2,STRATA_SYN_TEMPORALLY_INCONSISTENT_00066,TEMPORALLY_INCONSISTENT,False,none
6.0,54.29,10.86,0.33,33.18,0.0,0.1373,0.0268,0.1029,0.1559,0.0441,4.543,1.5939,3.6109,10.9817,2.417,3.8457,8.2666,0.7528,3.0,3.0,0.6,49.7063,2.5882,-234.262,2.5752,0.172,0.5682,STRATA_SYN_LOW_QUALITY_00058,LOW_QUALITY,False,none
8.0,111.23,15.89,0.21,39.27,0.0,0.8001,0.0914,0.6576,0.8436,0.0742,2.39,5.7611,3.0682,7.9238,3.315,5.3122,7.788,0.9829,6.0,0.0,0.5714,6.5325,2.9985,121.6185,2.9517,-0.6767,0.0,STRATA_SYN_TEMPORALLY_INCONSISTENT_00217,TEMPORALLY_INCONSISTENT,False,none
18.0,241.92,14.23,0.25,43.82,0.0,0.7993,0.0628,0.6667,0.8274,0.0667,0.984,-1.165,1.4523,5.4837,5.573,1.2612,4.588,0.8367,10.0,7.0,0.4706,-4.2502,1.1714,-3.5396,1.1696,0.3341,0.4909,STRATA_SYN_STRUCTURAL_MONOTONIC_00266,STRUCTURAL_MONOTONIC,False,none
15.0,192.93,13.78,0.23,34.55,0.0,0.8169,0.0898,0.6518,0.8221,0.0709,1.289,0.1213,1.0624,3.2756,2.541,1.4327,2.6831,0.8191,11.0,6.0,0.5,0.8418,1.0535,33.632,0.9758,-0.1547,0.5201,STRATA_SYN_STABLE_00345,STABLE,False,none
12.0,68.08,6.19,0.27,31.05,0.0,0.8167,0.0663,0.7006,0.8143,0.0658,1.595,4.2181,1.7119,6.039,3.786,1.6725,3.275,0.5423,7.0,0.0,0.5455,-21.0748,1.1829,-150.8761,1.1605,0.35,0.0,STRATA_SYN_SEASONAL_ENVIRONMENTAL_00056,SEASONAL_ENVIRONMENTAL,False,none
7.0,126.4,21.07,0.31,25.1,0.0,0.8269,0.0664,0.6984,0.7862,0.0901,2.546,-0.6471,2.3751,6.2135,2.44,3.3243,5.9177,0.9524,5.0,4.0,0.5,4.8549,2.3083,-261.2714,1.7484,-0.3969,0.7311,STRATA_SYN_STABLE_00420,STABLE,False,none
17.0,192.5,12.03,0.34,39.24,0.0,0.7908,0.0741,0.6581,0.8198,0.0769,2.704,1.7825,6.5693,24.7379,9.149,3.4238,11.5694,0.4677,8.0,1.0,0.5,33.4617,3.7187,-205.1972,2.8567,0.7459,0.0,STRATA_SYN_SEASONAL_ENVIRONMENTAL_00496,SEASONAL_ENVIRONMENTAL,False,none
11.0,123.87,12.39,0.28,33.53,0.0,0.7637,0.0846,0.6531,0.8409,0.0778,1.909,-1.2512,2.9517,10.9416,5.732,3.1994,7.3111,0.6682,5.0,4.0,0.5,6.3656,2.8713,-74.1023,2.8465,0.1877,0.8038,STRATA_SYN_ATMOSPHERIC_TRANSIENT_00017,ATMOSPHERIC_TRANSIENT,False,none
15.0,318.26,22.73,0.24,25.33,0.0,0.7812,0.0897,0.654,0.8297,0.0838,0.581,-0.0881,0.4599,1.8094,3.114,0.5854,1.4555,0.8044,11.0,6.0,0.5,0.1678,0.4576,2.0864,0.4527,-0.2185,0.8252,STRATA_SYN_STABLE_00500,STABLE,False,none
6.0,42.06,8.41,0.33,41.43,0.0,0.7634,0.0803,0.6826,0.8369,0.0838,0.517,1.3368,3.4985,10.23,19.787,4.2288,9.7372,0.9518,2.0,3.0,0.8,18.0548,3.4266,-2678.6285,2.9262,-0.234,0.8368,STRATA_SYN_ATMOSPHERIC_TRANSIENT_00115,ATMOSPHERIC_TRANSIENT,False,none
10.0,128.69,14.3,0.29,30.67,0.0,0.8482,0.0605,0.7699,0.8197,0.0648,2.579,4.9115,2.1484,7.1029,2.754,2.1291,4.0887,0.5756,4.0,0.0,0.6667,-0.3074,2.1481,-81.7818,2.0992,0.2771,0.0,STRATA_SYN_SEASONAL_ENVIRONMENTAL_00046,SEASONAL_ENVIRONMENTAL,False,none
17.0,314.87,19.68,0.3,30.8,0.0,0.8065,0.0815,0.6926,0.8213,0.0633,1.039,-2.2658,1.9719,6.477,6.234,1.3009,2.7458,0.4239,13.0,3.0,0.5,-6.8867,0.7659,-6.0216,0.7429,0.6331,0.0821,STRATA_SYN_STRUCTURAL_ACCELERATING_00379,STRUCTURAL_ACCELERATING,False,none
13.0,198.9,16.58,0.19,32.59,0.0,0.8195,0.0828,0.6564,0.8606,0.0631,2.405,3.7176,4.75,18.0204,7.493,7.3,11.2566,0.6247,9.0,6.0,0.5833,1.1459,4.746,96.604,4.5825,-0.2278,0.903,STRATA_SYN_TEMPORALLY_INCONSISTENT_00376,TEMPORALLY_INCONSISTENT,False,none
6.0,45.28,9.06,0.37,36.67,0.0,0.8445,0.0864,0.6776,0.8731,0.0538,1.575,0.8074,1.6396,4.4739,2.841,3.1985,4.1981,0.9384,4.0,4.0,0.6,0.6694,1.6394,291.9026,1.6239,-0.7573,0.4843,STRATA_SYN_STABLE_00412,STABLE,False,none
12.0,234.17,21.29,0.24,42.41,0.0,0.7503,0.0556,0.6923,0.796,0.0585,0.972,-1.2308,3.0257,10.4693,10.771,4.456,7.3264,0.6998,10.0,5.0,0.5455,-8.0561,2.5568,28.2231,2.5064,-0.2411,0.5998,STRATA_SYN_TEMPORALLY_INCONSISTENT_00112,TEMPORALLY_INCONSISTENT,False,none
16.0,265.16,17.68,0.28,35.44,0.0,0.8044,0.0666,0.6516,0.8116,0.0638,1.426,-0.0499,1.213,4.2446,2.977,1.197,2.9359,0.6917,5.0,6.0,0.5333,0.8708,1.1973,29.6751,1.0016,0.2938,0.5579,STRATA_SYN_STABLE_00074,STABLE,False,none
13.0,200.24,16.69,0.31,28.28,0.0,0.8011,0.0822,0.6644,0.8013,0.0677,1.569,-0.6482,3.428,10.4127,6.637,6.2065,8.803,0.8454,10.0,11.0,0.5833,-3.5198,3.3747,47.2662,3.3185,-0.7094,0.9714,STRATA_SYN_TEMPORALLY_INCONSISTENT_00492,TEMPORALLY_INCONSISTENT,False,none
18.0,360.05,21.18,0.28,43.64,0.0,0.8157,0.0845,0.6585,0.8258,0.0727,2.263,0.121,9.0753,25.5122,11.274,4.4856,12.6967,0.4977,8.0,3.0,0.6471,-2.1199,9.0529,-39.4198,8.9126,0.7222,0.0788,STRATA_SYN_SEASONAL_ENVIRONMENTAL_00045,SEASONAL_ENVIRONMENTAL,True,strong_seasonal_amplitude
19.0,177.58,9.87,0.26,43.22,0.0,0.8015,0.0947,0.6578,0.8295,0.0757,2.549,-1.4161,2.1381,8.3764,3.286,2.1601,5.8568,0.6992,10.0,6.0,0.5,1.4052,2.1281,82.2409,1.9717,0.139,0.6891,STRATA_SYN_STRUCTURAL_MONOTONIC_00071,STRUCTURAL_MONOTONIC,False,none
22.0,293.86,13.99,0.31,39.58,0.0,0.7948,0.0785,0.6594,0.8284,0.0731,1.629,-0.3072,6.331,19.9702,12.259,2.2911,5.2698,0.2639,13.0,3.0,0.5238,-22.2194,3.2628,39.1837,3.0956,0.8863,0.201,STRATA_SYN_SEASONAL_ENVIRONMENTAL_00186,SEASONAL_ENVIRONMENTAL,False,none
14.0,162.41,12.49,0.32,37.27,0.0,0.8172,0.0916,0.6602,0.829,0.067,2.291,-0.0039,1.672,4.7018,2.052,1.9554,4.4295,0.9421,9.0,4.0,0.5385,3.3629,1.6067,24.9583,1.5928,-0.0577,0.6689,STRATA_SYN_STABLE_00215,STABLE,False,none
11.0,180.32,18.03,0.23,36.22,0.0,0.1587,0.0383,0.1146,0.172,0.0403,3.531,-0.7827,2.2182,7.1484,2.024,2.554,5.8733,0.8216,7.0,6.0,0.6,2.5792,2.1812,-7.4636,2.1797,0.0756,0.8793,STRATA_SYN_LOW_QUALITY_00303,LOW_QUALITY,False,none
10.0,142.08,15.79,0.24,25.25,0.0,0.7656,0.0847,0.6519,0.8101,0.0661,2.73,-1.0073,2.1585,7.4151,2.716,3.2802,6.5551,0.884,7.0,6.0,0.5556,-4.1087,2.0971,-49.2706,2.0702,-0.3969,0.9549,STRATA_SYN_ATMOSPHERIC_TRANSIENT_00444,ATMOSPHERIC_TRANSIENT,False,none
6.0,33.73,6.75,0.28,40.17,0.0,0.7719,0.0629,0.6608,0.7833,0.0639,2.875,1.6644,2.3856,7.9185,2.754,2.5644,4.8166,0.6083,3.0,1.0,0.6,57.1238,1.5809,-1794.0004,1.3815,-0.02,0.0,STRATA_SYN_STABLE_00238,STABLE,False,none
8.0,129.26,18.47,0.35,43.61,0.0,0.8164,0.0809,0.6997,0.8249,0.0607,1.074,-0.4327,1.1734,3.6926,3.438,1.4355,2.0366,0.5515,5.0,6.0,0.5714,-2.5131,1.1366,-161.236,0.6313,-0.0157,0.7176,STRATA_SYN_STRUCTURAL_MONOTONIC_00016,STRUCTURAL_MONOTONIC,False,none
18.0,369.89,21.76,0.26,34.51,0.0,0.819,0.0844,0.6809,0.8094,0.0695,1.209,8.6616,5.0149,17.2981,14.308,6.64,10.5237,0.6084,16.0,0.0,0.5294,11.0399,3.6746,22.0754,3.5529,-0.0711,0.0,STRATA_SYN_TEMPORALLY_INCONSISTENT_00162,TEMPORALLY_INCONSISTENT,False,none
17.0,180.46,11.28,0.25,31.74,0.0,0.7755,0.0797,0.6517,0.8348,0.0689,2.242,0.9383,3.8205,12.6158,5.627,6.6404,12.2074,0.9676,15.0,13.0,0.5,-5.5856,3.725,-8.5193,3.724,-0.6075,0.5634,STRATA_SYN_TEMPORALLY_INCONSISTENT_00228,TEMPORALLY_INCONSISTENT,False,none
14.0,174.89,13.45,0.29,40.13,0.0,0.8254,0.0908,0.6628,0.826,0.0789,1.069,0.2237,0.7276,2.9455,2.755,0.8689,1.7069,0.5795,8.0,7.0,0.5385,-0.4124,0.725,-23.8282,0.6864,0.1532,0.7559,STRATA_SYN_STABLE_00058,STABLE,False,none
20.0,218.95,11.52,0.28,36.1,0.0,0.801,0.0889,0.6803,0.8389,0.0657,1.977,5.2205,4.8351,16.5821,8.388,5.8915,11.2213,0.6767,18.0,9.0,0.5263,17.9582,3.56,29.7194,3.5328,-0.0303,0.1156,STRATA_SYN_TEMPORALLY_INCONSISTENT_00247,TEMPORALLY_INCONSISTENT,False,none
23.0,267.99,12.18,0.32,37.27,0.0,0.795,0.0829,0.6514,0.8366,0.0849,0.839,0.3521,1.7858,5.7852,6.895,1.1393,2.748,0.475,13.0,2.0,0.5,-3.8909,1.5659,-56.1059,0.973,0.6596,0.1653,STRATA_SYN_SEASONAL_ENVIRONMENTAL_00327,SEASONAL_ENVIRONMENTAL,False,none
16.0,342.25,22.82,0.34,44.59,0.0,0.7971,0.0952,0.6509,0.8531,0.0675,0.838,-0.0738,0.8766,3.3042,3.943,1.0149,2.3852,0.7219,8.0,7.0,0.5333,0.3616,0.8704,0.6109,0.8701,0.0871,0.6801,STRATA_SYN_STABLE_00319,STABLE,False,none
12.0,175.81,15.98,0.33,37.7,0.0,0.8033,0.0855,0.6734,0.8224,0.0747,2.508,0.9195,6.4878,20.2225,8.063,2.9194,8.905,0.4404,4.0,1.0,0.7273,-37.7277,3.0988,51.156,3.0557,0.7794,0.0,STRATA_SYN_SEASONAL_ENVIRONMENTAL_00392,SEASONAL_ENVIRONMENTAL,False,none
6.0,58.94,11.79,0.26,34.77,0.0,0.8688,0.0569,0.7926,0.7847,0.0765,1.836,-0.1168,1.3233,4.0429,2.202,1.6514,3.2832,0.8121,4.0,2.0,0.6,-3.31,1.3108,-755.6569,0.8658,-0.1528,0.6278,STRATA_SYN_STABLE_00347,STABLE,False,none
7.0,51.59,8.6,0.26,27.89,0.0,0.8445,0.0525,0.7595,0.8343,0.0553,2.485,0.9524,2.354,6.287,2.53,4.1225,6.1953,0.9854,5.0,6.0,0.5,1.1416,2.3534,1413.4911,1.9251,-0.6081,0.7796,STRATA_SYN_STRUCTURAL_ACCELERATING_00082,STRUCTURAL_ACCELERATING,True,accelerating_moderate_noise
16.0,244.27,16.28,0.27,25.31,0.0,0.8107,0.0968,0.6563,0.8514,0.0683,1.307,0.3242,1.2145,4.3955,3.363,1.4406,4.0256,0.9158,9.0,8.0,0.4667,0.9788,1.1978,14.8333,1.1649,-0.147,0.6056,STRATA_SYN_STRUCTURAL_ACCELERATING_00205,STRUCTURAL_ACCELERATING,False,none
11.0,149.66,14.97,0.32,25.46,0.0,0.7768,0.0888,0.6634,0.8508,0.0808,1.865,-0.7803,1.9204,6.7345,3.611,2.1908,3.4988,0.5195,7.0,5.0,0.5,-8.3472,1.5832,86.4045,1.4483,0.2422,0.5042,STRATA_SYN_STRUCTURAL_MONOTONIC_00203,STRUCTURAL_MONOTONIC,False,none
14.0,162.78,12.52,0.28,41.71,0.0,0.7782,0.0806,0.6532,0.8289,0.0591,2.742,-1.1005,3.5493,13.1966,4.813,3.2129,8.0982,0.6137,8.0,5.0,0.4615,-14.9739,2.8853,-52.0993,2.8513,0.2786,0.6348,STRATA_SYN_STRUCTURAL_ACCELERATING_00333,STRUCTURAL_ACCELERATING,False,none
9.0,174.09,21.76,0.28,30.86,0.0,0.1593,0.035,0.1047,0.174,0.0357,4.441,2.8216,4.6408,15.4285,3.474,6.111,10.6981,0.6934,6.0,5.0,0.625,-12.9269,4.1945,49.0735,4.1634,-0.3862,0.0,STRATA_SYN_LOW_QUALITY_00121,LOW_QUALITY,False,none
6.0,96.75,19.35,0.33,27.43,0.0,0.7761,0.0441,0.6907,0.772,0.0441,1.939,0.5051,1.6638,4.5157,2.329,1.7921,3.5432,0.7846,2.0,2.0,0.6,-8.8723,1.4576,-144.2227,1.3672,0.2909,0.9843,STRATA_SYN_STABLE_00351,STABLE,False,none
7.0,105.07,17.51,0.34,35.5,0.0,0.7596,0.088,0.6645,0.8179,0.0748,0.946,-2.0694,1.8347,5.647,5.969,1.1103,3.1287,0.554,3.0,0.0,0.6667,-15.7786,1.0387,-231.6818,0.4781,0.3269,0.0,STRATA_SYN_STRUCTURAL_MONOTONIC_00252,STRUCTURAL_MONOTONIC,False,none
11.0,161.78,16.18,0.18,26.35,0.0,0.7674,0.1046,0.6638,0.8113,0.0742,2.892,1.5898,2.7645,7.9153,2.737,3.394,6.1373,0.7754,6.0,4.0,0.5,5.7904,2.6435,85.819,2.5368,-0.0281,0.8514,STRATA_SYN_STRUCTURAL_ACCELERATING_00309,STRUCTURAL_ACCELERATING,False,none
6.0,85.25,17.05,0.21,28.73,0.0,0.7859,0.0605,0.707,0.8355,0.0873,2.316,-1.2543,1.367,4.6245,1.997,2.1467,4.6245,1.0,3.0,2.0,0.6,2.0125,1.3576,36.5069,1.354,-0.5708,0.9525,STRATA_SYN_STABLE_00325,STABLE,False,none
15.0,248.16,17.73,0.32,31.01,0.0,0.7984,0.0884,0.6505,0.8263,0.0666,2.858,-2.6639,3.6519,14.0404,4.913,2.9893,6.8321,0.4866,10.0,1.0,0.5714,-13.5649,2.3041,-15.3324,2.2845,0.3088,0.0,STRATA_SYN_STRUCTURAL_MONOTONIC_00157,STRUCTURAL_MONOTONIC,False,none
16.0,333.31,22.22,0.28,43.08,0.0,0.7924,0.0746,0.6929,0.8556,0.0679,0.988,0.6494,1.833,6.1407,6.215,1.5872,3.4083,0.555,8.0,5.0,0.5333,-1.0483,1.8093,17.4707,1.7032,0.4416,0.4191,STRATA_SYN_SEASONAL_ENVIRONMENTAL_00367,SEASONAL_ENVIRONMENTAL,False,none
20.0,396.34,20.86,0.25,29.27,0.0,0.788,0.0643,0.6567,0.8407,0.0526,1.74,5.5981,4.0299,16.1455,9.279,5.6207,10.946,0.678,16.0,5.0,0.5263,2.7091,3.93,-26.1611,3.7212,-0.3071,0.3778,STRATA_SYN_TEMPORALLY_INCONSISTENT_00360,TEMPORALLY_INCONSISTENT,False,none
15.0,316.55,22.61,0.29,33.38,0.0,0.7946,0.0872,0.6542,0.8112,0.076,2.285,-1.906,4.0026,13.3453,5.84,3.8058,8.2828,0.6207,9.0,4.0,0.6429,-10.8219,2.7607,0.0148,2.7607,0.3834,0.5299,STRATA_SYN_TEMPORALLY_INCONSISTENT_00362,TEMPORALLY_INCONSISTENT,False,none
10.0,175.09,19.45,0.31,42.39,0.0,0.7787,0.0736,0.6882,0.8387,0.0638,0.988,-0.9815,2.8744,10.4847,10.612,2.9556,10.4847,1.0,6.0,4.0,0.5556,-4.9131,2.7747,62.8278,2.6983,-0.2152,0.9974,STRATA_SYN_ATMOSPHERIC_TRANSIENT_00478,ATMOSPHERIC_TRANSIENT,False,none
11.0,225.05,22.51,0.33,44.67,0.0,0.7883,0.0738,0.6816,0.8158,0.0773,2.74,0.1221,1.8929,6.4408,2.351,2.5137,5.7006,0.8851,5.0,6.0,0.6,-0.7614,1.8871,48.1537,1.7058,-0.3124,0.9836,STRATA_SYN_STABLE_00486,STABLE,False,none
17.0,375.11,23.44,0.28,35.04,0.0,0.7817,0.0686,0.6692,0.8182,0.0737,2.559,0.518,5.7927,18.2603,7.136,2.9942,6.411,0.3511,4.0,3.0,0.5625,8.1441,5.1961,25.1106,5.0776,0.7995,0.3082,STRATA_SYN_SEASONAL_ENVIRONMENTAL_00451,SEASONAL_ENVIRONMENTAL,False,none
14.0,81.18,6.24,0.26,33.69,0.0,0.1695,0.0429,0.1017,0.1876,0.0373,4.974,0.5741,4.9424,18.9805,3.816,5.0113,10.6955,0.5635,7.0,5.0,0.6154,1.6381,4.9411,-1255.7039,4.1767,0.3195,0.7089,STRATA_SYN_LOW_QUALITY_00003,LOW_QUALITY,False,none
14.0,225.61,17.35,0.28,35.38,0.0,0.7704,0.077,0.6575,0.8402,0.0867,2.586,0.0272,4.1855,19.1217,7.394,4.4055,14.3399,0.7499,6.0,5.0,0.6154,-2.286,4.1625,3.9218,4.162,0.0055,0.9071,STRATA_SYN_ATMOSPHERIC_TRANSIENT_00240,ATMOSPHERIC_TRANSIENT,False,none
18.0,372.75,21.93,0.27,30.63,0.0,0.7739,0.1049,0.6501,0.8351,0.0809,1.463,-1.71,2.1815,9.8829,6.755,1.502,3.4699,0.3511,10.0,4.0,0.5882,-5.2068,1.4607,-21.685,1.121,0.4844,0.1789,STRATA_SYN_STRUCTURAL_ACCELERATING_00316,STRUCTURAL_ACCELERATING,False,none
7.0,112.17,18.69,0.3,35.81,0.0,0.863,0.0571,0.7486,0.8376,0.069,1.524,-1.1085,1.514,4.7807,3.137,1.4966,3.2994,0.6901,2.0,3.0,0.6667,4.9221,1.4282,254.9063,0.8343,0.117,0.502,STRATA_SYN_STABLE_00349,STABLE,False,none
15.0,125.64,8.97,0.21,34.76,0.0,0.7662,0.0851,0.6549,0.8249,0.0738,0.962,0.7617,1.2538,4.5889,4.77,1.3718,3.3282,0.7253,9.0,4.0,0.5714,6.6709,1.0349,-46.4187,1.0086,0.102,0.6638,STRATA_SYN_STRUCTURAL_ACCELERATING_00439,STRUCTURAL_ACCELERATING,False,none
14.0,147.36,11.34,0.23,31.43,0.0,0.7619,0.0947,0.6619,0.8296,0.0734,1.177,1.1706,2.7396,11.844,10.063,2.7119,11.844,1.0,7.0,4.0,0.5385,-5.7075,2.6453,36.6416,2.633,-0.2851,0.827,STRATA_SYN_STRUCTURAL_MONOTONIC_00342,STRUCTURAL_MONOTONIC,True,structural_with_atmospheric_spike
7.0,114.96,19.16,0.26,26.19,0.0,0.1822,0.0307,0.1445,0.1919,0.0443,3.98,0.5614,3.4733,10.3685,2.605,4.6186,10.1279,0.9768,3.0,4.0,0.5,8.1646,3.3663,-186.9182,3.2458,-0.2142,0.8017,STRATA_SYN_LOW_QUALITY_00465,LOW_QUALITY,False,none
13.0,150.64,12.55,0.3,43.4,0.0,0.8299,0.0607,0.7524,0.8223,0.0797,1.234,-4.7633,3.1463,10.1864,8.255,1.6868,4.0894,0.4015,3.0,1.0,0.6667,0.4908,3.1456,421.4335,0.6244,0.5679,0.0,STRATA_SYN_SEASONAL_ENVIRONMENTAL_00395,SEASONAL_ENVIRONMENTAL,False,none
20.0,141.84,7.47,0.3,38.5,0.0,0.8088,0.0774,0.6656,0.8277,0.0842,2.142,3.6503,4.1724,17.6053,8.219,5.9342,10.7355,0.6098,14.0,7.0,0.5263,14.6315,3.8028,127.3163,3.7203,-0.3822,0.312,STRATA_SYN_TEMPORALLY_INCONSISTENT_00285,TEMPORALLY_INCONSISTENT,False,none
13.0,118.51,9.88,0.29,40.96,0.0,0.7449,0.0538,0.6802,0.8506,0.0669,1.351,0.0594,0.9814,3.5471,2.626,1.118,1.9166,0.5403,7.0,6.0,0.5833,4.5276,0.8686,68.3716,0.8114,0.1338,0.5069,STRATA_SYN_STABLE_00012,STABLE,False,none
12.0,102.72,9.34,0.24,41.3,0.0,0.8353,0.0834,0.689,0.8102,0.0795,0.894,0.3172,0.8272,2.6908,3.01,1.1208,2.6908,1.0,7.0,6.0,0.6364,-0.0834,0.8271,71.6959,0.7893,-0.3016,0.8626,STRATA_SYN_STABLE_00274,STABLE,False,none
18.0,175.38,10.32,0.31,41.29,0.0,0.7976,0.0903,0.6611,0.8219,0.0796,0.61,-3.1862,3.44,11.4776,18.816,0.988,2.5316,0.2206,5.0,1.0,0.4706,-18.6225,2.1067,209.6202,0.6511,0.7955,0.0,STRATA_SYN_SEASONAL_ENVIRONMENTAL_00093,SEASONAL_ENVIRONMENTAL,False,none
10.0,104.97,11.66,0.24,25.82,0.0,0.7753,0.0713,0.6623,0.7887,0.0628,1.8,0.9224,1.7504,4.5757,2.542,2.4406,4.259,0.9308,5.0,6.0,0.5556,-3.3136,1.7237,14.103,1.7229,-0.2515,0.883,STRATA_SYN_STABLE_00176,STABLE,False,none
9.0,121.86,15.23,0.18,35.72,0.0,0.8436,0.056,0.7302,0.8113,0.0646,1.226,1.2602,3.5679,12.0951,9.865,3.1836,10.6845,0.8834,2.0,3.0,0.5,-9.2138,3.4267,-116.1652,3.3754,0.0104,0.8833,STRATA_SYN_ATMOSPHERIC_TRANSIENT_00281,ATMOSPHERIC_TRANSIENT,False,none
9.0,101.89,12.74,0.29,44.27,0.0,0.8839,0.0708,0.7312,0.785,0.0665,2.173,2.5709,2.1049,6.3505,2.922,3.4684,6.3505,1.0,7.0,2.0,0.5,9.2482,1.9312,102.0661,1.8969,-0.5571,0.4128,STRATA_SYN_TEMPORALLY_INCONSISTENT_00099,TEMPORALLY_INCONSISTENT,False,none
6.0,76.33,15.27,0.27,35.29,0.0,0.7473,0.0561,0.6784,0.8043,0.0578,2.853,-2.4153,2.6462,7.7855,2.729,1.9568,3.0465,0.3913,1.0,2.0,0.8,-33.0551,1.2109,-461.4778,0.6713,0.4998,0.2567,STRATA_SYN_STRUCTURAL_ACCELERATING_00490,STRUCTURAL_ACCELERATING,False,none
6.0,101.37,20.27,0.21,36.9,0.0,0.85,0.0739,0.7187,0.8394,0.045,2.561,1.1299,1.908,4.7854,1.869,3.1538,4.6748,0.9769,3.0,3.0,0.6,4.4691,1.8605,-42.8052,1.8532,-0.4853,0.7888,STRATA_SYN_STABLE_00014,STABLE,True,short_sequence
8.0,104.6,14.94,0.2,44.35,0.0,0.7526,0.0528,0.6824,0.8298,0.0581,1.765,2.6826,2.2505,6.9785,3.954,3.8533,4.8639,0.697,6.0,1.0,0.5714,11.9637,1.9517,-142.661,1.8732,-0.5448,0.0,STRATA_SYN_TEMPORALLY_INCONSISTENT_00463,TEMPORALLY_INCONSISTENT,False,none
24.0,378.33,16.45,0.26,34.09,0.0,0.8057,0.0693,0.6719,0.825,0.0771,2.56,0.1089,7.5822,27.1198,10.594,4.5229,9.3617,0.3452,11.0,4.0,0.4783,-6.9709,7.2645,-5.1129,7.2611,0.704,0.2677,STRATA_SYN_SEASONAL_ENVIRONMENTAL_00295,SEASONAL_ENVIRONMENTAL,False,none
12.0,168.3,15.3,0.32,43.84,0.0,0.8055,0.0767,0.6696,0.815,0.065,1.776,0.4663,3.7964,14.2818,8.042,6.6459,10.865,0.7608,10.0,11.0,0.5455,-5.8319,3.7015,45.3775,3.6774,-0.6509,0.8313,STRATA_SYN_TEMPORALLY_INCONSISTENT_00382,TEMPORALLY_INCONSISTENT,False,none
8.0,157.14,22.45,0.22,33.03,0.0,0.8,0.0815,0.6744,0.8551,0.0673,2.042,-1.7974,1.8927,5.1455,2.52,2.6744,4.2406,0.8241,4.0,4.0,0.5714,-2.8317,1.8503,-36.2644,1.8235,-0.1963,0.992,STRATA_SYN_STRUCTURAL_ACCELERATING_00184,STRUCTURAL_ACCELERATING,False,none
17.0,375.59,23.47,0.31,35.65,0.0,0.7955,0.1068,0.6566,0.8251,0.0705,2.881,-2.8159,3.8443,13.5384,4.699,6.9657,12.1674,0.8987,15.0,10.0,0.5,0.264,3.8434,10.9018,3.8132,-0.8165,0.8888,STRATA_SYN_TEMPORALLY_INCONSISTENT_00110,TEMPORALLY_INCONSISTENT,False,none
20.0,287.85,15.15,0.26,37.14,0.0,0.7891,0.0877,0.6511,0.8251,0.0745,1.429,3.1098,2.318,8.6647,6.063,1.4702,3.2208,0.3717,11.0,3.0,0.5789,8.0116,1.3122,5.5662,1.3045,0.6399,0.0966,STRATA_SYN_STRUCTURAL_MONOTONIC_00250,STRUCTURAL_MONOTONIC,False,none
13.0,89.01,7.42,0.29,32.08,0.0,0.8741,0.0382,0.79,0.8349,0.0757,2.779,1.6236,4.4978,12.9635,4.665,6.7535,12.9635,1.0,10.0,8.0,0.5833,11.948,4.4059,822.9183,3.8748,-0.3525,0.5967,STRATA_SYN_TEMPORALLY_INCONSISTENT_00270,TEMPORALLY_INCONSISTENT,False,none
20.0,396.85,20.89,0.29,38.15,0.0,0.7922,0.0775,0.6614,0.8164,0.0669,0.519,0.3014,2.9341,9.4461,18.201,1.3681,2.3646,0.2503,2.0,3.0,0.5789,-0.8041,2.9221,7.1391,2.9016,0.8034,0.1117,STRATA_SYN_SEASONAL_ENVIRONMENTAL_00460,SEASONAL_ENVIRONMENTAL,False,none
14.0,257.65,19.82,0.29,39.4,0.0,0.8175,0.0895,0.6619,0.833,0.0557,1.308,-1.5632,3.6792,13.3658,10.219,4.1106,7.6456,0.572,12.0,3.0,0.5385,-10.8748,2.8076,33.4009,2.7166,0.2514,0.5737,STRATA_SYN_TEMPORALLY_INCONSISTENT_00451,TEMPORALLY_INCONSISTENT,False,none
10.0,129.88,14.43,0.33,30.78,0.0,0.7996,0.091,0.6682,0.8491,0.0639,1.207,-0.6833,3.8471,13.7415,11.385,4.0309,13.4875,0.9815,5.0,4.0,0.5556,2.6498,3.8354,72.7588,3.8132,-0.2312,0.8672,STRATA_SYN_ATMOSPHERIC_TRANSIENT_00311,ATMOSPHERIC_TRANSIENT,False,none
18.0,239.24,14.07,0.27,27.0,0.0,0.9196,0.0278,0.8801,0.8447,0.0759,1.062,-0.324,2.7015,12.7689,12.023,2.3032,12.7689,1.0,12.0,10.0,0.5294,5.1068,2.5023,-33.5068,2.4305,-0.0614,0.8754,STRATA_SYN_ATMOSPHERIC_TRANSIENT_00324,ATMOSPHERIC_TRANSIENT,True,high_coherence_atmospheric
12.0,136.23,12.38,0.31,27.41,0.0,0.8249,0.068,0.6896,0.8452,0.0547,2.727,1.9355,5.2257,21.0051,7.703,6.8027,16.4445,0.7829,7.0,4.0,0.5455,-8.5089,5.1298,-162.8164,5.0334,-0.2639,0.8284,STRATA_SYN_ATMOSPHERIC_TRANSIENT_00146,ATMOSPHERIC_TRANSIENT,False,none
12.0,240.79,21.89,0.22,34.51,0.0,0.8251,0.0645,0.7287,0.8147,0.0722,1.937,-0.1584,2.3304,7.476,3.86,1.7575,4.5328,0.6063,7.0,3.0,0.5455,7.5094,1.7374,7.042,1.7323,0.3828,0.1682,STRATA_SYN_STABLE_00382,STABLE,False,none
17.0,314.42,19.65,0.22,38.28,0.0,0.7999,0.0686,0.662,0.8229,0.0673,0.578,-0.6783,2.3022,11.199,19.375,1.6811,10.0988,0.9018,7.0,6.0,0.4375,1.0826,2.2845,9.0889,2.2671,-0.0653,0.9732,STRATA_SYN_ATMOSPHERIC_TRANSIENT_00386,ATMOSPHERIC_TRANSIENT,False,none
7.0,118.81,19.8,0.38,34.38,0.0,0.1527,0.042,0.1013,0.1933,0.0237,2.776,0.5178,1.0323,2.7928,1.006,1.6752,2.7928,1.0,4.0,3.0,0.5,2.6326,0.9919,-20.0753,0.9866,-0.5177,0.0421,STRATA_SYN_LOW_QUALITY_00103,LOW_QUALITY,False,none
9.0,115.07,14.38,0.3,33.78,0.0,0.825,0.0842,0.6701,0.8516,0.0687,0.801,0.2382,0.6886,2.1619,2.699,0.6878,1.8005,0.8328,4.0,4.0,0.5,2.5233,0.6389,96.9024,0.4638,0.1861,0.9828,STRATA_SYN_STABLE_00294,STABLE,False,none
9.0,171.64,21.46,0.33,43.52,0.0,0.815,0.0846,0.6777,0.8324,0.0688,1.907,-0.4898,1.7888,6.7992,3.565,2.3163,6.7992,1.0,5.0,6.0,0.625,-3.0133,1.7295,59.9,1.6204,-0.5551,0.5359,STRATA_SYN_STRUCTURAL_MONOTONIC_00329,STRUCTURAL_MONOTONIC,True,noise_reversal_edge
6.0,106.8,21.36,0.29,32.24,0.0,0.7955,0.0891,0.6672,0.8542,0.067,2.586,3.5403,3.8879,10.1155,3.912,6.3864,9.82,0.9708,4.0,3.0,0.6,14.6786,3.6021,-71.0562,3.5892,-0.6036,0.0,STRATA_SYN_TEMPORALLY_INCONSISTENT_00381,TEMPORALLY_INCONSISTENT,False,none
19.0,122.2,6.79,0.36,34.6,0.0,0.7909,0.0919,0.6581,0.8209,0.0534,1.446,1.081,3.0629,14.5076,10.033,2.8201,13.6998,0.9443,12.0,9.0,0.5,8.6358,2.9343,214.8033,2.7638,-0.0215,0.7753,STRATA_SYN_ATMOSPHERIC_TRANSIENT_00390,ATMOSPHERIC_TRANSIENT,False,none
18.0,189.68,11.16,0.28,39.27,0.0,0.82,0.0792,0.6509,0.839,0.0647,2.762,-2.3811,4.4501,16.4646,5.961,3.2603,10.373,0.63,8.0,5.0,0.5882,2.1618,4.4369,282.5539,3.116,0.533,0.6807,STRATA_SYN_SEASONAL_ENVIRONMENTAL_00344,SEASONAL_ENVIRONMENTAL,False,none
20.0,388.37,20.44,0.24,34.74,0.0,0.9356,0.0235,0.8908,0.8101,0.0713,1.396,0.475,1.5348,6.3953,4.581,1.8997,4.7267,0.7391,10.0,11.0,0.5789,0.9431,1.5043,0.1508,1.5043,-0.195,0.5876,STRATA_SYN_ATMOSPHERIC_TRANSIENT_00128,ATMOSPHERIC_TRANSIENT,True,high_coherence_atmospheric
15.0,224.96,16.07,0.29,42.81,0.0,0.8338,0.093,0.664,0.7829,0.0623,2.818,1.366,4.0649,15.3718,5.455,2.9758,8.5297,0.5549,10.0,2.0,0.5,-7.0448,3.8395,-204.6911,1.996,0.4746,0.3669,STRATA_SYN_SEASONAL_ENVIRONMENTAL_00043,SEASONAL_ENVIRONMENTAL,False,none
19.0,348.24,19.35,0.28,31.15,0.0,0.7768,0.0837,0.6687,0.8336,0.0808,1.013,0.2696,1.1128,4.8007,4.739,1.1393,3.7333,0.7777,7.0,7.0,0.5,1.1301,1.0635,4.4895,1.0502,0.1366,0.5531,STRATA_SYN_STABLE_00051,STABLE,False,none
14.0,182.3,14.02,0.21,40.18,0.0,0.198,0.0424,0.1094,0.1804,0.0509,4.781,1.4131,3.2465,10.7079,2.24,2.6811,7.1338,0.6662,7.0,4.0,0.5385,9.5599,2.889,-72.5201,2.7844,0.4234,0.6027,STRATA_SYN_LOW_QUALITY_00401,LOW_QUALITY,False,none
15.0,96.04,6.86,0.27,29.47,0.0,0.8036,0.0881,0.6613,0.8176,0.0517,1.975,-0.6681,2.0247,8.6077,4.358,2.0582,5.6697,0.6587,10.0,4.0,0.5,-9.2409,1.883,417.7752,1.4392,0.247,0.7599,STRATA_SYN_STRUCTURAL_MONOTONIC_00280,STRUCTURAL_MONOTONIC,False,none
19.0,346.89,19.27,0.29,44.56,0.0,0.7821,0.0696,0.6744,0.8238,0.0759,2.929,3.5943,4.0713,16.8773,5.762,3.4836,10.6383,0.6303,12.0,4.0,0.5,8.8347,3.172,15.968,3.1157,0.4072,0.4379,STRATA_SYN_STRUCTURAL_ACCELERATING_00162,STRUCTURAL_ACCELERATING,False,none
9.0,138.61,17.33,0.28,32.17,0.0,0.8219,0.0837,0.6636,0.8221,0.0925,2.313,0.0527,3.8647,11.4549,4.952,6.3315,11.2365,0.9809,7.0,6.0,0.5,-6.9103,3.7711,-278.8961,3.2948,-0.6029,0.6134,STRATA_SYN_TEMPORALLY_INCONSISTENT_00470,TEMPORALLY_INCONSISTENT,False,none
17.0,376.12,23.51,0.3,41.83,0.0,0.8162,0.092,0.6688,0.8085,0.0754,2.463,7.4478,4.4708,17.2182,6.991,5.414,12.5034,0.7262,11.0,2.0,0.5,7.8156,3.7319,-7.7789,3.716,-0.0426,0.2094,STRATA_SYN_TEMPORALLY_INCONSISTENT_00309,TEMPORALLY_INCONSISTENT,False,none
7.0,61.85,10.31,0.33,27.19,0.0,0.9155,0.0383,0.8832,0.8043,0.0798,0.842,-1.2749,2.8739,8.9672,10.65,3.2424,8.9672,1.0,2.0,3.0,0.5,-11.7029,2.7959,-47.7955,2.7952,-0.3274,0.8242,STRATA_SYN_ATMOSPHERIC_TRANSIENT_00480,ATMOSPHERIC_TRANSIENT,True,high_coherence_atmospheric
15.0,238.6,17.04,0.26,30.64,0.0,0.8114,0.0719,0.6866,0.8259,0.0782,2.785,1.5506,4.7696,17.5772,6.311,7.038,15.6933,0.8928,11.0,8.0,0.5,-5.8867,4.6206,7.1752,4.6188,-0.4092,0.8928,STRATA_SYN_TEMPORALLY_INCONSISTENT_00014,TEMPORALLY_INCONSISTENT,False,none
15.0,107.83,7.7,0.3,37.53,0.0,0.8437,0.0641,0.7349,0.8057,0.0705,0.501,2.7634,1.4411,4.8058,9.592,0.518,1.3764,0.2864,5.0,1.0,0.5714,12.8003,0.8405,-204.3949,0.3677,0.7588,0.0,STRATA_SYN_SEASONAL_ENVIRONMENTAL_00415,SEASONAL_ENVIRONMENTAL,False,none
8.0,40.52,5.79,0.22,28.84,0.0,0.7456,0.0561,0.6602,0.8051,0.0644,2.985,-0.565,2.5157,7.826,2.622,3.4109,6.5818,0.841,6.0,4.0,0.5714,-27.8799,2.3015,-828.2831,2.2512,-0.2719,0.7862,STRATA_SYN_STRUCTURAL_ACCELERATING_00206,STRUCTURAL_ACCELERATING,False,none
12.0,133.72,12.16,0.23,31.36,0.0,0.7618,0.0687,0.6545,0.8224,0.0486,0.888,-0.9582,0.7984,2.631,2.963,0.9498,2.2135,0.8413,8.0,4.0,0.6364,-3.8477,0.6644,-37.3824,0.6276,0.0578,0.4604,STRATA_SYN_STRUCTURAL_ACCELERATING_00242,STRUCTURAL_ACCELERATING,False,none
11.0,71.21,7.12,0.25,42.88,0.0,0.7928,0.076,0.6949,0.794,0.0544,2.366,0.786,2.2587,7.6287,3.224,3.0532,7.2266,0.9473,5.0,6.0,0.7,-4.8144,2.2391,-377.8309,2.1478,-0.0998,0.794,STRATA_SYN_STRUCTURAL_MONOTONIC_00194,STRUCTURAL_MONOTONIC,True,structural_with_atmospheric_spike
14.0,186.82,14.37,0.24,36.09,0.0,0.7976,0.084,0.6597,0.8253,0.0633,1.493,-0.7316,4.0063,16.6381,11.144,4.0664,16.6381,1.0,9.0,8.0,0.5385,0.4123,4.0058,103.2647,3.836,-0.308,0.9497,STRATA_SYN_ATMOSPHERIC_TRANSIENT_00061,ATMOSPHERIC_TRANSIENT,False,none
19.0,261.97,14.55,0.27,30.48,0.0,0.7959,0.0743,0.6549,0.8069,0.0772,1.624,0.3337,2.104,7.9155,4.874,2.0278,5.3783,0.6795,7.0,9.0,0.6111,-2.1895,2.0486,-2.0805,2.0481,0.2372,0.261,STRATA_SYN_STABLE_00306,STABLE,False,none
18.0,354.74,20.87,0.27,28.88,0.0,0.853,0.0774,0.6505,0.7994,0.0636,0.633,0.629,2.9967,14.2916,22.578,2.0871,13.0778,0.9151,8.0,6.0,0.4706,0.0168,2.9967,-23.7036,2.8495,-0.0462,0.9466,STRATA_SYN_ATMOSPHERIC_TRANSIENT_00459,ATMOSPHERIC_TRANSIENT,False,none
6.0,53.0,10.6,0.25,40.65,0.0,0.1931,0.0278,0.1531,0.1865,0.0337,4.588,-2.3389,6.0199,16.4259,3.58,8.7959,15.755,0.9592,2.0,3.0,0.6,5.1612,6.0144,742.5913,5.9633,-0.384,0.3226,STRATA_SYN_LOW_QUALITY_00499,LOW_QUALITY,False,none
6.0,70.21,14.04,0.32,35.15,0.0,0.8007,0.0816,0.7065,0.7999,0.0721,0.699,0.3468,0.6902,1.8906,2.705,1.0446,1.8802,0.9945,3.0,4.0,0.4,-1.2038,0.6857,180.7759,0.5996,-0.476,0.8945,STRATA_SYN_STABLE_00233,STABLE,False,none
10.0,196.4,21.82,0.29,36.62,0.0,0.7947,0.1021,0.6591,0.8045,0.0699,2.307,-1.7729,1.7509,6.1933,2.685,2.28,5.3284,0.8603,5.0,2.0,0.5556,-3.6806,1.6334,6.5165,1.6312,-0.0987,0.4685,STRATA_SYN_STABLE_00384,STABLE,False,none
14.0,125.33,9.64,0.3,34.9,0.0,0.1798,0.0446,0.1019,0.1789,0.0484,3.147,0.9274,2.7069,12.6675,4.025,3.5472,12.6675,1.0,8.0,7.0,0.6154,2.3698,2.6951,-21.8239,2.6929,-0.519,0.7906,STRATA_SYN_LOW_QUALITY_00073,LOW_QUALITY,False,none
19.0,308.57,17.14,0.25,30.89,0.0,0.7975,0.0733,0.6728,0.8316,0.0901,2.494,-2.5295,2.8133,10.5994,4.25,3.1406,9.5181,0.898,11.0,3.0,0.6111,-5.8624,2.3761,19.6569,2.3045,0.0614,0.2936,STRATA_SYN_STRUCTURAL_ACCELERATING_00491,STRUCTURAL_ACCELERATING,True,accelerating_moderate_noise
15.0,218.88,15.63,0.26,36.72,0.0,0.7947,0.0619,0.6555,0.862,0.0759,2.375,-5.2974,5.7606,20.1247,8.474,4.5521,8.9147,0.443,13.0,3.0,0.5,-27.5258,2.6833,-24.7907,2.6566,0.4865,0.153,STRATA_SYN_TEMPORALLY_INCONSISTENT_00092,TEMPORALLY_INCONSISTENT,False,none
18.0,114.81,6.75,0.25,36.75,0.0,0.7972,0.0857,0.6591,0.8126,0.0861,1.752,0.0543,6.9833,22.8619,13.049,3.2533,10.0156,0.4381,10.0,1.0,0.5294,66.2653,2.8024,56.0744,2.7929,0.7818,0.0,STRATA_SYN_SEASONAL_ENVIRONMENTAL_00434,SEASONAL_ENVIRONMENTAL,False,none
18.0,126.01,7.41,0.25,36.97,0.0,0.8202,0.0842,0.6673,0.8438,0.0782,2.265,0.0077,1.8977,7.4317,3.281,2.3077,6.6664,0.897,12.0,9.0,0.5294,8.7659,1.6581,-79.0798,1.612,-0.2197,0.3914,STRATA_SYN_STABLE_00398,STABLE,False,none
8.0,96.84,13.83,0.31,42.2,0.0,0.7858,0.1036,0.6527,0.8329,0.0822,2.591,-1.2065,1.9379,6.0176,2.323,2.8124,5.1274,0.8521,4.0,4.0,0.5714,-3.9505,1.9072,-28.431,1.9049,-0.2843,0.9669,STRATA_SYN_STRUCTURAL_MONOTONIC_00100,STRUCTURAL_MONOTONIC,False,none
6.0,87.0,17.4,0.28,38.25,0.0,0.7108,0.054,0.6577,0.8222,0.0686,1.504,0.8093,1.6566,4.4129,2.934,1.7079,3.5508,0.8046,3.0,1.0,0.6,14.075,1.1953,-319.0149,0.7835,0.2209,0.0,STRATA_SYN_STRUCTURAL_MONOTONIC_00182,STRUCTURAL_MONOTONIC,False,none
14.0,255.89,19.68,0.21,42.43,0.0,0.801,0.0631,0.6864,0.873,0.049,1.004,2.2105,2.5023,7.5147,7.485,4.5208,7.0254,0.9349,12.0,7.0,0.5385,-1.2664,2.4871,-10.9237,2.4766,-0.761,0.5705,STRATA_SYN_TEMPORALLY_INCONSISTENT_00296,TEMPORALLY_INCONSISTENT,False,none
12.0,178.39,16.22,0.25,33.78,0.0,0.8445,0.0734,0.6756,0.7941,0.0595,2.601,-2.0139,3.428,12.6107,4.848,2.9981,7.0538,0.5594,6.0,4.0,0.5455,-12.3514,2.862,100.4354,2.6644,0.5091,0.7178,STRATA_SYN_TEMPORALLY_INCONSISTENT_00461,TEMPORALLY_INCONSISTENT,False,none
11.0,70.48,7.05,0.29,42.19,0.0,0.7586,0.0704,0.6821,0.7979,0.0591,1.323,-1.0873,1.5991,4.9187,3.718,1.5046,2.7672,0.5626,5.0,2.0,0.5,-3.7802,1.5825,772.8685,0.9445,0.307,0.5316,STRATA_SYN_STRUCTURAL_MONOTONIC_00179,STRUCTURAL_MONOTONIC,False,none
11.0,180.87,18.09,0.29,42.63,0.0,0.8107,0.0894,0.6583,0.8,0.0576,1.016,-0.286,7.7557,21.2198,20.886,2.6216,6.0574,0.2855,4.0,1.0,0.8,47.7381,2.033,18.2717,2.0234,0.7504,0.0,STRATA_SYN_SEASONAL_ENVIRONMENTAL_00323,SEASONAL_ENVIRONMENTAL,False,none
20.0,269.62,14.19,0.27,35.22,0.0,0.7732,0.0849,0.6532,0.8023,0.061,0.546,-0.1482,0.491,1.9189,3.514,0.5813,1.6179,0.8431,8.0,9.0,0.5263,0.3364,0.4852,0.7659,0.4848,-0.2202,0.2158,STRATA_SYN_STABLE_00483,STABLE,False,none
20.0,222.56,11.71,0.27,41.74,0.0,0.8037,0.0886,0.6663,0.8231,0.0693,1.858,-4.0879,2.5145,9.1797,4.941,2.5692,6.6679,0.7264,13.0,0.0,0.5789,-8.4267,1.9758,-14.1324,1.9641,0.2695,0.0,STRATA_SYN_STRUCTURAL_MONOTONIC_00120,STRUCTURAL_MONOTONIC,False,none
10.0,95.06,10.56,0.19,40.63,0.0,0.8374,0.0952,0.6667,0.8218,0.0758,2.843,-2.5206,1.8612,5.8158,2.046,2.2515,5.4573,0.9384,6.0,2.0,0.6667,10.2888,1.6525,-63.207,1.6413,0.0053,0.5959,STRATA_SYN_SEASONAL_ENVIRONMENTAL_00419,SEASONAL_ENVIRONMENTAL,False,none
19.0,332.21,18.46,0.2,45.0,0.0,0.8029,0.0976,0.6656,0.8264,0.0668,1.287,0.37,3.0959,14.9451,11.612,2.8715,13.2427,0.8861,13.0,11.0,0.5,-0.2309,3.0953,-28.101,2.9428,-0.1122,0.7819,STRATA_SYN_ATMOSPHERIC_TRANSIENT_00174,ATMOSPHERIC_TRANSIENT,False,none
19.0,178.74,9.93,0.28,26.64,0.0,0.1751,0.0486,0.1014,0.1583,0.0391,4.186,1.1378,3.7346,13.001,3.106,3.8352,11.996,0.9227,10.0,7.0,0.5556,-4.7224,3.6675,102.8447,3.5242,0.0736,0.6441,STRATA_SYN_LOW_QUALITY_00441,LOW_QUALITY,False,none
17.0,289.97,18.12,0.27,29.96,0.0,0.8102,0.0834,0.6666,0.8245,0.0702,2.084,-4.2463,3.6837,14.606,7.009,2.8319,6.292,0.4308,8.0,2.0,0.6875,-11.0904,2.5113,29.3245,2.39,0.5207,0.1778,STRATA_SYN_STRUCTURAL_MONOTONIC_00084,STRUCTURAL_MONOTONIC,False,none
6.0,93.16,18.63,0.31,43.02,0.0,0.8007,0.07,0.6879,0.8081,0.0716,1.074,-0.0641,0.8651,2.4408,2.273,1.0798,2.4408,1.0,3.0,1.0,0.6,-5.5787,0.7165,-30.5512,0.7095,-0.0634,0.0,STRATA_SYN_STABLE_00269,STABLE,True,short_sequence
8.0,164.57,23.51,0.29,33.38,0.0,0.8226,0.1164,0.6511,0.8555,0.066,1.047,0.1861,0.8902,2.8895,2.76,0.8551,1.7812,0.6164,5.0,1.0,0.5714,4.3473,0.618,-16.7048,0.5973,0.3504,0.0,STRATA_SYN_STABLE_00365,STABLE,False,none
24.0,152.7,6.64,0.27,43.48,0.0,0.7945,0.0741,0.6611,0.8319,0.0668,1.36,3.2852,5.3907,20.0349,14.732,1.8079,6.0777,0.3034,8.0,2.0,0.5217,-19.9462,4.7708,-648.5571,1.3605,0.7634,0.1438,STRATA_SYN_SEASONAL_ENVIRONMENTAL_00422,SEASONAL_ENVIRONMENTAL,False,none
17.0,258.3,16.14,0.29,27.92,0.0,0.8278,0.0692,0.6877,0.8125,0.0717,0.619,0.0086,0.5348,1.9944,3.222,0.7031,1.7912,0.8981,8.0,9.0,0.4375,0.2185,0.5327,1.3415,0.5319,-0.2712,0.6257,STRATA_SYN_STABLE_00332,STABLE,False,none
15.0,241.17,17.23,0.26,25.3,0.0,0.1572,0.0477,0.1001,0.1856,0.0447,2.549,0.5279,2.0875,6.8905,2.703,2.4996,5.2726,0.7652,8.0,7.0,0.5714,-0.1515,2.0873,35.9589,1.9795,-0.012,0.3106,STRATA_SYN_LOW_QUALITY_00086,LOW_QUALITY,False,none
8.0,102.06,14.58,0.38,28.88,0.0,0.835,0.0544,0.7474,0.8191,0.0667,2.538,-1.259,4.6797,12.1517,4.788,2.4578,5.8147,0.4785,4.0,1.0,0.5714,47.5263,1.7112,-55.6936,1.6991,0.6415,0.0,STRATA_SYN_SEASONAL_ENVIRONMENTAL_00424,SEASONAL_ENVIRONMENTAL,True,short_seasonal_sequence
15.0,149.19,10.66,0.27,33.26,0.0,0.7991,0.1045,0.6667,0.8314,0.0635,0.925,-0.2478,1.0608,4.4746,4.837,1.0194,4.4746,1.0,8.0,5.0,0.4286,3.2192,0.9802,38.9185,0.941,-0.075,0.8406,STRATA_SYN_ATMOSPHERIC_TRANSIENT_00175,ATMOSPHERIC_TRANSIENT,False,none
19.0,395.6,21.98,0.27,28.18,0.0,0.8162,0.0807,0.6872,0.8344,0.0761,1.541,-2.7573,1.7185,6.5393,4.244,1.4284,2.9385,0.4494,11.0,2.0,0.5,-3.6768,1.2201,-1.3408,1.2184,0.5088,0.1522,STRATA_SYN_STRUCTURAL_MONOTONIC_00385,STRUCTURAL_MONOTONIC,False,none
17.0,347.21,21.7,0.32,42.01,0.0,0.1835,0.042,0.1026,0.1713,0.0397,4.52,0.3053,4.6049,19.0582,4.216,4.0017,8.0946,0.4247,8.0,5.0,0.5,-9.1537,3.7596,-61.5703,2.957,0.2944,0.2612,STRATA_SYN_LOW_QUALITY_00455,LOW_QUALITY,False,none
15.0,116.43,8.32,0.29,32.95,0.0,0.7941,0.0953,0.6619,0.827,0.0782,0.516,-0.5605,0.7226,2.8581,5.539,0.617,1.6058,0.5618,6.0,4.0,0.5,-4.9638,0.5303,-14.8023,0.5265,0.283,0.3041,STRATA_SYN_STRUCTURAL_ACCELERATING_00075,STRUCTURAL_ACCELERATING,False,none
23.0,310.52,14.11,0.29,28.83,0.0,0.816,0.094,0.659,0.8271,0.0794,0.547,0.2387,5.7881,17.0125,31.101,1.5614,3.242,0.1906,3.0,2.0,0.5455,0.992,5.7826,189.4953,1.589,0.8653,0.2536,STRATA_SYN_SEASONAL_ENVIRONMENTAL_00022,SEASONAL_ENVIRONMENTAL,False,none
14.0,129.26,9.94,0.29,44.94,0.0,0.7764,0.0833,0.6648,0.8354,0.0795,1.207,-1.991,1.2593,4.1972,3.477,0.9783,2.1647,0.5157,9.0,0.0,0.5385,-9.6477,0.6833,-43.5399,0.6429,0.5397,0.0,STRATA_SYN_STRUCTURAL_MONOTONIC_00304,STRUCTURAL_MONOTONIC,False,none
14.0,245.3,18.87,0.24,29.86,0.0,0.1779,0.0324,0.126,0.1776,0.0398,4.63,1.8744,4.7106,18.1402,3.918,4.6407,18.1402,1.0,7.0,4.0,0.6923,-7.6829,4.4309,54.0874,4.3064,0.1084,0.8345,STRATA_SYN_LOW_QUALITY_00458,LOW_QUALITY,False,none
18.0,345.22,20.31,0.29,25.66,0.0,0.793,0.0887,0.6513,0.8474,0.0723,1.911,0.1294,2.0591,9.0299,4.725,2.4752,4.321,0.4785,10.0,9.0,0.6471,0.3743,2.0563,-18.158,1.9433,0.0595,0.7918,STRATA_SYN_STABLE_00484,STABLE,False,none
15.0,334.85,23.92,0.3,32.08,0.0,0.8095,0.0645,0.7125,0.8303,0.0775,0.824,0.0808,0.7119,2.5736,3.123,0.8077,2.2562,0.8767,8.0,7.0,0.5714,-1.3238,0.6056,-1.2197,0.6041,-0.057,0.1559,STRATA_SYN_STABLE_00092,STABLE,False,none
10.0,67.44,7.49,0.26,27.05,0.0,0.7548,0.0983,0.6505,0.8649,0.0492,2.862,-0.9477,5.5359,16.1061,5.628,9.6252,14.1411,0.878,8.0,6.0,0.5556,-27.8046,5.2877,-678.7152,5.1856,-0.5461,0.79,STRATA_SYN_TEMPORALLY_INCONSISTENT_00460,TEMPORALLY_INCONSISTENT,False,none
13.0,161.41,13.45,0.3,27.98,0.0,0.7996,0.0891,0.664,0.8086,0.0548,1.187,1.7805,2.9957,11.1332,9.379,5.0625,8.8948,0.7989,11.0,7.0,0.5,-3.7306,2.9511,-83.0807,2.8666,-0.5884,0.779,STRATA_SYN_TEMPORALLY_INCONSISTENT_00200,TEMPORALLY_INCONSISTENT,False,none
18.0,260.53,15.33,0.26,38.65,0.0,0.7712,0.0712,0.6663,0.8165,0.0684,2.086,-0.1159,3.8353,17.6725,8.472,3.6523,13.7809,0.7798,9.0,7.0,0.5294,0.3905,3.8344,18.1045,3.8154,0.131,0.7355,STRATA_SYN_ATMOSPHERIC_TRANSIENT_00124,ATMOSPHERIC_TRANSIENT,False,none
8.0,153.29,21.9,0.21,42.6,0.0,0.7774,0.0772,0.6524,0.8318,0.0625,2.881,-2.3775,5.9206,18.9692,6.584,4.4156,10.0019,0.5273,3.0,1.0,0.5714,26.4522,4.6753,510.6974,2.0455,0.4367,0.0,STRATA_SYN_SEASONAL_ENVIRONMENTAL_00059,SEASONAL_ENVIRONMENTAL,True,short_seasonal_sequence
8.0,134.3,19.19,0.31,25.45,0.0,0.7766,0.0799,0.6742,0.7945,0.0595,1.583,2.9407,4.236,12.1965,7.705,6.6081,10.4843,0.8596,6.0,5.0,0.5714,17.703,3.658,-32.386,3.6522,-0.4557,0.1101,STRATA_SYN_TEMPORALLY_INCONSISTENT_00266,TEMPORALLY_INCONSISTENT,False,none
6.0,102.96,20.59,0.28,36.02,0.0,0.8084,0.0731,0.6641,0.82,0.0571,1.846,2.5865,2.1525,4.9038,2.656,2.5681,4.8704,0.9932,3.0,2.0,0.6,7.7683,2.0189,250.5687,1.7565,-0.0613,0.3927,STRATA_SYN_STRUCTURAL_MONOTONIC_00093,STRUCTURAL_MONOTONIC,False,none
15.0,174.06,12.43,0.31,38.48,0.0,0.7658,0.0828,0.6524,0.8498,0.0562,2.226,-0.4122,1.8238,5.4141,2.432,2.285,5.0746,0.9373,8.0,10.0,0.5,-3.9133,1.7307,26.5571,1.7119,-0.1069,0.8935,STRATA_SYN_STABLE_00125,STABLE,False,none
12.0,78.85,7.17,0.22,26.7,0.0,0.8192,0.0593,0.7255,0.8353,0.0691,2.729,0.2094,2.0394,5.7923,2.122,2.6936,5.02,0.8667,7.0,8.0,0.5455,-2.5856,2.0318,485.7424,1.7764,-0.2353,0.9582,STRATA_SYN_STABLE_00246,STABLE,False,none
20.0,176.08,9.27,0.3,43.63,0.0,0.8084,0.0905,0.6544,0.8219,0.0615,0.518,5.4571,4.3129,15.1723,29.29,5.0476,6.6332,0.4372,18.0,3.0,0.5263,22.3966,2.8081,75.9199,2.7136,0.1645,0.0189,STRATA_SYN_TEMPORALLY_INCONSISTENT_00148,TEMPORALLY_INCONSISTENT,False,none
7.0,131.51,21.92,0.21,25.59,0.0,0.8011,0.0819,0.6809,0.8704,0.0602,0.846,-0.0661,0.9026,3.0576,3.614,1.0114,1.9845,0.649,3.0,2.0,0.6667,2.7082,0.8419,-81.3182,0.6719,0.1669,0.75,STRATA_SYN_STABLE_00170,STABLE,False,none
15.0,214.47,15.32,0.25,35.41,0.0,0.7885,0.0829,0.6626,0.8305,0.0781,2.222,3.4671,4.139,15.5769,7.01,4.5002,9.8882,0.6348,10.0,4.0,0.5714,12.2261,3.5001,124.7133,2.9938,0.2529,0.7219,STRATA_SYN_TEMPORALLY_INCONSISTENT_00426,TEMPORALLY_INCONSISTENT,False,none
17.0,313.43,19.59,0.29,31.55,0.0,0.7781,0.0738,0.6606,0.7927,0.0718,2.537,-0.2326,3.3298,12.7083,5.009,3.8902,8.5145,0.67,9.0,9.0,0.5625,-5.0829,3.0502,18.8016,2.9949,0.0289,0.6247,STRATA_SYN_TEMPORALLY_INCONSISTENT_00114,TEMPORALLY_INCONSISTENT,False,none
23.0,279.28,12.69,0.25,44.24,0.0,0.7958,0.0893,0.6538,0.8216,0.0676,1.789,0.1652,3.2061,12.5588,7.02,2.8193,5.8653,0.467,16.0,6.0,0.5,6.6026,2.8219,84.5267,1.9866,0.4572,0.5034,STRATA_SYN_SEASONAL_ENVIRONMENTAL_00091,SEASONAL_ENVIRONMENTAL,False,none
12.0,193.89,17.63,0.34,25.74,0.0,0.806,0.0969,0.6771,0.8362,0.0609,0.898,0.223,0.8782,3.103,3.455,1.1629,3.103,1.0,8.0,5.0,0.4545,0.5034,0.8742,14.6928,0.8553,-0.3986,0.7865,STRATA_SYN_STABLE_00117,STABLE,False,none
20.0,446.93,23.52,0.32,38.91,0.0,0.8206,0.0861,0.6533,0.8221,0.0724,2.053,-3.6775,2.9923,10.1359,4.937,2.3881,6.3408,0.6256,15.0,6.0,0.5263,-6.6093,1.7103,-10.2094,1.5909,0.4675,0.2875,STRATA_SYN_STRUCTURAL_ACCELERATING_00086,STRUCTURAL_ACCELERATING,False,none
8.0,66.64,9.52,0.28,27.07,0.0,0.7902,0.0277,0.7289,0.8674,0.0315,1.941,0.839,4.4809,16.3037,8.4,5.3531,16.3037,1.0,3.0,3.0,0.7143,-12.0661,4.4228,-591.4254,4.3251,-0.3962,0.8878,STRATA_SYN_ATMOSPHERIC_TRANSIENT_00404,ATMOSPHERIC_TRANSIENT,False,none
17.0,179.2,11.2,0.26,39.93,0.0,0.8472,0.0776,0.674,0.8443,0.068,2.733,1.1831,4.0232,18.2828,6.69,3.8928,16.0886,0.88,11.0,10.0,0.5625,6.1058,3.9162,-122.7887,3.7163,0.0707,0.8698,STRATA_SYN_ATMOSPHERIC_TRANSIENT_00408,ATMOSPHERIC_TRANSIENT,False,none
7.0,97.07,16.18,0.15,42.02,0.0,0.823,0.0679,0.693,0.8205,0.0852,1.053,3.5582,2.9199,8.7363,8.297,5.1251,7.8626,0.9,5.0,1.0,0.5,15.4678,2.5799,-151.6349,2.5278,-0.5443,0.0,STRATA_SYN_TEMPORALLY_INCONSISTENT_00249,TEMPORALLY_INCONSISTENT,False,none
13.0,240.54,20.04,0.23,32.61,0.0,0.7709,0.0686,0.6669,0.8482,0.058,2.32,-0.8941,2.2095,8.052,3.471,2.0614,5.9034,0.7332,6.0,5.0,0.5,-6.668,1.7309,28.7167,1.6453,0.3046,0.7641,STRATA_SYN_STRUCTURAL_ACCELERATING_00392,STRUCTURAL_ACCELERATING,False,none
6.0,34.7,6.94,0.23,39.82,0.0,0.7993,0.0983,0.6649,0.8104,0.0374,2.098,0.2798,1.6037,4.6289,2.206,2.4035,4.6289,1.0,3.0,4.0,0.6,6.8187,1.5884,-1008.0503,1.5224,-0.2733,0.9523,STRATA_SYN_STABLE_00393,STABLE,True,short_sequence
11.0,66.33,6.63,0.27,35.86,0.0,0.7858,0.0959,0.6524,0.806,0.0754,1.299,-0.1369,0.9755,3.3943,2.613,1.3865,3.3216,0.9786,5.0,5.0,0.5,-2.5841,0.9643,-77.5842,0.9576,-0.2535,0.947,STRATA_SYN_STRUCTURAL_MONOTONIC_00201,STRUCTURAL_MONOTONIC,False,none
12.0,225.3,20.48,0.26,44.13,0.0,0.8174,0.1046,0.6573,0.7946,0.06,2.028,2.1311,3.3454,10.0802,4.971,5.5921,9.1946,0.9121,10.0,8.0,0.5455,-3.3495,3.2821,51.174,3.1705,-0.525,0.8151,STRATA_SYN_TEMPORALLY_INCONSISTENT_00007,TEMPORALLY_INCONSISTENT,False,none
17.0,251.38,15.71,0.3,38.21,0.0,0.772,0.0923,0.6562,0.8386,0.0694,3.0,-0.0737,2.9525,11.2393,3.746,3.1913,7.493,0.6667,10.0,7.0,0.5,-7.2176,2.5268,7.2414,2.5227,0.1908,0.8993,STRATA_SYN_STABLE_00350,STABLE,True,elevated_noise_stable
14.0,258.6,19.89,0.28,26.48,0.0,0.7735,0.0865,0.6556,0.8261,0.0753,2.979,2.2583,3.5467,10.7757,3.617,4.831,10.7757,1.0,9.0,8.0,0.5385,2.3387,3.5094,50.0629,3.342,-0.3351,0.8696,STRATA_SYN_STRUCTURAL_ACCELERATING_00288,STRUCTURAL_ACCELERATING,False,none
21.0,154.62,7.73,0.26,30.49,0.0,0.8221,0.0929,0.6562,0.8096,0.0865,1.995,4.7321,7.9605,25.6006,12.832,2.1202,7.0449,0.2752,9.0,1.0,0.7,-59.2273,2.4963,-252.3901,1.6788,0.8459,0.0,STRATA_SYN_SEASONAL_ENVIRONMENTAL_00083,SEASONAL_ENVIRONMENTAL,True,strong_seasonal_amplitude
13.0,111.13,9.26,0.28,41.55,0.0,0.784,0.0989,0.6632,0.8226,0.0917,1.196,-0.0414,1.1267,4.2751,3.574,1.5661,3.9802,0.931,7.0,8.0,0.5,1.9707,1.1111,-33.6362,1.1031,-0.2784,0.9157,STRATA_SYN_STABLE_00310,STABLE,False,none
16.0,117.41,7.83,0.31,33.05,0.0,0.8034,0.0896,0.6676,0.8294,0.0727,1.348,-0.0389,0.9108,3.1979,2.372,0.7899,1.8144,0.5674,8.0,5.0,0.4667,-6.1822,0.6783,33.3921,0.6628,0.4433,0.7018,STRATA_SYN_STABLE_00005,STABLE,False,none
12.0,84.22,7.66,0.32,34.24,0.0,0.7848,0.0794,0.6569,0.835,0.0611,2.992,1.4989,2.873,9.4822,3.169,3.3188,9.4822,1.0,6.0,3.0,0.5455,-3.7238,2.8606,-398.2634,2.7076,-0.3941,0.0121,STRATA_SYN_STRUCTURAL_ACCELERATING_00492,STRUCTURAL_ACCELERATING,False,none
17.0,278.98,17.44,0.25,32.59,0.0,0.1641,0.0348,0.1146,0.1498,0.0336,2.779,-0.0945,2.9634,10.6843,3.845,2.9567,9.5896,0.8975,7.0,9.0,0.5,3.4628,2.8504,57.9342,2.4777,-0.0269,0.4781,STRATA_SYN_LOW_QUALITY_00224,LOW_QUALITY,False,none
7.0,113.75,18.96,0.19,25.22,0.0,0.8224,0.0717,0.719,0.8377,0.0637,2.647,-0.052,3.7921,11.2039,4.233,4.1902,8.3224,0.7428,2.0,3.0,0.8333,-24.0978,2.8523,-274.2066,2.5493,0.0987,0.2417,STRATA_SYN_ATMOSPHERIC_TRANSIENT_00013,ATMOSPHERIC_TRANSIENT,False,none
13.0,125.02,10.42,0.3,33.28,0.0,0.7728,0.0722,0.6615,0.8129,0.0703,0.594,0.674,2.4641,10.0403,16.903,1.8614,8.8734,0.8838,7.0,3.0,0.5833,10.2616,2.2084,-13.5054,2.2074,0.0051,0.6011,STRATA_SYN_ATMOSPHERIC_TRANSIENT_00045,ATMOSPHERIC_TRANSIENT,False,none
16.0,226.92,15.13,0.23,32.35,0.0,0.933,0.0278,0.8858,0.8111,0.0733,2.268,1.4568,4.076,19.4413,8.572,4.2247,13.5677,0.6979,9.0,4.0,0.4667,2.8827,4.0387,36.1492,3.9961,-0.0536,0.5717,STRATA_SYN_ATMOSPHERIC_TRANSIENT_00009,ATMOSPHERIC_TRANSIENT,True,high_coherence_atmospheric
13.0,110.5,9.21,0.27,38.4,0.0,0.7782,0.0662,0.6794,0.8188,0.0692,3.0,0.5734,4.096,11.4632,3.821,4.4798,10.9535,0.9555,6.0,7.0,0.5833,-11.1592,3.9583,135.6878,3.922,-0.0131,0.2181,STRATA_SYN_STABLE_00105,STABLE,True,elevated_noise_stable
10.0,106.33,11.81,0.27,36.81,0.0,0.8662,0.0988,0.658,0.8495,0.061,2.483,2.4523,4.0392,11.6304,4.684,2.5085,5.4357,0.4674,5.0,1.0,0.6667,38.9048,1.7734,-253.5361,1.4891,0.5715,0.0,STRATA_SYN_SEASONAL_ENVIRONMENTAL_00349,SEASONAL_ENVIRONMENTAL,False,none
19.0,226.64,12.59,0.33,30.94,0.0,0.821,0.0844,0.6723,0.8303,0.063,2.612,-0.7694,3.0768,11.8017,4.518,3.3165,9.6953,0.8215,12.0,8.0,0.5,5.0119,2.9273,77.9377,2.652,0.0349,0.6754,STRATA_SYN_SEASONAL_ENVIRONMENTAL_00003,SEASONAL_ENVIRONMENTAL,False,none
12.0,166.71,15.16,0.32,32.14,0.0,0.8336,0.0932,0.6798,0.7973,0.0781,2.927,-2.2231,3.0685,10.4122,3.557,4.2526,9.3145,0.8946,7.0,6.0,0.6364,-0.0221,3.0685,149.4924,2.7515,-0.4387,0.9318,STRATA_SYN_STRUCTURAL_MONOTONIC_00202,STRUCTURAL_MONOTONIC,False,none
6.0,79.69,15.94,0.13,34.27,0.0,0.803,0.1,0.6926,0.8242,0.0846,0.882,2.3828,2.7802,7.2389,8.207,5.6176,7.2389,1.0,4.0,4.0,0.6,4.197,2.7626,-198.3482,2.7221,-0.8553,0.5729,STRATA_SYN_TEMPORALLY_INCONSISTENT_00297,TEMPORALLY_INCONSISTENT,False,none
18.0,146.27,8.6,0.29,26.86,0.0,0.7959,0.0751,0.6688,0.8086,0.0886,2.258,3.0736,3.2026,13.6001,6.023,4.7583,11.9736,0.8804,15.0,6.0,0.5294,2.3539,3.1897,-30.7698,3.1831,-0.6076,0.9755,STRATA_SYN_TEMPORALLY_INCONSISTENT_00080,TEMPORALLY_INCONSISTENT,False,none
6.0,41.52,8.3,0.25,36.66,0.0,0.8028,0.054,0.7098,0.8505,0.0748,2.223,-0.6391,2.8313,7.4339,3.344,2.0233,4.9765,0.6694,2.0,1.0,0.6,-60.3453,1.5823,1362.7891,1.3184,0.5284,0.0,STRATA_SYN_STRUCTURAL_MONOTONIC_00286,STRUCTURAL_MONOTONIC,False,none
13.0,264.53,22.04,0.25,36.99,0.0,0.8025,0.0953,0.6589,0.7902,0.0668,2.668,-2.2754,2.9484,9.4474,3.541,3.5747,8.4565,0.8951,11.0,5.0,0.5,-8.7911,2.1777,23.0008,2.1149,0.0016,0.4046,STRATA_SYN_STRUCTURAL_ACCELERATING_00222,STRUCTURAL_ACCELERATING,False,none
6.0,60.0,12.0,0.15,38.7,0.0,0.8013,0.0457,0.7339,0.7755,0.046,2.257,-1.2271,0.6261,1.7928,0.794,0.69,0.9126,0.509,2.0,0.0,0.6,-4.4985,0.5732,-305.5682,0.3985,0.3201,0.0,STRATA_SYN_STRUCTURAL_ACCELERATING_00065,STRUCTURAL_ACCELERATING,False,none
14.0,306.27,23.56,0.27,31.93,0.0,0.7817,0.0765,0.6612,0.8226,0.0778,1.85,-4.0179,3.9032,13.1067,7.085,2.2508,5.762,0.4396,7.0,1.0,0.5385,-13.5948,1.6646,-17.8438,1.5762,0.6028,0.0,STRATA_SYN_STRUCTURAL_MONOTONIC_00263,STRUCTURAL_MONOTONIC,False,none
14.0,190.64,14.66,0.31,26.79,0.0,0.1695,0.0315,0.1128,0.169,0.0412,3.642,-0.7592,3.776,14.932,4.1,4.0256,9.3516,0.6263,10.0,7.0,0.5385,6.0887,3.6456,-1.6321,3.6456,0.1551,0.8756,STRATA_SYN_LOW_QUALITY_00172,LOW_QUALITY,False,none
11.0,79.53,7.95,0.26,38.78,0.0,0.8364,0.0745,0.7141,0.8313,0.0627,1.444,0.7752,1.6772,5.0282,3.482,1.6655,4.73,0.9407,4.0,3.0,0.7,14.6239,1.3418,-24.6599,1.3408,0.164,0.2105,STRATA_SYN_STRUCTURAL_ACCELERATING_00429,STRUCTURAL_ACCELERATING,False,none
9.0,97.5,12.19,0.24,44.49,0.0,0.1632,0.0334,0.1035,0.1709,0.0498,4.851,-0.268,4.9261,18.0899,3.729,5.7464,12.1093,0.6694,3.0,4.0,0.75,-7.6946,4.8813,-933.2393,3.8176,-0.1722,0.7686,STRATA_SYN_LOW_QUALITY_00302,LOW_QUALITY,False,none
13.0,142.93,11.91,0.23,34.36,0.0,0.7701,0.0915,0.6743,0.7983,0.0773,1.136,4.0383,3.2237,9.3014,8.188,5.0894,7.6097,0.8181,11.0,4.0,0.5,14.2659,2.7112,-26.8851,2.7054,-0.3831,0.4803,STRATA_SYN_TEMPORALLY_INCONSISTENT_00133,TEMPORALLY_INCONSISTENT,False,none
13.0,121.94,10.16,0.22,25.34,0.0,0.7955,0.0701,0.6763,0.8521,0.0697,0.916,-1.4903,3.486,9.8797,10.786,1.0645,2.7548,0.2788,6.0,1.0,0.6667,-32.5203,0.8544,84.2915,0.7525,0.7665,0.0,STRATA_SYN_SEASONAL_ENVIRONMENTAL_00099,SEASONAL_ENVIRONMENTAL,False,none
7.0,51.78,8.63,0.22,35.81,0.0,0.8082,0.0603,0.7083,0.8607,0.0473,1.336,3.0924,3.6399,9.6078,7.191,7.1548,9.6078,1.0,5.0,5.0,0.5,7.7263,3.6215,-357.8908,3.6049,-0.8179,0.7365,STRATA_SYN_TEMPORALLY_INCONSISTENT_00328,TEMPORALLY_INCONSISTENT,False,none
9.0,161.39,20.17,0.33,32.42,0.0,0.816,0.0847,0.7149,0.8155,0.0762,1.831,-0.3335,3.525,9.6752,5.284,6.4511,9.6752,1.0,7.0,8.0,0.5,-4.5542,3.4647,24.3027,3.4579,-0.6909,0.5512,STRATA_SYN_TEMPORALLY_INCONSISTENT_00404,TEMPORALLY_INCONSISTENT,False,none
16.0,332.57,22.17,0.29,43.63,0.0,0.7854,0.0918,0.6644,0.83,0.0749,1.52,-1.1367,1.4581,5.5774,3.669,2.2294,4.994,0.8954,11.0,6.0,0.5333,0.9737,1.4324,3.2638,1.4279,-0.4204,0.9004,STRATA_SYN_STRUCTURAL_ACCELERATING_00217,STRUCTURAL_ACCELERATING,True,accelerating_subtle_onset
7.0,65.21,10.87,0.3,40.58,0.0,0.7749,0.0812,0.6537,0.8343,0.0744,2.965,1.1806,3.3051,10.4817,3.535,4.1516,8.3115,0.793,2.0,3.0,0.6667,-7.6068,3.2743,-375.1556,3.2229,-0.0761,0.4237,STRATA_SYN_ATMOSPHERIC_TRANSIENT_00020,ATMOSPHERIC_TRANSIENT,False,none
7.0,137.07,22.85,0.21,27.53,0.0,0.7649,0.1031,0.6538,0.8551,0.0605,2.914,0.2721,4.1598,13.759,4.722,5.544,11.3889,0.8277,5.0,4.0,0.5,3.8605,4.1317,-385.6101,3.199,-0.2612,0.881,STRATA_SYN_TEMPORALLY_INCONSISTENT_00024,TEMPORALLY_INCONSISTENT,False,none
18.0,270.26,15.9,0.25,38.61,0.0,0.8013,0.0936,0.6717,0.8195,0.0722,2.724,0.2331,2.293,9.7979,3.597,2.78,7.5271,0.7682,10.0,11.0,0.5882,1.8551,2.2543,39.2461,2.0707,-0.1386,0.8047,STRATA_SYN_STABLE_00242,STABLE,False,none
15.0,182.38,13.03,0.27,43.2,0.0,0.799,0.0843,0.6628,0.8468,0.0542,1.094,-0.0057,1.0488,4.1564,3.799,1.2313,3.7969,0.9135,6.0,7.0,0.5,-0.0369,1.0488,-2.5425,1.0484,-0.0243,0.5686,STRATA_SYN_STABLE_00229,STABLE,False,none
12.0,228.94,20.81,0.27,37.91,0.0,0.7674,0.0615,0.6513,0.8235,0.0627,2.609,-0.9806,4.188,14.1639,5.429,3.9526,9.5668,0.6754,3.0,4.0,0.5455,-1.4313,4.1786,-120.611,3.6331,0.2547,0.9806,STRATA_SYN_ATMOSPHERIC_TRANSIENT_00103,ATMOSPHERIC_TRANSIENT,False,none
18.0,149.3,8.78,0.26,34.76,0.0,0.8552,0.0663,0.6845,0.8291,0.0746,0.888,0.2857,1.9762,9.8083,11.045,1.6197,8.5501,0.8717,13.0,9.0,0.5294,3.8299,1.9179,60.9228,1.8713,-0.0225,0.9214,STRATA_SYN_ATMOSPHERIC_TRANSIENT_00024,ATMOSPHERIC_TRANSIENT,False,none
17.0,186.77,11.67,0.32,32.56,0.0,0.9339,0.0299,0.8913,0.8394,0.0769,2.811,-2.2595,3.5805,16.0092,5.695,4.1835,16.0092,1.0,9.0,6.0,0.5625,-1.328,3.5745,-89.3528,3.4396,-0.4532,0.8634,STRATA_SYN_ATMOSPHERIC_TRANSIENT_00397,ATMOSPHERIC_TRANSIENT,True,high_coherence_atmospheric
13.0,234.88,19.57,0.3,42.64,0.0,0.8149,0.0774,0.6589,0.8439,0.0706,1.887,3.8418,3.1569,8.1888,4.34,5.4898,8.0043,0.9775,9.0,5.0,0.5833,0.4733,3.1555,-35.6237,3.0909,-0.7724,0.6668,STRATA_SYN_TEMPORALLY_INCONSISTENT_00030,TEMPORALLY_INCONSISTENT,False,none
7.0,107.45,17.91,0.23,41.11,0.0,0.7865,0.0841,0.6503,0.8224,0.046,2.432,-0.0786,2.9207,7.5826,3.118,3.6774,7.1666,0.9451,3.0,3.0,0.6667,18.3049,2.3078,-16.0798,2.3068,-0.1446,0.1766,STRATA_SYN_STRUCTURAL_MONOTONIC_00119,STRUCTURAL_MONOTONIC,False,none
17.0,195.0,12.19,0.24,37.78,0.0,0.8095,0.0776,0.6938,0.8076,0.0771,1.377,-1.007,2.5016,11.197,8.131,2.9863,9.3798,0.8377,9.0,9.0,0.6875,-4.3371,2.3987,-40.332,2.3505,-0.1697,0.9284,STRATA_SYN_ATMOSPHERIC_TRANSIENT_00406,ATMOSPHERIC_TRANSIENT,False,none
18.0,287.6,16.92,0.35,35.06,0.0,0.9279,0.0294,0.883,0.8125,0.0797,1.761,0.8558,2.838,10.9832,6.237,3.7895,10.1099,0.9205,10.0,11.0,0.5882,-0.5339,2.8351,-26.9928,2.7492,-0.419,0.7084,STRATA_SYN_ATMOSPHERIC_TRANSIENT_00322,ATMOSPHERIC_TRANSIENT,True,high_coherence_atmospheric
10.0,144.86,16.1,0.17,34.6,0.0,0.8032,0.0806,0.6526,0.8251,0.0555,1.397,-0.8052,1.5942,4.6929,3.359,2.1237,4.5186,0.9629,7.0,6.0,0.5556,-1.1867,1.5871,-104.5468,1.4055,-0.2265,0.9275,STRATA_SYN_STRUCTURAL_ACCELERATING_00174,STRUCTURAL_ACCELERATING,False,none
20.0,274.64,14.45,0.26,25.41,0.0,0.1851,0.0441,0.1093,0.1765,0.043,4.317,-0.4773,4.4061,15.1024,3.498,3.8159,9.2785,0.6144,8.0,4.0,0.5789,0.9603,4.4007,97.5787,3.7742,0.4294,0.3409,STRATA_SYN_LOW_QUALITY_00020,LOW_QUALITY,False,none
6.0,83.51,16.7,0.2,41.93,0.0,0.7949,0.0657,0.7134,0.8137,0.0761,1.229,5.343,4.1578,12.4196,10.105,7.0299,9.7315,0.7836,4.0,1.0,0.6,28.7212,3.503,-456.261,3.2938,-0.5048,0.0,STRATA_SYN_TEMPORALLY_INCONSISTENT_00037,TEMPORALLY_INCONSISTENT,False,none
20.0,376.18,19.8,0.26,31.16,0.0,0.1775,0.0339,0.117,0.1807,0.0414,2.645,0.0233,1.7614,7.3979,2.797,2.0931,7.1619,0.9681,12.0,9.0,0.5789,1.2684,1.7163,-8.663,1.6745,-0.105,0.6676,STRATA_SYN_LOW_QUALITY_00474,LOW_QUALITY,False,none
11.0,79.53,7.95,0.26,29.17,0.0,0.84,0.0706,0.716,0.8085,0.0542,0.549,0.4075,3.7306,16.4578,29.978,3.7178,16.4578,1.0,6.0,6.0,0.5,7.4852,3.6949,169.5958,3.6778,-0.4295,0.985,STRATA_SYN_ATMOSPHERIC_TRANSIENT_00035,ATMOSPHERIC_TRANSIENT,False,none
20.0,443.98,23.37,0.25,40.87,0.0,0.1557,0.0398,0.1033,0.1896,0.0382,3.363,-0.1341,2.868,11.0371,3.282,3.1915,8.6113,0.7802,12.0,11.0,0.5263,-3.8026,2.5007,-7.3072,2.4611,-0.0532,0.1929,STRATA_SYN_LOW_QUALITY_00218,LOW_QUALITY,False,none
6.0,73.24,14.65,0.29,28.46,0.0,0.7959,0.0706,0.6894,0.8336,0.0635,1.902,-0.6452,2.1783,6.3641,3.346,3.2772,5.4604,0.858,4.0,4.0,0.6,-9.3372,2.0821,-516.2902,1.8063,-0.2405,0.8464,STRATA_SYN_STRUCTURAL_MONOTONIC_00092,STRUCTURAL_MONOTONIC,True,short_sequence
19.0,325.36,18.08,0.24,42.26,0.0,0.8182,0.0773,0.6828,0.8198,0.0767,1.111,-0.3568,2.5783,12.7478,11.474,2.5669,12.7478,1.0,12.0,12.0,0.6111,-0.4393,2.5755,8.2365,2.5614,-0.2767,0.9876,STRATA_SYN_ATMOSPHERIC_TRANSIENT_00313,ATMOSPHERIC_TRANSIENT,False,none
13.0,147.82,12.32,0.15,36.57,0.0,0.789,0.0873,0.654,0.8282,0.06,2.281,0.0884,2.2362,7.2085,3.16,1.7994,4.8568,0.6738,3.0,5.0,0.5833,-2.2423,2.2182,46.4508,2.1939,0.3479,0.2941,STRATA_SYN_STRUCTURAL_ACCELERATING_00018,STRUCTURAL_ACCELERATING,False,none
17.0,265.72,16.61,0.26,27.24,0.0,0.805,0.0757,0.7056,0.8277,0.0803,2.303,4.3876,4.6159,14.7724,6.414,7.2652,13.9499,0.9443,13.0,7.0,0.5,7.2408,4.3248,-7.1931,4.3218,-0.4867,0.5496,STRATA_SYN_TEMPORALLY_INCONSISTENT_00331,TEMPORALLY_INCONSISTENT,False,none
17.0,109.04,6.81,0.23,27.38,0.0,0.7771,0.0781,0.67,0.7886,0.0618,1.449,-7.0268,4.0804,14.6665,10.122,2.4692,6.5149,0.4442,9.0,1.0,0.625,33.5564,2.6918,567.5956,1.6754,0.5979,0.0,STRATA_SYN_SEASONAL_ENVIRONMENTAL_00250,SEASONAL_ENVIRONMENTAL,False,none
6.0,32.37,6.47,0.3,37.6,0.0,0.7975,0.0827,0.6556,0.8368,0.057,2.429,-1.2878,2.6042,8.9418,3.681,3.7091,5.3149,0.5944,2.0,2.0,0.6,-23.5948,2.5048,1592.7535,2.4256,-0.0414,0.926,STRATA_SYN_STABLE_00130,STABLE,True,short_sequence
19.0,256.84,14.27,0.27,26.79,0.0,0.8102,0.0863,0.6677,0.8168,0.069,2.203,-3.4579,9.6831,31.4083,14.257,3.9039,9.3612,0.298,9.0,1.0,0.5,35.7416,5.9655,237.5967,3.4863,0.7993,0.0,STRATA_SYN_SEASONAL_ENVIRONMENTAL_00299,SEASONAL_ENVIRONMENTAL,True,strong_seasonal_amplitude
6.0,103.9,20.78,0.33,26.85,0.0,0.8334,0.0883,0.6578,0.8348,0.0813,0.616,0.5094,2.5945,7.7908,12.647,4.6312,7.3606,0.9448,4.0,5.0,0.6,-6.881,2.5068,-19.936,2.5055,-0.5465,0.8302,STRATA_SYN_TEMPORALLY_INCONSISTENT_00350,TEMPORALLY_INCONSISTENT,False,none
8.0,140.66,20.09,0.15,31.65,0.0,0.8134,0.0925,0.6671,0.8317,0.0756,0.58,1.7203,4.105,13.0016,22.417,3.998,11.7929,0.907,4.0,4.0,0.5714,15.2438,3.6271,63.5153,3.6002,-0.0281,0.9538,STRATA_SYN_ATMOSPHERIC_TRANSIENT_00368,ATMOSPHERIC_TRANSIENT,False,none
18.0,339.49,19.97,0.26,25.33,0.0,0.806,0.0771,0.6777,0.8308,0.0627,0.816,2.9398,3.0757,10.2281,12.534,5.7493,8.5573,0.8366,16.0,7.0,0.5294,0.8813,3.0655,-4.3533,3.0615,-0.7942,0.4831,STRATA_SYN_TEMPORALLY_INCONSISTENT_00413,TEMPORALLY_INCONSISTENT,False,none
15.0,216.8,15.49,0.33,41.93,0.0,0.8022,0.0717,0.6692,0.8342,0.0767,1.608,3.8939,2.6332,7.5092,4.67,4.8508,7.4222,0.9884,13.0,2.0,0.5,2.2721,2.6002,-17.3412,2.5873,-0.8235,0.2288,STRATA_SYN_TEMPORALLY_INCONSISTENT_00128,TEMPORALLY_INCONSISTENT,False,none
17.0,182.85,11.43,0.28,33.34,0.0,0.7824,0.0824,0.6588,0.838,0.0695,2.889,-2.2983,3.883,15.1651,5.249,5.2425,10.808,0.7127,13.0,10.0,0.5625,-6.9227,3.7358,67.8314,3.6682,-0.2199,0.7631,STRATA_SYN_TEMPORALLY_INCONSISTENT_00086,TEMPORALLY_INCONSISTENT,False,none
13.0,237.54,19.79,0.24,30.16,0.0,0.8157,0.0725,0.6921,0.8186,0.0721,2.663,-0.8777,3.8027,15.4037,5.784,4.7456,10.012,0.65,8.0,6.0,0.5833,3.8487,3.7217,-13.6801,3.7133,-0.0645,0.9691,STRATA_SYN_ATMOSPHERIC_TRANSIENT_00265,ATMOSPHERIC_TRANSIENT,False,none
14.0,94.05,7.23,0.29,26.53,0.0,0.8358,0.0869,0.6963,0.8565,0.0614,2.908,2.1791,2.7907,8.9494,3.078,3.7603,7.3367,0.8198,9.0,2.0,0.5385,-13.2637,2.5804,47.1498,2.577,-0.0926,0.2639,STRATA_SYN_SEASONAL_ENVIRONMENTAL_00289,SEASONAL_ENVIRONMENTAL,False,none
6.0,67.79,13.56,0.08,33.3,0.0,0.7545,0.051,0.6863,0.7665,0.0156,2.649,0.0221,1.7651,5.4421,2.054,1.5787,3.6808,0.6764,1.0,2.0,0.8,-15.7712,1.4552,-800.5368,0.4713,0.1013,0.4505,STRATA_SYN_STABLE_00131,STABLE,True,short_sequence
10.0,93.32,10.37,0.24,36.24,0.0,0.8418,0.0673,0.748,0.8386,0.0843,1.459,0.0583,1.8859,5.6515,3.874,1.5982,4.2351,0.7494,5.0,3.0,0.5556,2.8939,1.8711,188.5277,1.7876,0.359,0.4481,STRATA_SYN_STABLE_00460,STABLE,False,none
21.0,462.82,23.14,0.28,29.89,0.0,0.7768,0.0697,0.6549,0.834,0.0627,1.595,-1.2092,5.8344,17.9516,11.255,3.7864,7.3524,0.4096,5.0,4.0,0.65,0.6551,5.829,-35.8447,5.3351,0.6959,0.4571,STRATA_SYN_SEASONAL_ENVIRONMENTAL_00271,SEASONAL_ENVIRONMENTAL,False,none
10.0,156.82,17.42,0.3,29.13,0.0,0.7965,0.095,0.6514,0.8195,0.0656,1.119,0.5818,1.0414,3.1625,2.826,1.041,2.0153,0.6372,4.0,4.0,0.5556,3.3575,0.934,32.6275,0.8943,0.3116,0.471,STRATA_SYN_STRUCTURAL_MONOTONIC_00074,STRUCTURAL_MONOTONIC,False,none
15.0,269.26,19.23,0.23,37.07,0.0,0.8199,0.1045,0.6614,0.8333,0.0736,2.468,0.1198,10.3852,31.1446,12.619,4.811,12.7998,0.411,8.0,2.0,0.6429,-29.6925,7.887,187.582,6.6021,0.7956,0.3449,STRATA_SYN_SEASONAL_ENVIRONMENTAL_00252,SEASONAL_ENVIRONMENTAL,True,strong_seasonal_amplitude
12.0,214.41,19.49,0.23,37.47,0.0,0.7965,0.067,0.6914,0.7703,0.0672,2.114,1.2733,3.6795,14.8841,7.041,4.6909,8.0849,0.5432,10.0,4.0,0.5455,-8.8044,3.3023,-120.9246,2.7599,0.0615,0.9739,STRATA_SYN_TEMPORALLY_INCONSISTENT_00280,TEMPORALLY_INCONSISTENT,False,none
8.0,153.88,21.98,0.22,31.3,0.0,0.8187,0.068,0.6669,0.8181,0.055,0.638,-1.2416,2.4108,6.9165,10.841,3.2937,6.748,0.9756,3.0,3.0,0.5714,1.2979,2.4042,112.9045,2.2144,-0.3361,0.8832,STRATA_SYN_ATMOSPHERIC_TRANSIENT_00299,ATMOSPHERIC_TRANSIENT,False,none
11.0,157.77,15.78,0.31,33.77,0.0,0.8006,0.0795,0.6613,0.8251,0.0753,2.814,-1.3013,2.5459,9.4616,3.362,3.7404,6.9827,0.738,7.0,4.0,0.6,3.6184,2.4971,24.7423,2.4887,-0.3908,0.9032,STRATA_SYN_STABLE_00104,STABLE,False,none
15.0,203.85,14.56,0.25,26.84,0.0,0.8349,0.0626,0.7256,0.8,0.0661,2.862,0.3684,2.8466,10.5624,3.691,4.1817,8.8557,0.8384,8.0,9.0,0.5,-1.9391,2.8269,-0.1385,2.8269,-0.4915,0.7791,STRATA_SYN_SEASONAL_ENVIRONMENTAL_00094,SEASONAL_ENVIRONMENTAL,False,none
10.0,152.59,16.95,0.29,29.68,0.0,0.842,0.0473,0.7678,0.7999,0.0614,1.367,-1.5376,4.1762,12.9585,9.48,2.6794,4.7588,0.3672,1.0,2.0,0.6667,-9.0415,3.9971,476.299,1.4307,0.5517,0.5166,STRATA_SYN_SEASONAL_ENVIRONMENTAL_00340,SEASONAL_ENVIRONMENTAL,False,none
6.0,56.61,11.32,0.24,34.07,0.0,0.8749,0.0281,0.8424,0.7896,0.05,0.669,-0.1003,0.8183,2.4497,3.662,0.8767,2.2377,0.9135,2.0,3.0,0.6,-7.8214,0.7065,-259.5683,0.6339,-0.0616,0.6143,STRATA_SYN_STABLE_00495,STABLE,True,short_sequence
16.0,144.66,9.64,0.3,35.32,0.0,0.7996,0.0842,0.6547,0.8449,0.067,0.53,0.9342,3.2874,14.509,27.375,2.3659,13.5263,0.9323,10.0,8.0,0.5333,5.4781,3.2191,-74.1729,3.1818,-0.0549,0.9892,STRATA_SYN_ATMOSPHERIC_TRANSIENT_00176,ATMOSPHERIC_TRANSIENT,False,none
20.0,447.76,23.57,0.29,38.85,0.0,0.7991,0.0762,0.6527,0.8535,0.0677,2.897,-4.6114,3.8554,15.6892,5.416,3.1469,9.9045,0.6313,14.0,1.0,0.5263,-7.3803,2.7077,13.3423,2.5792,0.3863,0.0,STRATA_SYN_STRUCTURAL_MONOTONIC_00153,STRUCTURAL_MONOTONIC,False,none
20.0,452.15,23.8,0.26,43.4,0.0,0.8085,0.0813,0.6591,0.811,0.0745,0.992,-4.679,3.6942,14.3242,14.44,1.4483,3.4944,0.244,10.0,1.0,0.7368,-9.2164,1.2827,-10.6619,1.0936,0.7134,0.0,STRATA_SYN_STRUCTURAL_ACCELERATING_00295,STRUCTURAL_ACCELERATING,False,none
6.0,36.7,7.34,0.1,36.58,0.0,0.8233,0.086,0.713,0.8439,0.0447,1.358,-2.1694,5.8438,16.4939,12.146,6.7184,16.1891,0.9815,2.0,2.0,0.8,29.3196,5.7568,5737.735,4.975,-0.1084,0.9264,STRATA_SYN_ATMOSPHERIC_TRANSIENT_00325,ATMOSPHERIC_TRANSIENT,False,none
17.0,364.2,22.76,0.23,26.59,0.0,0.8019,0.0793,0.678,0.8392,0.0622,1.247,-0.8588,1.2587,4.4102,3.537,1.4424,2.896,0.6567,12.0,6.0,0.625,-1.8165,1.1296,-7.5239,1.0857,0.1664,0.5274,STRATA_SYN_STRUCTURAL_MONOTONIC_00150,STRUCTURAL_MONOTONIC,True,weak_structural_near_noise
11.0,113.08,11.31,0.27,44.66,0.0,0.8401,0.1027,0.6816,0.8643,0.0564,2.619,-1.7185,2.1668,8.1595,3.116,2.4659,5.1303,0.6288,7.0,2.0,0.6,-7.7005,2.0305,83.1278,1.9999,0.2513,0.5223,STRATA_SYN_SEASONAL_ENVIRONMENTAL_00333,SEASONAL_ENVIRONMENTAL,False,none
19.0,382.99,21.28,0.26,31.85,0.0,0.8078,0.1018,0.6611,0.8323,0.0844,1.714,0.0607,2.3988,9.0831,5.299,2.3109,4.9688,0.547,12.0,4.0,0.5,-2.0726,2.3055,-1.6906,2.3042,0.3818,0.6069,STRATA_SYN_SEASONAL_ENVIRONMENTAL_00129,SEASONAL_ENVIRONMENTAL,False,none
11.0,194.52,19.45,0.26,44.01,0.0,0.7358,0.0791,0.6515,0.835,0.0826,2.055,0.1893,4.4041,16.7575,8.155,4.0985,16.3241,0.9741,5.0,4.0,0.7,-3.5323,4.3636,-126.892,4.0634,-0.0444,0.8959,STRATA_SYN_ATMOSPHERIC_TRANSIENT_00347,ATMOSPHERIC_TRANSIENT,False,none
7.0,67.21,11.2,0.3,25.05,0.0,0.8093,0.0533,0.7389,0.8425,0.074,2.089,-1.3076,2.0655,6.8892,3.298,1.2683,4.3348,0.6292,2.0,1.0,0.8333,-30.2087,0.9322,283.7784,0.8091,0.2118,0.0,STRATA_SYN_STRUCTURAL_MONOTONIC_00136,STRUCTURAL_MONOTONIC,False,none
12.0,68.75,6.25,0.19,32.97,0.0,0.8205,0.1088,0.6647,0.7862,0.0649,1.164,0.2655,2.9005,8.7804,7.543,1.0559,2.7291,0.3108,4.0,1.0,0.8182,-47.2429,0.8451,-208.2675,0.7818,0.7067,0.0,STRATA_SYN_SEASONAL_ENVIRONMENTAL_00311,SEASONAL_ENVIRONMENTAL,False,none
11.0,213.86,21.39,0.25,40.09,0.0,0.8235,0.0887,0.6665,0.8527,0.0705,2.114,-0.4455,1.5419,4.7859,2.264,2.0176,3.9993,0.8356,6.0,7.0,0.6,-1.2297,1.525,-1.0987,1.5249,-0.1053,0.5842,STRATA_SYN_STRUCTURAL_MONOTONIC_00371,STRUCTURAL_MONOTONIC,True,noise_reversal_edge
9.0,185.44,23.18,0.27,43.77,0.0,0.1827,0.0363,0.1323,0.1716,0.042,2.604,0.1884,1.1826,3.7087,1.424,1.258,1.9636,0.5295,4.0,4.0,0.5,-2.8986,1.0825,59.9495,0.8212,0.1852,0.6547,STRATA_SYN_LOW_QUALITY_00327,LOW_QUALITY,False,none
7.0,42.15,7.02,0.23,36.8,0.0,0.8157,0.0874,0.7019,0.8092,0.0663,0.915,0.5253,0.7882,2.7407,2.995,0.8408,1.6928,0.6177,4.0,1.0,0.6667,11.9251,0.6414,-728.4449,0.4391,0.1237,0.0,STRATA_SYN_STRUCTURAL_ACCELERATING_00109,STRUCTURAL_ACCELERATING,False,none
11.0,234.41,23.44,0.3,31.51,0.0,0.19,0.0303,0.1228,0.1687,0.0372,3.127,0.0796,3.9979,12.1973,3.901,4.9894,12.1342,0.9948,7.0,6.0,0.5,-0.5654,3.9962,66.4156,3.8086,-0.1941,0.4151,STRATA_SYN_LOW_QUALITY_00201,LOW_QUALITY,False,none
7.0,141.66,23.61,0.31,32.09,0.0,0.8023,0.0894,0.6653,0.8373,0.0651,0.606,0.6425,7.0101,26.1268,43.114,9.0203,14.2022,0.5436,4.0,3.0,0.5,-29.4519,5.8865,4.0044,5.8864,-0.0076,0.9757,STRATA_SYN_ATMOSPHERIC_TRANSIENT_00029,ATMOSPHERIC_TRANSIENT,False,none
20.0,383.54,20.19,0.29,44.03,0.0,0.788,0.0936,0.6577,0.844,0.0689,2.062,-2.9156,1.7685,6.1607,2.988,2.0544,5.0985,0.8276,13.0,4.0,0.5263,-2.5107,1.5777,2.0384,1.575,0.0858,0.3207,STRATA_SYN_STRUCTURAL_ACCELERATING_00081,STRUCTURAL_ACCELERATING,True,accelerating_moderate_noise
16.0,164.88,10.99,0.23,34.37,0.0,0.7795,0.0922,0.6517,0.8243,0.0669,2.645,-0.0131,2.4023,9.9542,3.763,3.1203,6.5328,0.6563,9.0,8.0,0.5333,2.0889,2.3848,-4.5672,2.3845,-0.2406,0.9691,STRATA_SYN_STRUCTURAL_MONOTONIC_00483,STRUCTURAL_MONOTONIC,False,none
12.0,169.31,15.39,0.29,28.41,0.0,0.7737,0.08,0.6564,0.795,0.0707,2.372,-0.3099,1.8136,6.0289,2.542,1.7076,4.8636,0.8067,4.0,5.0,0.5455,-0.9522,1.8084,-54.5377,1.7347,0.2247,0.1767,STRATA_SYN_STRUCTURAL_ACCELERATING_00238,STRUCTURAL_ACCELERATING,False,none
13.0,254.84,21.24,0.21,42.02,0.0,0.1702,0.0393,0.1243,0.1526,0.0362,3.148,-1.0986,2.6701,9.2258,2.931,3.9717,9.2258,1.0,9.0,8.0,0.5833,-0.3445,2.669,-43.8125,2.5054,-0.5722,0.9549,STRATA_SYN_LOW_QUALITY_00340,LOW_QUALITY,False,none
10.0,61.08,6.79,0.29,38.52,0.0,0.7775,0.093,0.6682,0.8399,0.0652,1.573,-0.5968,1.3756,3.8988,2.479,1.696,3.4245,0.8783,4.0,4.0,0.5556,8.3887,1.3014,-193.2234,1.2786,-0.0048,0.8934,STRATA_SYN_STABLE_00303,STABLE,False,none
10.0,84.15,9.35,0.32,31.8,0.0,0.7804,0.078,0.6562,0.8153,0.0597,2.208,1.0972,2.0171,7.6513,3.465,2.7888,5.7938,0.7572,5.0,6.0,0.6667,6.6049,1.9583,-251.7273,1.8649,-0.2428,0.739,STRATA_SYN_STABLE_00244,STABLE,False,none
19.0,281.43,15.63,0.23,30.58,0.0,0.1767,0.0386,0.1122,0.1529,0.0465,4.407,-0.4314,5.0908,17.1507,3.892,4.5893,14.9122,0.8695,9.0,7.0,0.5556,-9.6721,4.5591,-22.5321,4.5256,0.3079,0.4702,STRATA_SYN_LOW_QUALITY_00464,LOW_QUALITY,False,none
8.0,56.07,8.01,0.27,28.62,0.0,0.7591,0.0878,0.6529,0.8292,0.0676,2.296,0.2006,3.47,12.1781,5.304,4.7847,12.1781,1.0,6.0,5.0,0.5714,-7.8774,3.4475,149.2051,3.4436,-0.476,0.5974,STRATA_SYN_TEMPORALLY_INCONSISTENT_00001,TEMPORALLY_INCONSISTENT,False,none
19.0,184.31,10.24,0.29,39.46,0.0,0.7827,0.091,0.6589,0.8091,0.0614,1.108,6.4791,3.4613,11.9306,10.768,5.6913,8.675,0.7271,17.0,0.0,0.5,8.3855,3.2119,-59.0118,3.152,-0.5003,0.0,STRATA_SYN_TEMPORALLY_INCONSISTENT_00379,TEMPORALLY_INCONSISTENT,False,none
10.0,189.51,21.06,0.22,35.02,0.0,0.8406,0.0713,0.7307,0.8419,0.0722,1.721,-2.3793,2.4062,6.6054,3.838,1.4683,3.7201,0.5632,5.0,1.0,0.6667,-13.2458,0.9935,33.6966,0.9064,0.5842,0.0,STRATA_SYN_STRUCTURAL_MONOTONIC_00414,STRUCTURAL_MONOTONIC,False,none
20.0,254.95,13.42,0.21,41.75,0.0,0.1869,0.0449,0.1012,0.1572,0.037,4.707,-0.3962,4.0779,15.4431,3.281,5.1415,13.3886,0.867,12.0,11.0,0.5263,-0.1457,4.0777,-6.0054,4.076,-0.2726,0.3253,STRATA_SYN_LOW_QUALITY_00479,LOW_QUALITY,False,none
12.0,79.02,7.18,0.29,37.03,0.0,0.7735,0.0804,0.6556,0.8339,0.0712,1.131,-0.3087,1.2421,4.7611,4.21,1.2129,2.9617,0.6221,4.0,5.0,0.6364,-3.463,1.2197,343.3125,0.9976,0.0001,0.3454,STRATA_SYN_STRUCTURAL_MONOTONIC_00244,STRUCTURAL_MONOTONIC,False,none
20.0,430.42,22.65,0.3,31.2,0.0,0.8231,0.071,0.7144,0.8175,0.0872,0.811,-1.8009,1.6372,4.8103,5.931,0.8781,2.8278,0.5879,13.0,6.0,0.5789,-3.8899,0.8654,-4.0944,0.8333,0.7273,0.3366,STRATA_SYN_STRUCTURAL_ACCELERATING_00004,STRUCTURAL_ACCELERATING,False,none
17.0,106.34,6.65,0.29,29.37,0.0,0.8034,0.0813,0.6785,0.7962,0.0621,2.643,-0.3285,2.1797,7.6825,2.907,1.9914,5.7274,0.7455,10.0,5.0,0.625,-10.0939,1.9859,330.0943,1.6138,0.2226,0.3492,STRATA_SYN_STRUCTURAL_MONOTONIC_00057,STRUCTURAL_MONOTONIC,False,none
17.0,284.44,17.78,0.25,33.43,0.0,0.8222,0.0981,0.6501,0.8405,0.066,2.362,-0.4296,3.8191,18.1925,7.702,4.1873,16.1715,0.8889,12.0,10.0,0.5,-1.6159,3.7997,-54.4704,3.5407,-0.2555,0.9006,STRATA_SYN_ATMOSPHERIC_TRANSIENT_00452,ATMOSPHERIC_TRANSIENT,False,none
18.0,263.83,15.52,0.2,40.34,0.0,0.1663,0.0482,0.1022,0.1511,0.038,3.154,0.0926,3.5416,13.5403,4.293,3.3783,9.6013,0.7091,8.0,7.0,0.5294,-4.5085,3.3993,-40.7707,3.2826,0.0548,0.3224,STRATA_SYN_LOW_QUALITY_00117,LOW_QUALITY,False,none
14.0,262.22,20.17,0.2,29.4,0.0,0.8111,0.0921,0.6633,0.8413,0.0615,1.678,-0.8655,3.108,11.4926,6.849,2.0602,5.8293,0.5072,7.0,2.0,0.6154,-4.6975,2.9269,-87.0776,2.2147,0.6715,0.4213,STRATA_SYN_SEASONAL_ENVIRONMENTAL_00420,SEASONAL_ENVIRONMENTAL,False,none
20.0,329.17,17.32,0.3,28.25,0.0,0.1908,0.0381,0.1005,0.1601,0.0357,3.852,0.8651,2.9405,12.6866,3.294,3.8957,8.0278,0.6328,15.0,13.0,0.4737,1.9409,2.8921,3.6859,2.8895,-0.2199,0.6704,STRATA_SYN_LOW_QUALITY_00366,LOW_QUALITY,False,none
20.0,284.65,14.98,0.29,25.2,0.0,0.162,0.0341,0.1036,0.1751,0.0448,3.242,-0.3633,3.1766,12.0001,3.701,4.2261,12.0001,1.0,11.0,12.0,0.5263,-2.0287,3.1403,19.2473,3.1036,-0.1558,0.9937,STRATA_SYN_LOW_QUALITY_00030,LOW_QUALITY,False,none
18.0,235.07,13.83,0.25,34.42,0.0,0.8284,0.0716,0.6812,0.8304,0.0643,1.732,-0.089,1.8296,5.7407,3.314,1.7878,4.1552,0.7238,11.0,8.0,0.5294,1.2051,1.8141,51.264,1.5861,0.1748,0.9113,STRATA_SYN_STABLE_00478,STABLE,False,none
15.0,251.49,17.96,0.33,33.04,0.0,0.83,0.0941,0.6513,0.8264,0.0856,0.99,-2.5836,1.9666,6.5191,6.585,1.1017,2.6626,0.4084,9.0,1.0,0.5,-8.5662,0.7429,1.8273,0.742,0.6164,0.0,STRATA_SYN_STRUCTURAL_MONOTONIC_00060,STRUCTURAL_MONOTONIC,False,none
7.0,42.92,7.15,0.27,34.88,0.0,0.8068,0.0639,0.7401,0.8499,0.0404,2.757,-1.0759,3.0403,9.5861,3.477,3.7029,5.2841,0.5512,3.0,4.0,0.5,-15.5035,2.9783,3215.1984,2.0754,0.0505,0.5977,STRATA_SYN_STABLE_00234,STABLE,False,none
7.0,110.95,18.49,0.32,37.3,0.0,0.7719,0.0796,0.6636,0.7714,0.0284,1.509,-0.3137,1.6453,4.7687,3.16,2.3039,3.4072,0.7145,3.0,4.0,0.6667,-4.5706,1.5795,232.9868,1.1919,-0.2473,0.5692,STRATA_SYN_STRUCTURAL_ACCELERATING_00011,STRUCTURAL_ACCELERATING,False,none
10.0,80.33,8.93,0.28,37.76,0.0,0.1504,0.0355,0.1033,0.1847,0.0418,2.725,0.7454,2.3529,6.9924,2.566,3.8252,6.8301,0.9768,8.0,4.0,0.5556,1.2418,2.3512,395.4208,2.1895,-0.5912,0.6486,STRATA_SYN_LOW_QUALITY_00122,LOW_QUALITY,False,none
14.0,111.59,8.58,0.3,34.94,0.0,0.7386,0.055,0.6722,0.8286,0.0668,0.875,-0.7792,0.6023,2.0275,2.317,0.6896,1.8855,0.93,8.0,4.0,0.5385,-0.2124,0.602,-19.4242,0.597,-0.0221,0.6894,STRATA_SYN_STRUCTURAL_ACCELERATING_00260,STRUCTURAL_ACCELERATING,False,none
19.0,368.99,20.5,0.3,27.2,0.0,0.7978,0.1031,0.6539,0.8351,0.0739,0.738,0.0142,6.9792,20.7647,28.136,4.2765,6.6024,0.318,3.0,4.0,0.5556,-2.7477,6.9276,33.1503,6.785,0.6968,0.5593,STRATA_SYN_SEASONAL_ENVIRONMENTAL_00243,SEASONAL_ENVIRONMENTAL,False,none
13.0,156.5,13.04,0.31,41.11,0.0,0.7438,0.0769,0.65,0.8251,0.066,1.89,-0.3241,1.9961,6.496,3.437,1.9376,5.5152,0.849,7.0,6.0,0.5,-8.3379,1.6557,-8.3576,1.6544,0.2844,0.7209,STRATA_SYN_STRUCTURAL_ACCELERATING_00223,STRUCTURAL_ACCELERATING,False,none
13.0,284.47,23.71,0.22,29.27,0.0,0.1614,0.047,0.1009,0.1724,0.0346,4.544,2.741,3.7621,13.0108,2.863,3.7027,11.1443,0.8565,6.0,4.0,0.5,5.4351,3.5233,29.9801,3.4348,0.2145,0.5723,STRATA_SYN_LOW_QUALITY_00189,LOW_QUALITY,False,none
13.0,280.83,23.4,0.21,36.28,0.0,0.8073,0.087,0.6737,0.8339,0.0809,1.696,-0.5228,3.2924,14.7555,8.7,4.2918,10.3781,0.7033,8.0,8.0,0.5,1.6461,3.2687,-24.3556,3.2092,-0.1542,0.9375,STRATA_SYN_ATMOSPHERIC_TRANSIENT_00042,ATMOSPHERIC_TRANSIENT,False,none
12.0,260.64,23.69,0.35,38.7,0.0,0.162,0.0432,0.1014,0.1601,0.0411,3.751,-1.665,2.986,8.8913,2.37,3.5174,8.5745,0.9644,6.0,4.0,0.7273,0.2142,2.9856,-55.0531,2.7238,-0.0408,0.7074,STRATA_SYN_LOW_QUALITY_00269,LOW_QUALITY,False,none
18.0,242.09,14.24,0.2,42.68,0.0,0.8146,0.0905,0.69,0.8415,0.0736,1.281,0.5357,3.2971,15.5358,12.128,2.7277,13.2955,0.8558,12.0,8.0,0.5294,2.9017,3.2444,-44.806,3.1397,0.0123,0.9555,STRATA_SYN_ATMOSPHERIC_TRANSIENT_00417,ATMOSPHERIC_TRANSIENT,False,none
7.0,127.75,21.29,0.28,38.78,0.0,0.7302,0.0588,0.6538,0.8431,0.0877,2.557,1.7134,3.8009,12.9828,5.077,5.7696,12.9828,1.0,5.0,4.0,0.5,11.3766,3.563,28.3834,3.559,-0.5221,0.9116,STRATA_SYN_ATMOSPHERIC_TRANSIENT_00482,ATMOSPHERIC_TRANSIENT,False,none
23.0,274.79,12.49,0.3,27.3,0.0,0.8164,0.0852,0.656,0.8504,0.0707,2.659,0.3696,6.7026,19.7622,7.432,1.986,6.0234,0.3048,11.0,1.0,0.5,-23.051,4.1967,-54.8161,4.0037,0.9079,0.0,STRATA_SYN_SEASONAL_ENVIRONMENTAL_00470,SEASONAL_ENVIRONMENTAL,False,none
14.0,234.76,18.06,0.26,30.48,0.0,0.9309,0.024,0.8914,0.8294,0.0774,1.613,0.782,2.1568,8.9308,5.537,2.2504,5.4485,0.6101,5.0,6.0,0.5385,-3.9549,2.0071,-25.3687,1.9565,0.3354,0.9662,STRATA_SYN_ATMOSPHERIC_TRANSIENT_00396,ATMOSPHERIC_TRANSIENT,True,high_coherence_atmospheric
18.0,203.13,11.95,0.24,35.96,0.0,0.8358,0.0773,0.6827,0.8386,0.0758,1.605,4.0294,2.8071,11.072,6.898,3.984,7.8976,0.7133,14.0,4.0,0.5294,7.5339,2.4999,75.5019,2.3053,-0.315,0.1576,STRATA_SYN_TEMPORALLY_INCONSISTENT_00307,TEMPORALLY_INCONSISTENT,False,none
19.0,266.91,14.83,0.29,40.59,0.0,0.818,0.0797,0.6738,0.7827,0.0684,2.601,-2.8281,3.0318,11.6327,4.472,2.5387,8.0701,0.6937,6.0,4.0,0.5556,-6.4217,2.6758,-4.4043,2.6741,0.4683,0.5299,STRATA_SYN_STRUCTURAL_MONOTONIC_00225,STRUCTURAL_MONOTONIC,False,none
9.0,181.84,22.73,0.2,35.31,0.0,0.8238,0.0867,0.667,0.8307,0.0681,2.887,-3.5984,3.1034,7.7812,2.695,4.2923,7.4273,0.9545,5.0,3.0,0.5,-7.3636,2.8687,-47.3683,2.8181,-0.1702,0.2635,STRATA_SYN_STRUCTURAL_MONOTONIC_00010,STRUCTURAL_MONOTONIC,False,none
14.0,240.34,18.49,0.28,27.53,0.0,0.1604,0.035,0.1065,0.1684,0.0401,4.072,-0.3305,4.2166,12.2817,3.016,5.1453,11.135,0.9066,7.0,8.0,0.5385,1.2413,4.209,64.4678,4.0367,-0.0786,0.65,STRATA_SYN_LOW_QUALITY_00306,LOW_QUALITY,False,none
14.0,287.82,22.14,0.21,41.29,0.0,0.8149,0.0912,0.6743,0.8305,0.0801,1.326,0.1188,1.5403,6.7219,5.069,2.0528,4.4952,0.6687,10.0,11.0,0.5385,-2.3499,1.4292,-7.3509,1.4159,-0.2215,0.8091,STRATA_SYN_STABLE_00254,STABLE,False,none
18.0,212.58,12.5,0.28,42.64,0.0,0.1667,0.0428,0.11,0.1795,0.0429,2.677,-0.7405,3.4413,13.1147,4.899,4.18,8.5663,0.6532,10.0,9.0,0.5294,-1.6664,3.4285,12.7136,3.4239,-0.0064,0.3466,STRATA_SYN_LOW_QUALITY_00163,LOW_QUALITY,False,none
12.0,251.62,22.87,0.3,33.64,0.0,0.7889,0.0995,0.6698,0.8121,0.0746,2.858,0.6691,3.1136,9.8703,3.454,5.0627,9.8703,1.0,7.0,8.0,0.6364,0.5585,3.1112,-23.3682,3.0734,-0.5225,0.9265,STRATA_SYN_STABLE_00230,STABLE,False,none
18.0,298.9,17.58,0.24,30.43,0.0,0.8243,0.0965,0.6919,0.8287,0.0662,1.678,0.2567,3.0633,14.9615,8.916,3.4556,11.7994,0.7887,10.0,9.0,0.5294,0.826,3.0563,-6.3492,3.0512,-0.2223,0.8535,STRATA_SYN_ATMOSPHERIC_TRANSIENT_00046,ATMOSPHERIC_TRANSIENT,False,none
11.0,154.33,15.43,0.26,43.06,0.0,0.7614,0.0717,0.6569,0.8471,0.0706,0.864,6.8393,7.0083,21.217,24.557,2.7844,6.268,0.2954,1.0,1.0,0.6,-39.1426,4.6897,-572.6014,1.2465,0.7124,0.0,STRATA_SYN_SEASONAL_ENVIRONMENTAL_00203,SEASONAL_ENVIRONMENTAL,True,strong_seasonal_amplitude
13.0,159.75,13.31,0.22,27.17,0.0,0.7918,0.0708,0.6562,0.8109,0.0706,1.451,5.7331,3.3398,10.1343,6.984,5.9739,8.1814,0.8073,11.0,0.0,0.5,5.5504,3.2529,-90.6206,3.1661,-0.6947,0.0,STRATA_SYN_TEMPORALLY_INCONSISTENT_00123,TEMPORALLY_INCONSISTENT,False,none
8.0,112.81,16.12,0.35,42.78,0.0,0.154,0.0369,0.1042,0.1882,0.0483,2.871,-0.7531,2.5459,7.4472,2.594,4.1646,6.8075,0.9141,4.0,5.0,0.5714,-7.4534,2.431,55.8691,2.4181,-0.5769,0.4186,STRATA_SYN_LOW_QUALITY_00219,LOW_QUALITY,False,none
19.0,129.4,7.19,0.3,33.16,0.0,0.1608,0.0377,0.1085,0.164,0.0428,4.762,-1.1499,3.7755,13.5821,2.852,4.6214,10.6991,0.7877,12.0,10.0,0.6111,-14.1531,3.4514,39.1155,3.4455,0.0154,0.8966,STRATA_SYN_LOW_QUALITY_00391,LOW_QUALITY,False,none
19.0,154.34,8.57,0.28,26.31,0.0,0.8179,0.0777,0.6686,0.8314,0.0694,2.007,7.4687,3.5793,13.0776,6.516,4.0624,11.037,0.844,16.0,1.0,0.5556,15.0878,3.006,-53.1547,2.9802,-0.1495,0.0,STRATA_SYN_TEMPORALLY_INCONSISTENT_00182,TEMPORALLY_INCONSISTENT,False,none
13.0,165.02,13.75,0.27,38.81,0.0,0.7866,0.0752,0.6596,0.8611,0.0727,2.718,1.8842,4.439,15.1646,5.579,4.6679,13.6042,0.8971,6.0,4.0,0.5833,15.9342,3.8279,158.2136,3.5646,0.0671,0.8986,STRATA_SYN_ATMOSPHERIC_TRANSIENT_00185,ATMOSPHERIC_TRANSIENT,False,none
8.0,73.8,10.54,0.29,29.01,0.0,0.8204,0.0896,0.6786,0.7721,0.0742,1.378,-0.0746,1.1283,3.6868,2.675,0.9141,2.0575,0.5581,3.0,2.0,0.5714,7.1089,1.026,-475.9962,0.4728,0.3571,0.5007,STRATA_SYN_STABLE_00223,STABLE,False,none
11.0,102.68,10.27,0.21,30.5,0.0,0.1962,0.0487,0.1077,0.1582,0.0383,2.673,-0.2493,2.6002,7.3905,2.765,2.0238,7.0605,0.9553,7.0,4.0,0.6,-14.5829,2.256,-113.0698,2.2213,0.3912,0.9298,STRATA_SYN_LOW_QUALITY_00005,LOW_QUALITY,False,none
19.0,264.94,14.72,0.29,41.2,0.0,0.804,0.0896,0.6611,0.8703,0.053,1.406,-1.4976,1.4514,5.6564,4.023,1.2043,3.9885,0.7051,12.0,1.0,0.6111,-4.3282,1.0903,1.3095,1.09,0.3164,0.0,STRATA_SYN_STRUCTURAL_ACCELERATING_00455,STRUCTURAL_ACCELERATING,False,none
8.0,53.82,7.69,0.27,43.29,0.0,0.7446,0.0846,0.6512,0.7749,0.0613,1.742,-2.2377,3.7017,9.9887,5.734,4.4764,7.8263,0.7835,6.0,3.0,0.5714,-58.0804,2.4184,158.0552,2.4131,0.0258,0.2085,STRATA_SYN_TEMPORALLY_INCONSISTENT_00477,TEMPORALLY_INCONSISTENT,False,none
7.0,81.31,13.55,0.24,31.1,0.0,0.8035,0.0973,0.6539,0.843,0.0736,1.526,0.0474,1.025,3.3034,2.165,1.1683,2.1315,0.6452,3.0,3.0,0.6667,9.6543,0.7337,-94.8188,0.6978,0.1984,0.4697,STRATA_SYN_STABLE_00455,STABLE,False,none
15.0,331.56,23.68,0.27,26.09,0.0,0.1758,0.0252,0.1351,0.1791,0.042,4.23,3.8242,3.2241,13.5063,3.193,3.7871,9.4716,0.7013,6.0,2.0,0.6429,1.3149,3.203,21.0832,3.1175,-0.093,0.2768,STRATA_SYN_LOW_QUALITY_00476,LOW_QUALITY,False,none
16.0,344.43,22.96,0.29,44.43,0.0,0.8117,0.0852,0.6557,0.8468,0.0768,1.975,-1.6821,2.3731,9.3902,4.755,2.3677,6.85,0.7295,8.0,5.0,0.4667,-4.2692,2.0258,6.4707,2.0114,0.0257,0.0,STRATA_SYN_STRUCTURAL_ACCELERATING_00434,STRUCTURAL_ACCELERATING,False,none
13.0,188.26,15.69,0.3,28.51,0.0,0.8064,0.0671,0.6925,0.8059,0.0585,0.595,0.0528,0.5783,1.6957,2.85,0.481,1.1007,0.6491,8.0,3.0,0.4167,-2.8847,0.3444,3.7875,0.3417,0.4851,0.2813,STRATA_SYN_STABLE_00054,STABLE,False,none
6.0,70.45,14.09,0.24,27.55,0.0,0.162,0.0422,0.1125,0.2121,0.0225,3.994,0.7798,3.2038,9.3303,2.336,3.6484,9.3303,1.0,3.0,2.0,0.6,1.7252,3.2018,-927.5148,2.7008,-0.1866,0.8606,STRATA_SYN_LOW_QUALITY_00259,LOW_QUALITY,False,none
20.0,245.84,12.94,0.28,29.07,0.0,0.187,0.0354,0.1164,0.1892,0.0441,4.282,2.5119,3.8612,14.0311,3.277,5.2302,11.6627,0.8312,12.0,10.0,0.5789,-1.6638,3.8463,31.2327,3.8023,-0.291,0.4734,STRATA_SYN_LOW_QUALITY_00155,LOW_QUALITY,False,none
15.0,139.28,9.95,0.27,26.88,0.0,0.8148,0.1054,0.6516,0.8259,0.0574,1.962,-0.615,2.2006,7.3572,3.75,2.8626,7.0934,0.9641,9.0,7.0,0.5714,-8.0229,1.9871,76.1168,1.9314,-0.3767,0.6301,STRATA_SYN_STRUCTURAL_ACCELERATING_00224,STRUCTURAL_ACCELERATING,False,none
9.0,111.41,13.93,0.24,35.24,0.0,0.7348,0.0839,0.6532,0.8387,0.0735,1.538,-0.149,1.0846,2.8277,1.839,1.5776,2.811,0.9941,6.0,5.0,0.5,6.6014,0.8687,40.4117,0.8515,-0.3039,0.1458,STRATA_SYN_STRUCTURAL_MONOTONIC_00196,STRUCTURAL_MONOTONIC,False,none
11.0,159.49,15.95,0.29,27.43,0.0,0.1806,0.0371,0.1263,0.1735,0.0344,2.811,0.2612,2.6225,8.1919,2.914,2.057,7.2316,0.8828,3.0,3.0,0.5,1.991,2.6079,-118.1534,2.4102,0.397,0.4106,STRATA_SYN_LOW_QUALITY_00289,LOW_QUALITY,False,none
16.0,101.32,6.75,0.29,38.01,0.0,0.7737,0.0727,0.656,0.8224,0.0615,2.494,1.1557,3.5193,12.261,4.916,3.3392,9.5019,0.775,8.0,5.0,0.6,-24.7001,2.8053,-281.5186,2.6521,0.2349,0.6918,STRATA_SYN_SEASONAL_ENVIRONMENTAL_00222,SEASONAL_ENVIRONMENTAL,False,none
18.0,356.56,20.97,0.26,28.04,0.0,0.158,0.0388,0.1019,0.1717,0.0375,3.449,-0.36,3.7619,15.9794,4.633,4.6656,9.5656,0.5986,10.0,9.0,0.5882,-1.372,3.7397,-39.5623,3.3964,-0.1181,0.5742,STRATA_SYN_LOW_QUALITY_00472,LOW_QUALITY,False,none
14.0,198.68,15.28,0.28,30.48,0.0,0.7911,0.073,0.6527,0.7755,0.0634,1.05,0.4641,1.4159,6.089,5.799,1.6088,4.0909,0.6719,9.0,5.0,0.6154,4.9509,1.1449,-4.8223,1.1433,0.0076,0.6477,STRATA_SYN_STRUCTURAL_ACCELERATING_00488,STRUCTURAL_ACCELERATING,False,none
10.0,59.69,6.63,0.3,43.94,0.0,0.1717,0.043,0.1071,0.189,0.032,2.837,-0.294,1.4423,3.8589,1.36,1.7617,3.7969,0.9839,4.0,4.0,0.4444,2.0416,1.4383,-621.0424,1.2312,-0.007,0.8007,STRATA_SYN_LOW_QUALITY_00258,LOW_QUALITY,False,none
15.0,178.22,12.73,0.26,34.4,0.0,0.8404,0.0847,0.6566,0.8204,0.0674,2.89,4.4947,4.5737,12.7299,4.405,7.9125,12.7299,1.0,13.0,8.0,0.5,5.2342,4.505,117.1121,4.3473,-0.603,0.7858,STRATA_SYN_TEMPORALLY_INCONSISTENT_00198,TEMPORALLY_INCONSISTENT,False,none
21.0,366.98,18.35,0.29,42.89,0.0,0.7919,0.0741,0.6715,0.8332,0.0714,0.931,1.8663,5.9106,17.8124,19.133,2.0215,5.2246,0.2933,4.0,2.0,0.5,0.6603,5.9072,116.7901,3.4167,0.8859,0.2256,STRATA_SYN_SEASONAL_ENVIRONMENTAL_00406,SEASONAL_ENVIRONMENTAL,False,none
14.0,225.98,17.38,0.34,39.0,0.0,0.8332,0.1013,0.656,0.8107,0.0671,1.203,0.2366,1.0489,2.9004,2.411,0.8897,1.8291,0.6306,5.0,5.0,0.4615,3.1637,0.8563,8.6216,0.8447,0.3992,0.1892,STRATA_SYN_STABLE_00231,STABLE,False,none
13.0,189.82,15.82,0.23,43.33,0.0,0.8558,0.0653,0.6903,0.8385,0.0629,1.894,-0.391,4.8411,15.1967,8.024,2.5988,6.4697,0.4257,7.0,1.0,0.5,25.0792,2.6213,-17.7713,2.6132,0.759,0.0,STRATA_SYN_SEASONAL_ENVIRONMENTAL_00065,SEASONAL_ENVIRONMENTAL,False,none
8.0,108.54,15.51,0.27,27.87,0.0,0.7739,0.1051,0.6646,0.8016,0.0701,1.014,-2.7985,3.0862,9.5092,9.378,1.3585,3.217,0.3383,0.0,1.0,1.0,30.7527,0.7458,148.1673,0.4258,0.5781,0.0,STRATA_SYN_SEASONAL_ENVIRONMENTAL_00112,SEASONAL_ENVIRONMENTAL,True,short_seasonal_sequence
18.0,200.87,11.82,0.34,27.12,0.0,0.8256,0.0696,0.7203,0.8269,0.0644,0.998,-3.1448,2.0304,7.2254,7.24,1.3647,3.9582,0.5478,11.0,0.0,0.5882,-9.5857,1.2268,1.4446,1.2266,0.5583,0.0,STRATA_SYN_STRUCTURAL_MONOTONIC_00306,STRUCTURAL_MONOTONIC,False,none
20.0,193.18,10.17,0.27,28.44,0.0,0.7957,0.0887,0.6621,0.8191,0.0664,2.153,-2.8132,4.221,15.117,7.021,5.0569,10.3813,0.6867,16.0,8.0,0.5263,-16.5561,3.2849,20.7058,3.2762,0.1262,0.6461,STRATA_SYN_TEMPORALLY_INCONSISTENT_00255,TEMPORALLY_INCONSISTENT,False,none
11.0,98.93,9.89,0.29,30.75,0.0,0.7832,0.0851,0.6517,0.824,0.07,2.388,2.4323,3.1339,9.5288,3.99,3.5345,6.7594,0.7094,5.0,3.0,0.5,20.2991,2.6089,-178.9951,2.5434,0.0316,0.2294,STRATA_SYN_SEASONAL_ENVIRONMENTAL_00074,SEASONAL_ENVIRONMENTAL,False,none
8.0,61.89,8.84,0.32,37.54,0.0,0.1849,0.0334,0.1186,0.1815,0.0405,4.934,2.6761,3.54,13.7211,2.781,3.3993,7.9307,0.578,3.0,1.0,0.7143,-22.2182,3.3185,-2017.6538,1.9067,0.0117,0.0,STRATA_SYN_LOW_QUALITY_00111,LOW_QUALITY,False,none
15.0,86.53,6.18,0.28,32.68,0.0,0.8012,0.0903,0.6627,0.8205,0.0604,2.488,-0.4536,2.3954,9.0325,3.63,3.2094,7.0643,0.7821,10.0,10.0,0.5,-3.5606,2.3813,-310.2188,2.2647,-0.4027,0.6717,STRATA_SYN_STABLE_00136,STABLE,False,none
6.0,91.34,18.27,0.18,34.4,0.0,0.8074,0.0802,0.6903,0.8595,0.0755,1.269,0.498,0.8872,2.5772,2.031,1.4856,2.5772,1.0,4.0,3.0,0.6,-2.1468,0.8681,-1.6579,0.8681,-0.6894,0.3298,STRATA_SYN_STABLE_00272,STABLE,False,none
14.0,216.78,16.68,0.24,41.85,0.0,0.1746,0.0386,0.1043,0.1845,0.0452,2.658,-0.3827,1.8631,7.2063,2.711,2.5327,7.1192,0.9879,10.0,7.0,0.5385,-0.183,1.8628,-18.8914,1.8411,-0.3393,0.5878,STRATA_SYN_LOW_QUALITY_00385,LOW_QUALITY,False,none
7.0,63.33,10.56,0.28,38.24,0.0,0.8049,0.0752,0.6596,0.8688,0.0725,2.751,-0.0252,2.8492,7.492,2.723,3.7593,7.492,1.0,3.0,3.0,0.5,-12.6161,2.7547,332.5567,2.7122,-0.226,0.3562,STRATA_SYN_STRUCTURAL_ACCELERATING_00066,STRUCTURAL_ACCELERATING,False,none
11.0,59.8,5.98,0.25,37.07,0.0,0.8311,0.0826,0.694,0.8334,0.0661,1.162,-4.7379,1.5663,5.2016,4.476,1.7412,3.324,0.639,5.0,0.0,0.5,-20.1532,1.1686,-83.8452,1.1643,0.2194,0.0,STRATA_SYN_SEASONAL_ENVIRONMENTAL_00279,SEASONAL_ENVIRONMENTAL,False,none
11.0,237.55,23.75,0.28,26.95,0.0,0.8262,0.0834,0.6721,0.8147,0.0462,1.511,-0.5011,0.9656,3.5348,2.339,1.3171,3.2057,0.9069,5.0,4.0,0.6,-0.4107,0.9619,5.6185,0.9561,-0.4742,0.7438,STRATA_SYN_STRUCTURAL_MONOTONIC_00293,STRUCTURAL_MONOTONIC,False,none
19.0,430.67,23.93,0.32,44.31,0.0,0.797,0.0781,0.6596,0.8191,0.0708,1.327,-1.3606,2.0519,7.0058,5.279,1.4324,4.6651,0.6659,8.0,4.0,0.6111,-3.7543,1.5478,-12.2434,1.379,0.5893,0.5904,STRATA_SYN_STRUCTURAL_ACCELERATING_00263,STRUCTURAL_ACCELERATING,False,none
14.0,282.95,21.77,0.24,40.89,0.0,0.7716,0.0845,0.65,0.8431,0.0638,2.226,1.706,3.0913,13.1851,5.923,3.5701,10.8018,0.8192,8.0,5.0,0.6154,2.8354,3.0153,-44.8997,2.7878,-0.1624,0.9662,STRATA_SYN_STRUCTURAL_MONOTONIC_00284,STRUCTURAL_MONOTONIC,True,structural_with_atmospheric_spike
10.0,130.7,14.52,0.18,37.9,0.0,0.9282,0.024,0.9,0.8369,0.0791,1.795,-0.0883,2.5342,8.2262,4.583,3.9057,7.8467,0.9539,6.0,7.0,0.6667,4.2245,2.4878,3.172,2.4877,-0.504,0.8492,STRATA_SYN_ATMOSPHERIC_TRANSIENT_00126,ATMOSPHERIC_TRANSIENT,True,high_coherence_atmospheric
23.0,309.92,14.09,0.26,33.95,0.0,0.8245,0.087,0.6722,0.8115,0.0714,1.489,-0.1132,2.4532,8.7861,5.901,1.8724,4.0376,0.4595,14.0,8.0,0.5,-0.0309,2.4532,-65.1913,1.5474,0.5864,0.8466,STRATA_SYN_SEASONAL_ENVIRONMENTAL_00296,SEASONAL_ENVIRONMENTAL,False,none
8.0,126.15,18.02,0.27,38.41,0.0,0.1511,0.0376,0.1126,0.1551,0.0372,3.557,-0.7105,4.2817,15.8292,4.45,4.5844,11.8368,0.7478,6.0,2.0,0.5714,0.7261,4.2809,449.0136,3.4702,-0.0927,0.5444,STRATA_SYN_LOW_QUALITY_00451,LOW_QUALITY,False,none
15.0,157.91,11.28,0.28,31.15,0.0,0.7833,0.0805,0.6528,0.8215,0.0606,1.818,2.6822,3.3847,12.5309,6.893,2.5466,6.2216,0.4965,6.0,3.0,0.5,17.5199,2.4408,-169.4341,2.039,0.4785,0.2405,STRATA_SYN_SEASONAL_ENVIRONMENTAL_00269,SEASONAL_ENVIRONMENTAL,False,none
8.0,58.71,8.39,0.25,28.23,0.0,0.7863,0.1047,0.6648,0.834,0.0896,2.28,-1.0358,1.7071,6.3626,2.791,2.0876,3.6926,0.5804,4.0,2.0,0.5714,-11.1224,1.6036,-529.7519,1.4702,-0.0744,0.2301,STRATA_SYN_STABLE_00327,STABLE,False,none
12.0,84.93,7.72,0.3,36.06,0.0,0.829,0.0785,0.6579,0.8005,0.0559,2.447,-0.0843,1.9152,5.9261,2.422,2.5638,5.5748,0.9407,5.0,6.0,0.5455,4.3253,1.8892,-269.4602,1.7784,-0.2245,0.8923,STRATA_SYN_STRUCTURAL_ACCELERATING_00210,STRUCTURAL_ACCELERATING,False,none
13.0,182.64,15.22,0.24,36.83,0.0,0.8153,0.0876,0.6988,0.8516,0.0728,1.42,-1.2418,1.2082,4.5991,3.239,1.2261,3.9206,0.8525,5.0,3.0,0.5833,2.4597,1.1459,16.5881,1.132,0.0116,0.3367,STRATA_SYN_STRUCTURAL_MONOTONIC_00387,STRUCTURAL_MONOTONIC,False,none
16.0,208.81,13.92,0.28,30.64,0.0,0.1632,0.0331,0.1026,0.1958,0.0367,4.509,0.6844,4.3511,14.7439,3.27,4.7184,13.1764,0.8937,10.0,6.0,0.6667,7.7867,4.1303,83.5973,3.9677,-0.0314,0.7433,STRATA_SYN_LOW_QUALITY_00208,LOW_QUALITY,False,none
14.0,186.54,14.35,0.32,41.29,0.0,0.7725,0.0819,0.6503,0.843,0.066,0.698,1.214,3.4159,13.9096,19.928,2.9809,12.5202,0.9001,4.0,5.0,0.5385,-4.7773,3.3306,-49.1624,3.2851,-0.0874,0.945,STRATA_SYN_ATMOSPHERIC_TRANSIENT_00359,ATMOSPHERIC_TRANSIENT,False,none
12.0,145.67,13.24,0.31,32.18,0.0,0.7991,0.093,0.65,0.8263,0.0678,2.749,0.4028,1.904,5.6118,2.041,1.9217,5.6118,1.0,5.0,4.0,0.5455,-6.8135,1.7054,20.5251,1.6994,0.0573,0.4771,STRATA_SYN_STRUCTURAL_ACCELERATING_00108,STRUCTURAL_ACCELERATING,False,none
18.0,358.19,21.07,0.32,41.52,0.0,0.7978,0.0851,0.6725,0.8165,0.0774,1.635,-1.3425,1.415,5.3752,3.288,1.9442,4.1672,0.7753,13.0,8.0,0.5882,-1.4754,1.3444,1.8384,1.3424,-0.0605,0.9258,STRATA_SYN_STRUCTURAL_ACCELERATING_00383,STRUCTURAL_ACCELERATING,False,none
19.0,378.22,21.01,0.27,43.37,0.0,0.7754,0.0734,0.6553,0.8088,0.0666,1.376,-2.6537,2.5586,10.1966,7.41,1.4265,3.0818,0.3022,7.0,1.0,0.6111,-6.8998,1.355,-2.3229,1.3511,0.6498,0.0,STRATA_SYN_STRUCTURAL_ACCELERATING_00179,STRUCTURAL_ACCELERATING,False,none
11.0,168.7,16.87,0.29,33.58,0.0,0.1539,0.0383,0.1135,0.1576,0.0298,4.894,1.9732,5.6215,17.2172,3.518,7.3792,17.2172,1.0,7.0,5.0,0.5,-13.9151,5.2403,87.3237,5.1751,-0.3473,0.2214,STRATA_SYN_LOW_QUALITY_00212,LOW_QUALITY,False,none
18.0,228.45,13.44,0.37,31.36,0.0,0.8085,0.0833,0.6722,0.8268,0.0656,1.682,0.704,1.0218,3.6479,2.169,1.4259,2.8788,0.7892,13.0,8.0,0.5294,1.392,0.9868,11.9509,0.9677,-0.3066,0.6147,STRATA_SYN_STABLE_00016,STABLE,False,none
12.0,110.29,10.03,0.25,41.38,0.0,0.8157,0.0918,0.6738,0.8517,0.0634,1.828,7.3599,2.9373,9.8216,5.373,1.4302,5.108,0.5201,6.0,0.0,0.5455,-18.5818,2.3551,-517.0962,1.1433,0.6015,0.0,STRATA_SYN_SEASONAL_ENVIRONMENTAL_00182,SEASONAL_ENVIRONMENTAL,False,none
6.0,101.02,20.2,0.32,29.7,0.0,0.8188,0.109,0.6597,0.8489,0.0648,2.046,-0.6932,1.1231,2.802,1.37,0.8704,2.0013,0.7142,1.0,1.0,0.6,7.8245,0.8444,175.1399,0.5177,0.4127,0.0,STRATA_SYN_STABLE_00446,STABLE,False,none
9.0,81.84,10.23,0.32,41.43,0.0,0.1494,0.039,0.1018,0.1638,0.0487,3.766,0.3708,2.3381,8.1353,2.16,2.9501,6.4208,0.7893,6.0,5.0,0.5,7.5893,2.2736,401.8151,2.0778,-0.1113,0.7187,STRATA_SYN_LOW_QUALITY_00342,LOW_QUALITY,False,none
10.0,191.68,21.3,0.27,34.35,0.0,0.7686,0.0925,0.6634,0.8487,0.0618,0.611,1.2946,4.0026,14.1712,23.193,3.6454,13.6149,0.9607,5.0,6.0,0.5556,6.5707,3.8477,-36.9935,3.8205,-0.1061,0.9615,STRATA_SYN_ATMOSPHERIC_TRANSIENT_00069,ATMOSPHERIC_TRANSIENT,False,none
8.0,138.12,19.73,0.23,34.1,0.0,0.8178,0.0852,0.6719,0.8045,0.0567,2.975,-3.4796,4.4986,12.3605,4.155,6.6457,10.6524,0.8618,4.0,2.0,0.5714,-14.5303,4.1219,61.75,4.1012,-0.3072,0.7042,STRATA_SYN_STRUCTURAL_MONOTONIC_00495,STRUCTURAL_MONOTONIC,False,none
15.0,312.98,22.36,0.33,33.97,0.0,0.1601,0.04,0.1017,0.1713,0.0425,4.876,0.8012,5.9016,22.024,4.517,6.276,16.2468,0.7377,9.0,6.0,0.5,-6.7863,5.6229,-46.2922,5.4358,0.1914,0.9406,STRATA_SYN_LOW_QUALITY_00001,LOW_QUALITY,False,none
13.0,91.37,7.61,0.24,27.73,0.0,0.7841,0.0794,0.6793,0.7961,0.0861,0.921,-0.681,4.4117,17.1458,18.617,4.8748,8.5521,0.4988,11.0,5.0,0.5,-43.2655,2.8361,-371.2247,2.6531,0.1622,0.3132,STRATA_SYN_TEMPORALLY_INCONSISTENT_00051,TEMPORALLY_INCONSISTENT,False,none
11.0,81.05,8.11,0.26,44.63,0.0,0.8639,0.0844,0.6941,0.8317,0.0723,1.387,-0.9479,1.6457,5.6316,4.06,1.7352,3.8453,0.6828,6.0,4.0,0.5,-7.9393,1.5499,-458.8108,1.1848,0.1176,0.8582,STRATA_SYN_STRUCTURAL_ACCELERATING_00117,STRUCTURAL_ACCELERATING,False,none
14.0,187.63,14.43,0.24,25.82,0.0,0.8116,0.0942,0.6731,0.8157,0.0698,2.535,-0.6684,3.7478,12.0123,4.739,3.3701,10.7628,0.896,9.0,1.0,0.5385,-17.2602,2.5412,20.1178,2.531,0.3058,0.0,STRATA_SYN_SEASONAL_ENVIRONMENTAL_00136,SEASONAL_ENVIRONMENTAL,False,none
11.0,77.52,7.75,0.28,27.08,0.0,0.8098,0.0894,0.6866,0.7762,0.0644,1.865,2.1407,1.646,6.3442,3.402,2.3727,5.1043,0.8046,7.0,2.0,0.6,6.7407,1.5825,-24.3386,1.5818,-0.4595,0.5066,STRATA_SYN_STRUCTURAL_MONOTONIC_00422,STRUCTURAL_MONOTONIC,False,none
7.0,120.76,20.13,0.22,28.87,0.0,0.1713,0.0379,0.1183,0.1881,0.0243,4.747,0.455,4.4047,14.1261,2.976,6.8648,14.1261,1.0,5.0,4.0,0.5,-7.9143,4.3173,335.9649,3.9392,-0.534,0.8485,STRATA_SYN_LOW_QUALITY_00202,LOW_QUALITY,False,none
21.0,429.07,21.45,0.3,29.2,0.0,0.8247,0.092,0.6656,0.8389,0.0725,2.348,1.6045,6.7607,23.5494,10.03,3.2281,8.8398,0.3754,11.0,4.0,0.5,-0.632,6.7569,98.3275,3.8585,0.791,0.515,STRATA_SYN_SEASONAL_ENVIRONMENTAL_00458,SEASONAL_ENVIRONMENTAL,False,none
9.0,190.92,23.87,0.21,42.07,0.0,0.8373,0.0806,0.7227,0.8515,0.0639,2.035,-0.365,1.3585,4.2714,2.099,1.6444,3.6755,0.8605,5.0,6.0,0.625,-3.3771,1.2336,31.2781,1.17,0.0649,0.8747,STRATA_SYN_STABLE_00331,STABLE,False,none
15.0,312.8,22.34,0.23,33.91,0.0,0.8169,0.0838,0.6911,0.8291,0.0773,2.07,-1.665,4.2032,18.312,8.846,4.0251,16.8973,0.9227,9.0,8.0,0.5714,-3.2294,4.1154,19.758,4.0694,-0.1105,0.8864,STRATA_SYN_ATMOSPHERIC_TRANSIENT_00351,ATMOSPHERIC_TRANSIENT,False,none
16.0,225.23,15.02,0.25,25.14,0.0,0.797,0.1029,0.6638,0.8102,0.0561,1.323,-1.2501,1.3171,4.7651,3.602,1.3226,2.7318,0.5733,10.0,4.0,0.6,-2.6091,1.2208,-43.4099,1.005,0.2454,0.4306,STRATA_SYN_STRUCTURAL_MONOTONIC_00162,STRUCTURAL_MONOTONIC,False,none
7.0,117.7,19.62,0.35,42.3,0.0,0.7724,0.0575,0.674,0.8223,0.083,2.308,0.8579,2.1537,7.6494,3.314,2.2345,3.9566,0.5172,2.0,1.0,0.5,12.6509,1.67,-136.1837,1.5257,0.3258,0.0,STRATA_SYN_STRUCTURAL_ACCELERATING_00236,STRUCTURAL_ACCELERATING,False,none
15.0,86.27,6.16,0.29,33.88,0.0,0.7914,0.086,0.66,0.8001,0.0662,2.735,-0.4866,2.3964,9.4424,3.452,3.1879,8.0306,0.8505,8.0,8.0,0.6429,1.4958,2.3939,3.6135,2.3939,-0.4289,0.8394,STRATA_SYN_STRUCTURAL_MONOTONIC_00443,STRUCTURAL_MONOTONIC,False,none
15.0,295.67,21.12,0.31,37.72,0.0,0.7556,0.1064,0.6502,0.7827,0.0636,0.861,-1.3972,1.1353,3.7259,4.327,0.6746,1.6677,0.4476,4.0,1.0,0.6429,-3.7042,0.6565,10.6108,0.587,0.5784,0.0,STRATA_SYN_STRUCTURAL_MONOTONIC_00015,STRUCTURAL_MONOTONIC,False,none
16.0,197.4,13.16,0.28,28.85,0.0,0.771,0.0861,0.6621,0.7968,0.0632,2.491,0.9789,3.7552,15.6128,6.268,5.2314,11.727,0.7511,11.0,12.0,0.5333,-2.9342,3.7235,-103.636,3.4995,-0.2396,0.9218,STRATA_SYN_ATMOSPHERIC_TRANSIENT_00317,ATMOSPHERIC_TRANSIENT,False,none
11.0,202.32,20.23,0.24,40.55,0.0,0.8144,0.0976,0.6738,0.803,0.0634,2.389,2.9499,3.5742,10.0664,4.214,2.1868,6.2471,0.6206,3.0,2.0,0.6,-1.9519,3.5578,-248.7635,1.1427,0.4629,0.531,STRATA_SYN_SEASONAL_ENVIRONMENTAL_00041,SEASONAL_ENVIRONMENTAL,False,none
12.0,228.0,20.73,0.3,38.51,0.0,0.7867,0.1023,0.6598,0.8249,0.0716,3.26,1.3696,3.1579,10.1382,3.11,3.4872,8.0336,0.7924,5.0,4.0,0.5455,9.0547,2.6149,53.1222,2.455,0.0734,0.5022,STRATA_SYN_SEASONAL_ENVIRONMENTAL_00224,SEASONAL_ENVIRONMENTAL,True,seasonal_with_high_noise
12.0,159.05,14.46,0.29,29.04,0.0,0.1626,0.0298,0.1191,0.1775,0.0567,4.402,0.19,5.2629,16.479,3.744,6.8743,14.3938,0.8735,7.0,8.0,0.5455,-7.8046,5.1531,-271.5439,4.6372,-0.1768,0.6661,STRATA_SYN_LOW_QUALITY_00264,LOW_QUALITY,False,none
14.0,159.1,12.24,0.29,25.55,0.0,0.7808,0.0852,0.6602,0.8205,0.0558,1.294,0.5842,1.7904,7.7745,6.008,1.8715,4.8877,0.6287,10.0,2.0,0.5385,7.2967,1.4962,80.8447,1.346,0.2452,0.4081,STRATA_SYN_ATMOSPHERIC_TRANSIENT_00498,ATMOSPHERIC_TRANSIENT,False,none
8.0,88.19,12.6,0.26,36.83,0.0,0.8119,0.1025,0.6653,0.8431,0.0687,2.839,-0.9641,3.0465,9.8475,3.469,4.5937,7.5891,0.7707,5.0,6.0,0.5714,1.3069,3.0448,588.3763,2.5885,-0.2206,0.8545,STRATA_SYN_STRUCTURAL_ACCELERATING_00074,STRUCTURAL_ACCELERATING,False,none
17.0,316.74,19.8,0.26,41.1,0.0,0.7972,0.0709,0.6579,0.8417,0.0665,1.825,0.6677,3.2597,14.4446,7.915,3.5762,12.7112,0.88,12.0,7.0,0.5,1.1283,3.2459,-19.3575,3.1888,-0.1799,0.7992,STRATA_SYN_ATMOSPHERIC_TRANSIENT_00078,ATMOSPHERIC_TRANSIENT,False,none
19.0,186.22,10.35,0.24,28.55,0.0,0.1853,0.0433,0.1129,0.1762,0.0434,2.754,-0.0062,2.3225,11.9998,4.357,2.5162,6.69,0.5575,10.0,11.0,0.5556,3.8337,2.245,-0.6864,2.2449,0.0215,0.7609,STRATA_SYN_LOW_QUALITY_00310,LOW_QUALITY,False,none
7.0,100.66,16.78,0.22,30.08,0.0,0.8044,0.0803,0.6613,0.7773,0.0754,2.247,-0.7719,2.4659,8.0241,3.571,3.4747,5.2837,0.6585,3.0,4.0,0.6667,-3.8455,2.4405,410.0697,1.9241,-0.2087,0.7796,STRATA_SYN_STRUCTURAL_ACCELERATING_00301,STRUCTURAL_ACCELERATING,False,none
20.0,438.46,23.08,0.31,38.82,0.0,0.806,0.0827,0.6777,0.8053,0.0712,2.22,-5.6564,5.0362,16.0845,7.245,1.9716,5.8697,0.3649,9.0,3.0,0.6316,-12.7178,1.9927,-17.687,1.6958,0.7457,0.0169,STRATA_SYN_STRUCTURAL_MONOTONIC_00476,STRUCTURAL_MONOTONIC,False,none
16.0,280.19,18.68,0.25,26.33,0.0,0.7893,0.0426,0.6919,0.8191,0.0725,2.48,-1.5241,2.3065,9.0864,3.664,2.2628,6.4212,0.7067,9.0,8.0,0.6,-6.0692,1.8099,-25.9142,1.6927,0.1247,0.5918,STRATA_SYN_STRUCTURAL_MONOTONIC_00393,STRUCTURAL_MONOTONIC,False,none
12.0,118.35,10.76,0.3,41.65,0.0,0.1697,0.0385,0.1033,0.1731,0.0401,2.814,0.4042,1.8839,6.2679,2.227,2.2374,5.5683,0.8884,6.0,4.0,0.5455,9.0646,1.6447,66.6831,1.616,0.0711,0.8812,STRATA_SYN_LOW_QUALITY_00191,LOW_QUALITY,False,none
15.0,158.36,11.31,0.32,37.77,0.0,0.8255,0.0937,0.6523,0.8318,0.0596,2.085,-0.3238,2.0324,6.6292,3.179,2.6053,5.946,0.8969,10.0,6.0,0.5714,2.6934,1.9998,20.4195,1.9931,-0.1438,0.7634,STRATA_SYN_STABLE_00282,STABLE,False,none
14.0,174.72,13.44,0.2,27.47,0.0,0.1731,0.0382,0.1045,0.1821,0.0445,3.869,-1.0779,3.0591,10.8426,2.802,3.4044,10.8426,1.0,7.0,4.0,0.4615,-9.4164,2.7219,99.5843,2.5417,-0.1126,0.741,STRATA_SYN_LOW_QUALITY_00311,LOW_QUALITY,False,none
7.0,58.15,9.69,0.19,42.36,0.0,0.776,0.0858,0.668,0.8619,0.0472,0.61,0.2803,0.7069,2.2201,3.64,0.9531,1.6593,0.7474,2.0,3.0,0.5,1.8582,0.7,-104.3015,0.6883,-0.2374,0.4243,STRATA_SYN_STRUCTURAL_ACCELERATING_00461,STRUCTURAL_ACCELERATING,False,none
16.0,303.09,20.21,0.26,41.26,0.0,0.8109,0.0749,0.6987,0.8551,0.0746,2.175,0.4037,2.1183,7.6226,3.505,2.6488,7.58,0.9944,12.0,9.0,0.6,2.9146,1.9837,-4.5743,1.9793,-0.3052,0.4145,STRATA_SYN_STABLE_00025,STABLE,False,none
16.0,260.67,17.38,0.28,33.8,0.0,0.7797,0.0875,0.6512,0.8495,0.0668,0.972,0.4143,1.3938,5.1432,5.291,1.8058,5.131,0.9976,11.0,12.0,0.6,0.6995,1.3853,-22.4404,1.2994,-0.1829,0.9286,STRATA_SYN_STABLE_00122,STABLE,False,none
17.0,335.22,20.95,0.31,40.34,0.0,0.7973,0.0872,0.6664,0.8314,0.0627,1.617,-5.0083,2.6309,9.4953,5.872,2.1774,6.337,0.6674,10.0,2.0,0.5,-7.2254,1.6744,-0.7399,1.6742,0.4923,0.2496,STRATA_SYN_STRUCTURAL_MONOTONIC_00214,STRUCTURAL_MONOTONIC,False,none
13.0,172.22,14.35,0.25,36.52,0.0,0.7782,0.0878,0.6532,0.8373,0.0636,2.343,0.1457,2.6273,9.7006,4.14,3.3589,6.3217,0.6517,8.0,7.0,0.5,4.8216,2.53,-13.5507,2.5266,-0.2357,0.3009,STRATA_SYN_STABLE_00141,STABLE,False,none
18.0,161.13,9.48,0.25,31.31,0.0,0.9404,0.0254,0.8924,0.8399,0.0748,1.054,0.6761,2.2712,10.9219,10.362,1.9392,8.6123,0.7885,8.0,9.0,0.6471,-0.3472,2.2707,-82.666,2.1709,0.1464,0.9149,STRATA_SYN_ATMOSPHERIC_TRANSIENT_00058,ATMOSPHERIC_TRANSIENT,True,high_coherence_atmospheric
17.0,360.42,22.53,0.23,25.17,0.0,0.8074,0.0888,0.6698,0.7907,0.071,2.12,-0.0544,2.2785,9.2484,4.362,3.1774,7.8648,0.8504,12.0,9.0,0.5625,0.663,2.2697,10.6007,2.2284,-0.3068,0.792,STRATA_SYN_ATMOSPHERIC_TRANSIENT_00211,ATMOSPHERIC_TRANSIENT,False,none
13.0,193.62,16.14,0.29,42.81,0.0,0.8321,0.082,0.6509,0.817,0.0653,1.284,-0.0654,1.1595,3.2742,2.55,1.4053,3.1407,0.9592,8.0,7.0,0.5,3.2758,1.0248,5.769,1.0224,-0.1047,0.5199,STRATA_SYN_STABLE_00236,STABLE,False,none
15.0,169.78,12.13,0.31,36.79,0.0,0.7988,0.0962,0.6552,0.8417,0.0592,1.811,0.8571,4.939,17.0723,9.427,2.4255,7.8575,0.4602,6.0,2.0,0.5714,-25.0865,3.3884,-289.2492,2.1142,0.7423,0.2667,STRATA_SYN_SEASONAL_ENVIRONMENTAL_00162,SEASONAL_ENVIRONMENTAL,False,none
6.0,75.42,15.08,0.2,37.84,0.0,0.8152,0.0623,0.7319,0.8243,0.0799,1.919,0.2567,1.7671,4.3433,2.263,0.9601,3.2435,0.7468,1.0,1.0,0.6,-22.1563,0.8217,257.1675,0.6135,0.471,0.0,STRATA_SYN_STABLE_00482,STABLE,True,short_sequence
13.0,236.32,19.69,0.26,36.79,0.0,0.1956,0.043,0.1194,0.1581,0.0406,3.62,1.0749,2.1971,6.2836,1.736,3.451,6.1657,0.9812,10.0,9.0,0.5,-1.563,2.1744,-35.0755,2.0804,-0.5371,0.394,STRATA_SYN_LOW_QUALITY_00414,LOW_QUALITY,False,none
23.0,482.23,21.92,0.3,29.59,0.0,0.8068,0.0945,0.6761,0.8288,0.0656,0.554,-0.1708,3.7957,12.1217,21.88,2.3674,4.6533,0.3839,4.0,5.0,0.5,-1.4992,3.7484,-5.799,3.7259,0.7444,0.3646,STRATA_SYN_SEASONAL_ENVIRONMENTAL_00049,SEASONAL_ENVIRONMENTAL,False,none
8.0,57.43,8.2,0.33,31.11,0.0,0.1465,0.0424,0.1059,0.1832,0.0521,2.683,-0.2593,1.9357,5.5472,2.068,3.5579,4.9933,0.9001,5.0,6.0,0.5714,5.6002,1.9139,262.8205,1.8896,-0.6426,0.7861,STRATA_SYN_LOW_QUALITY_00299,LOW_QUALITY,False,none
18.0,355.27,20.9,0.25,27.07,0.0,0.7761,0.0816,0.6558,0.7831,0.057,2.997,-0.5043,2.0923,7.6143,2.541,2.7176,7.606,0.9989,9.0,8.0,0.6471,-0.8744,2.0761,-1.247,2.0755,-0.2827,0.7861,STRATA_SYN_STRUCTURAL_ACCELERATING_00139,STRUCTURAL_ACCELERATING,False,none
8.0,163.72,23.39,0.24,29.88,0.0,0.7714,0.0749,0.6686,0.8917,0.0443,2.369,1.6436,2.1716,6.5613,2.77,2.074,3.6453,0.5556,5.0,4.0,0.5714,10.6568,1.5084,93.7656,1.2237,0.3367,0.5556,STRATA_SYN_STRUCTURAL_ACCELERATING_00030,STRUCTURAL_ACCELERATING,False,none
19.0,294.03,16.33,0.23,31.15,0.0,0.7872,0.0916,0.6573,0.7944,0.0659,0.552,2.8074,3.0214,10.6908,19.367,4.7939,7.0918,0.6634,17.0,8.0,0.5,-4.5902,2.8038,-33.1674,2.6601,-0.3317,0.9558,STRATA_SYN_TEMPORALLY_INCONSISTENT_00193,TEMPORALLY_INCONSISTENT,False,none
14.0,288.15,22.17,0.31,36.17,0.0,0.765,0.0641,0.6571,0.8283,0.0783,1.07,0.8027,3.5454,12.9605,12.113,4.8366,7.3189,0.5647,12.0,5.0,0.5385,-9.0312,2.7724,-32.0136,2.639,0.0293,0.8344,STRATA_SYN_TEMPORALLY_INCONSISTENT_00452,TEMPORALLY_INCONSISTENT,False,none
6.0,90.89,18.18,0.35,27.18,0.0,0.8284,0.0901,0.6543,0.7911,0.0816,2.767,0.7104,2.1009,6.091,2.201,2.5663,3.7218,0.611,2.0,3.0,0.6,-14.7262,1.6856,-261.4205,1.48,-0.0825,0.0,STRATA_SYN_STRUCTURAL_ACCELERATING_00462,STRUCTURAL_ACCELERATING,False,none
10.0,70.25,7.81,0.26,33.48,0.0,0.8026,0.0715,0.6738,0.8407,0.0778,2.574,0.2529,2.2614,7.5591,2.937,2.5459,5.314,0.703,6.0,4.0,0.5556,16.0651,2.0341,-443.6849,1.8954,0.1194,0.7122,STRATA_SYN_STRUCTURAL_MONOTONIC_00259,STRUCTURAL_MONOTONIC,False,none
8.0,98.58,14.08,0.28,34.92,0.0,0.1948,0.0416,0.1074,0.1924,0.0476,4.064,-0.1379,1.9146,5.2516,1.292,1.6989,2.776,0.5286,1.0,2.0,0.5714,1.2337,1.9115,463.8597,1.0713,0.42,0.5516,STRATA_SYN_LOW_QUALITY_00282,LOW_QUALITY,False,none
11.0,73.59,7.36,0.28,34.19,0.0,0.7923,0.0925,0.6611,0.808,0.0764,2.416,-0.5586,3.4959,10.8268,4.481,3.1628,10.1026,0.9331,6.0,4.0,0.5,15.0856,3.3603,-727.9512,3.0977,0.0439,0.7534,STRATA_SYN_STABLE_00102,STABLE,False,none
16.0,150.3,10.02,0.24,41.15,0.0,0.158,0.0341,0.1006,0.1864,0.041,4.416,-0.6806,4.9336,18.4264,4.173,4.9744,13.4106,0.7278,8.0,7.0,0.6667,-5.0689,4.8918,22.054,4.8893,0.2628,0.8302,STRATA_SYN_LOW_QUALITY_00330,LOW_QUALITY,False,none
11.0,107.29,10.73,0.24,35.68,0.0,0.8289,0.0614,0.7105,0.8172,0.058,1.898,0.6452,2.1418,7.8878,4.156,2.2096,7.8878,1.0,4.0,5.0,0.8,-3.0554,2.1231,-123.3322,2.0706,-0.1385,0.9243,STRATA_SYN_ATMOSPHERIC_TRANSIENT_00360,ATMOSPHERIC_TRANSIENT,False,none
16.0,198.49,13.23,0.28,35.08,0.0,0.7886,0.0977,0.6617,0.8106,0.0604,2.602,1.0058,4.2001,17.3623,6.673,5.9239,13.0226,0.7501,14.0,9.0,0.5333,0.4792,4.1993,125.1839,3.9015,-0.364,0.676,STRATA_SYN_TEMPORALLY_INCONSISTENT_00286,TEMPORALLY_INCONSISTENT,False,none
20.0,169.3,8.91,0.28,35.94,0.0,0.7618,0.093,0.6555,0.8169,0.0662,0.695,-1.8616,5.7999,17.0187,24.487,1.2715,2.7691,0.1627,9.0,1.0,0.6316,39.7687,1.5735,144.9889,0.9072,0.8718,0.0,STRATA_SYN_SEASONAL_ENVIRONMENTAL_00019,SEASONAL_ENVIRONMENTAL,False,none
12.0,224.17,20.38,0.31,35.97,0.0,0.8105,0.0719,0.6922,0.7824,0.0527,1.473,-1.7215,1.0889,3.9469,2.679,1.3526,2.8589,0.7243,6.0,1.0,0.6364,-2.5843,0.9685,23.9563,0.8851,-0.2554,0.0,STRATA_SYN_STRUCTURAL_ACCELERATING_00135,STRUCTURAL_ACCELERATING,False,none
18.0,236.32,13.9,0.3,37.5,0.0,0.8074,0.07,0.6915,0.8201,0.0772,2.777,1.0425,5.1431,18.5343,6.674,5.2171,11.3535,0.6126,14.0,7.0,0.5294,-9.5065,4.7899,68.0427,4.6422,0.2628,0.3994,STRATA_SYN_TEMPORALLY_INCONSISTENT_00299,TEMPORALLY_INCONSISTENT,False,none
14.0,303.54,23.35,0.31,37.16,0.0,0.8313,0.0976,0.6696,0.8234,0.0756,1.62,-0.1208,1.844,6.6165,4.084,2.4633,4.4195,0.668,7.0,7.0,0.5385,-2.3567,1.7411,5.764,1.7328,-0.1016,0.5275,STRATA_SYN_STRUCTURAL_MONOTONIC_00091,STRUCTURAL_MONOTONIC,True,noise_reversal_edge
10.0,206.12,22.9,0.29,33.98,0.0,0.7736,0.0848,0.6536,0.8256,0.0752,2.196,1.1218,2.0845,7.9209,3.607,2.1085,4.7548,0.6003,5.0,3.0,0.5556,7.6127,1.5716,23.1163,1.5366,0.2741,0.4781,STRATA_SYN_STABLE_00099,STABLE,False,none
19.0,127.29,7.07,0.32,33.39,0.0,0.8277,0.0863,0.6672,0.8143,0.0781,1.715,-4.7185,4.1846,14.5855,8.505,2.1384,4.8962,0.3357,7.0,1.0,0.5556,-22.3909,3.457,618.3528,1.5226,0.7493,0.0,STRATA_SYN_SEASONAL_ENVIRONMENTAL_00262,SEASONAL_ENVIRONMENTAL,False,none
19.0,345.17,19.18,0.32,31.0,0.0,0.7966,0.1081,0.6524,0.8149,0.0653,2.539,-1.9247,2.3513,9.5043,3.743,2.8314,9.5043,1.0,11.0,7.0,0.5,-2.0151,2.2787,3.1912,2.2757,-0.2367,0.5905,STRATA_SYN_STRUCTURAL_ACCELERATING_00255,STRUCTURAL_ACCELERATING,False,none
19.0,331.02,18.39,0.26,33.72,0.0,0.8116,0.083,0.6561,0.8097,0.0753,1.202,0.5904,2.8342,10.3469,8.608,4.4349,9.3448,0.9031,17.0,14.0,0.5,2.5436,2.7462,0.8684,2.746,-0.4812,0.8851,STRATA_SYN_TEMPORALLY_INCONSISTENT_00472,TEMPORALLY_INCONSISTENT,False,none
19.0,309.46,17.19,0.32,39.81,0.0,0.7989,0.0995,0.6592,0.8359,0.0723,1.957,0.7962,3.667,14.6784,7.5,4.592,7.5724,0.5159,17.0,11.0,0.5,-7.8067,3.0654,-5.923,3.0603,0.0195,0.3451,STRATA_SYN_TEMPORALLY_INCONSISTENT_00226,TEMPORALLY_INCONSISTENT,False,none
20.0,144.17,7.59,0.26,36.33,0.0,0.8054,0.0911,0.6524,0.8269,0.0604,0.791,-1.734,1.1011,4.988,6.306,0.9737,3.3905,0.6797,11.0,1.0,0.4737,-6.425,0.785,25.948,0.7673,0.2562,0.0,STRATA_SYN_STRUCTURAL_MONOTONIC_00461,STRUCTURAL_MONOTONIC,False,none
17.0,122.29,7.64,0.26,40.93,0.0,0.1696,0.0418,0.117,0.1663,0.0312,3.424,0.3063,3.5341,11.9333,3.485,4.1773,9.5997,0.8044,9.0,10.0,0.5,1.1107,3.5323,146.2461,3.4659,-0.1289,0.8928,STRATA_SYN_LOW_QUALITY_00255,LOW_QUALITY,False,none
10.0,80.67,8.96,0.2,35.52,0.0,0.8091,0.0794,0.657,0.8401,0.056,1.997,3.7795,2.9317,8.9732,4.493,4.5659,8.548,0.9526,8.0,2.0,0.5556,20.823,2.5375,302.9304,2.4495,-0.4775,0.1534,STRATA_SYN_TEMPORALLY_INCONSISTENT_00220,TEMPORALLY_INCONSISTENT,False,none
11.0,189.77,18.98,0.29,25.16,0.0,0.7565,0.0375,0.7036,0.8067,0.0652,1.744,0.0281,2.0497,6.8885,3.95,1.597,3.6629,0.5317,5.0,1.0,0.5,-10.105,1.2025,-19.9246,1.1787,0.4089,0.0,STRATA_SYN_STRUCTURAL_MONOTONIC_00111,STRUCTURAL_MONOTONIC,False,none
10.0,186.64,20.74,0.15,32.0,0.0,0.7658,0.0526,0.6818,0.7681,0.0407,2.705,-0.2181,1.9883,7.1001,2.625,2.3222,4.9379,0.6955,6.0,6.0,0.5556,-4.8104,1.8268,-101.5957,1.3861,-0.1082,0.343,STRATA_SYN_STRUCTURAL_ACCELERATING_00445,STRUCTURAL_ACCELERATING,False,none
15.0,87.25,6.23,0.28,26.75,0.0,0.7954,0.0775,0.6536,0.8441,0.0629,1.033,-0.8812,3.7485,15.7181,15.216,2.776,15.0814,0.9595,11.0,7.0,0.5,-20.0059,3.4467,-302.7509,3.3668,0.0009,0.8577,STRATA_SYN_ATMOSPHERIC_TRANSIENT_00242,ATMOSPHERIC_TRANSIENT,False,none
13.0,85.38,7.11,0.3,41.74,0.0,0.8186,0.1032,0.661,0.8039,0.0715,1.847,-0.0991,1.3617,4.4649,2.417,1.4062,4.4649,1.0,5.0,4.0,0.6667,1.2408,1.3587,-279.5368,1.1887,0.0475,0.4807,STRATA_SYN_STABLE_00152,STABLE,False,none
15.0,260.0,18.57,0.25,37.15,0.0,0.7881,0.0928,0.6522,0.8345,0.076,2.186,-0.7522,2.3962,9.214,4.215,2.4372,5.4547,0.592,8.0,8.0,0.5714,-4.7352,2.1594,-47.0399,1.9105,0.2348,0.8653,STRATA_SYN_STRUCTURAL_MONOTONIC_00374,STRUCTURAL_MONOTONIC,True,noise_reversal_edge
13.0,76.0,6.33,0.33,43.58,0.0,0.8032,0.0783,0.6897,0.8315,0.0737,3.0,-0.7681,1.5227,5.0577,1.686,1.3139,4.014,0.7936,5.0,2.0,0.6667,-0.4686,1.5224,-531.9152,1.1559,0.3771,0.4051,STRATA_SYN_STABLE_00004,STABLE,True,elevated_noise_stable
24.0,419.3,18.23,0.26,29.43,0.0,0.8166,0.0857,0.6598,0.8151,0.0728,2.313,-0.2489,5.7379,20.898,9.035,3.8542,12.1392,0.5809,8.0,4.0,0.5652,-3.4227,5.6143,-25.2602,5.4506,0.6633,0.3571,STRATA_SYN_SEASONAL_ENVIRONMENTAL_00124,SEASONAL_ENVIRONMENTAL,False,none
10.0,105.94,11.77,0.3,38.13,0.0,0.7998,0.0716,0.6925,0.8308,0.071,1.576,-3.3106,6.0121,17.7049,11.234,2.4323,5.0439,0.2849,2.0,1.0,0.8889,-62.0834,1.7902,326.4287,1.2991,0.7092,0.0,STRATA_SYN_SEASONAL_ENVIRONMENTAL_00095,SEASONAL_ENVIRONMENTAL,False,none
13.0,113.21,9.43,0.29,42.91,0.0,0.8049,0.0803,0.6726,0.7989,0.0418,1.025,-6.5875,7.0457,24.7675,24.163,2.3518,6.4635,0.261,3.0,1.0,0.8333,-70.5492,1.6422,217.1486,1.374,0.719,0.0,STRATA_SYN_SEASONAL_ENVIRONMENTAL_00009,SEASONAL_ENVIRONMENTAL,True,strong_seasonal_amplitude
13.0,166.67,13.89,0.32,28.69,0.0,0.8184,0.0562,0.7021,0.8482,0.0691,0.628,-0.0436,0.5923,2.144,3.414,0.4606,0.9702,0.4525,4.0,5.0,0.6667,-2.8665,0.4307,-23.7445,0.3742,0.3806,0.0,STRATA_SYN_STABLE_00013,STABLE,False,none
8.0,93.5,13.36,0.22,31.49,0.0,0.7572,0.1114,0.6574,0.8057,0.0651,2.216,-1.4873,1.2238,4.0017,1.806,1.3025,2.5852,0.646,4.0,2.0,0.7143,9.7077,0.9163,-172.843,0.7467,0.1407,0.2723,STRATA_SYN_STRUCTURAL_ACCELERATING_00034,STRUCTURAL_ACCELERATING,False,none
10.0,100.19,11.13,0.28,39.2,0.0,0.7984,0.083,0.6803,0.8254,0.07,1.955,-0.8297,3.4735,10.6672,5.456,2.9231,7.6827,0.7202,5.0,3.0,0.5556,-28.3139,2.4241,195.4498,2.3332,0.4529,0.5189,STRATA_SYN_SEASONAL_ENVIRONMENTAL_00051,SEASONAL_ENVIRONMENTAL,False,none
20.0,274.61,14.45,0.32,29.4,0.0,0.1685,0.0405,0.1055,0.1613,0.0459,4.562,-0.1549,4.7716,16.4215,3.6,6.0854,16.1621,0.9842,12.0,11.0,0.6316,-6.1988,4.5578,-35.1376,4.4838,-0.1234,0.6872,STRATA_SYN_LOW_QUALITY_00069,LOW_QUALITY,False,none
8.0,147.61,21.09,0.27,35.65,0.0,0.8113,0.1055,0.6742,0.8241,0.0763,1.711,-0.3544,1.2783,4.0803,2.385,1.4844,3.5812,0.8777,2.0,3.0,0.8571,-4.2654,1.1475,-24.1769,1.1326,-0.0298,0.2088,STRATA_SYN_STRUCTURAL_MONOTONIC_00264,STRUCTURAL_MONOTONIC,False,none
9.0,51.99,6.5,0.3,44.33,0.0,0.7561,0.0929,0.6633,0.8326,0.0742,1.962,4.1504,3.9297,11.888,6.059,5.214,11.888,1.0,7.0,2.0,0.5,32.3916,3.637,-2269.8712,2.9707,-0.1923,0.6659,STRATA_SYN_TEMPORALLY_INCONSISTENT_00072,TEMPORALLY_INCONSISTENT,False,none
18.0,191.29,11.25,0.33,41.93,0.0,0.8095,0.1062,0.6507,0.8346,0.0686,1.743,1.0855,3.8324,15.1988,8.72,3.9562,13.6238,0.8964,11.0,9.0,0.5294,-8.6269,3.5757,29.0303,3.5605,-0.0278,0.6969,STRATA_SYN_ATMOSPHERIC_TRANSIENT_00226,ATMOSPHERIC_TRANSIENT,False,none
13.0,283.62,23.63,0.3,38.44,0.0,0.8159,0.0921,0.6505,0.8298,0.078,1.726,-1.0897,4.0071,15.9342,9.232,4.6039,15.9342,1.0,8.0,9.0,0.5833,-3.2628,3.9283,40.5844,3.784,-0.196,0.9012,STRATA_SYN_ATMOSPHERIC_TRANSIENT_00210,ATMOSPHERIC_TRANSIENT,False,none
20.0,216.1,11.37,0.31,28.59,0.0,0.168,0.0321,0.1156,0.1663,0.0393,4.72,0.8268,4.8139,19.2871,4.086,5.5401,16.7147,0.8666,10.0,11.0,0.6316,-2.2911,4.7964,-49.2729,4.7441,-0.2202,0.6488,STRATA_SYN_LOW_QUALITY_00426,LOW_QUALITY,False,none
24.0,427.17,18.57,0.23,32.28,0.0,0.7958,0.0947,0.6597,0.8248,0.0864,2.226,1.1176,5.3654,17.1385,7.699,2.8221,10.0116,0.5842,8.0,4.0,0.4783,-4.1415,5.1638,-5.3753,5.1552,0.7724,0.4194,STRATA_SYN_SEASONAL_ENVIRONMENTAL_00170,SEASONAL_ENVIRONMENTAL,False,none
17.0,204.71,12.79,0.31,34.46,0.0,0.8297,0.07,0.7014,0.8199,0.0696,0.599,0.6153,0.7475,3.3099,5.526,0.8462,1.9167,0.5791,9.0,6.0,0.5625,2.434,0.6195,15.2662,0.5864,0.1646,0.7394,STRATA_SYN_STRUCTURAL_ACCELERATING_00168,STRUCTURAL_ACCELERATING,False,none
12.0,249.64,22.69,0.31,31.21,0.0,0.7877,0.0952,0.6562,0.8328,0.0709,0.611,-0.7741,2.5515,9.9378,16.265,2.1038,9.4827,0.9542,9.0,6.0,0.5455,-1.2931,2.5365,39.2524,2.4074,-0.0686,0.9503,STRATA_SYN_ATMOSPHERIC_TRANSIENT_00180,ATMOSPHERIC_TRANSIENT,False,none
15.0,220.64,15.76,0.34,41.6,0.0,0.7974,0.078,0.6726,0.8135,0.0851,2.084,2.9711,3.925,15.6146,7.493,5.8633,12.3804,0.7929,13.0,4.0,0.5,0.655,3.9231,-82.2402,3.7124,-0.4488,0.689,STRATA_SYN_TEMPORALLY_INCONSISTENT_00104,TEMPORALLY_INCONSISTENT,False,none
14.0,111.33,8.56,0.3,26.07,0.0,0.8042,0.0792,0.6746,0.8308,0.074,2.175,0.1441,2.9565,11.3685,5.227,3.0745,7.1031,0.6248,8.0,7.0,0.5385,-12.9985,2.6909,-421.3972,2.1064,0.1305,0.5197,STRATA_SYN_STRUCTURAL_MONOTONIC_00190,STRUCTURAL_MONOTONIC,False,none
12.0,205.67,18.7,0.33,40.67,0.0,0.1752,0.0375,0.1203,0.1765,0.0453,2.671,-0.0421,2.052,6.2333,2.334,1.9485,5.5812,0.8954,4.0,4.0,0.4545,6.757,1.6698,-19.8087,1.6472,0.2694,0.6325,STRATA_SYN_LOW_QUALITY_00434,LOW_QUALITY,False,none
8.0,43.55,6.22,0.17,31.74,0.0,0.8152,0.0608,0.7285,0.8001,0.0723,1.238,1.0067,0.8701,2.39,1.931,0.926,1.6725,0.6998,3.0,2.0,0.5714,0.0415,0.8701,1039.2189,0.5317,0.1573,0.5578,STRATA_SYN_STABLE_00035,STABLE,False,none
11.0,66.39,6.64,0.31,35.9,0.0,0.7806,0.0925,0.6505,0.809,0.0803,1.098,-2.8879,0.8508,2.8353,2.582,1.1974,1.9461,0.6864,7.0,0.0,0.5,-5.8047,0.7824,47.4567,0.7794,-0.1644,0.0,STRATA_SYN_SEASONAL_ENVIRONMENTAL_00483,SEASONAL_ENVIRONMENTAL,False,none
6.0,105.0,21.0,0.34,36.53,0.0,0.1518,0.0481,0.1005,0.2001,0.0411,3.136,1.3599,3.958,10.8789,3.469,5.2567,8.5517,0.7861,2.0,3.0,0.6,8.5345,3.8677,-5.7016,3.8676,0.0023,0.584,STRATA_SYN_LOW_QUALITY_00066,LOW_QUALITY,False,none
9.0,67.77,8.47,0.27,43.01,0.0,0.7688,0.0833,0.6734,0.8044,0.067,2.759,1.2568,3.4732,11.4231,4.14,4.1402,11.182,0.9789,5.0,3.0,0.5,-27.537,3.0563,-683.0324,2.8596,-0.2374,0.449,STRATA_SYN_STABLE_00252,STABLE,False,none
16.0,312.49,20.83,0.27,43.48,0.0,0.7799,0.0758,0.6508,0.8212,0.0777,2.336,3.4821,4.0894,15.7946,6.761,6.2556,12.8058,0.8108,14.0,6.0,0.5333,6.5797,3.7063,4.3522,3.7039,-0.4304,0.5032,STRATA_SYN_TEMPORALLY_INCONSISTENT_00276,TEMPORALLY_INCONSISTENT,False,none
22.0,330.58,15.74,0.26,25.26,0.0,0.7934,0.099,0.6558,0.8385,0.062,0.693,0.4812,2.3141,7.3873,10.66,0.9171,2.4425,0.3306,5.0,2.0,0.4286,-1.9949,2.2489,43.7855,1.7126,0.8272,0.1715,STRATA_SYN_SEASONAL_ENVIRONMENTAL_00312,SEASONAL_ENVIRONMENTAL,False,none
15.0,219.28,15.66,0.28,34.73,0.0,0.1867,0.033,0.13,0.1665,0.0461,3.979,-0.1422,4.2092,15.2839,3.841,5.8681,12.0908,0.7911,8.0,9.0,0.5,5.0811,4.1024,31.0521,4.075,-0.2676,0.5753,STRATA_SYN_LOW_QUALITY_00097,LOW_QUALITY,False,none
16.0,154.66,10.31,0.26,43.16,0.0,0.8013,0.0942,0.6562,0.829,0.0686,1.821,0.2684,2.0237,8.0236,4.406,2.5158,4.597,0.5729,9.0,6.0,0.5333,5.7974,1.8772,45.5109,1.8457,-0.0042,0.8946,STRATA_SYN_STRUCTURAL_MONOTONIC_00253,STRUCTURAL_MONOTONIC,False,none
17.0,322.19,20.14,0.26,26.75,0.0,0.7999,0.0876,0.666,0.8321,0.0752,0.826,0.6005,1.9767,7.6181,9.223,2.2928,5.8184,0.7638,10.0,8.0,0.5625,1.1748,1.9511,1.1763,1.9507,-0.0178,0.9204,STRATA_SYN_ATMOSPHERIC_TRANSIENT_00140,ATMOSPHERIC_TRANSIENT,False,none
18.0,378.09,22.24,0.3,41.72,0.0,0.8003,0.0825,0.6621,0.8135,0.0561,2.691,-2.7687,3.0873,12.9651,4.818,2.6714,5.7293,0.4419,9.0,4.0,0.5882,-6.5825,2.2848,-15.1591,2.1832,0.3658,0.2316,STRATA_SYN_STRUCTURAL_ACCELERATING_00313,STRUCTURAL_ACCELERATING,False,none
6.0,40.17,8.03,0.22,41.92,0.0,0.7741,0.0929,0.6762,0.813,0.0703,1.455,-0.9414,1.2975,3.5927,2.469,1.3198,3.5927,1.0,1.0,2.0,0.6,-8.9133,1.2539,-1474.5095,0.8807,0.0434,0.8368,STRATA_SYN_STRUCTURAL_ACCELERATING_00056,STRUCTURAL_ACCELERATING,True,short_sequence
20.0,363.08,19.11,0.31,33.45,0.0,0.7792,0.0892,0.6573,0.8451,0.071,1.556,-1.5206,1.521,5.872,3.774,1.274,2.3681,0.4033,12.0,4.0,0.6316,-3.1793,1.1823,-7.5836,1.1416,0.546,0.3875,STRATA_SYN_STRUCTURAL_ACCELERATING_00241,STRUCTURAL_ACCELERATING,False,none
18.0,195.35,11.49,0.27,26.64,0.0,0.8138,0.0914,0.669,0.8419,0.0721,1.064,-0.3313,3.1913,11.3908,10.706,1.263,3.0413,0.267,9.0,2.0,0.5882,14.7607,2.0923,148.8747,1.1208,0.788,0.1697,STRATA_SYN_SEASONAL_ENVIRONMENTAL_00484,SEASONAL_ENVIRONMENTAL,False,none
15.0,283.9,20.28,0.29,29.01,0.0,0.7593,0.0762,0.6507,0.8332,0.0869,2.025,1.3974,4.6403,16.9215,8.356,5.3114,16.0806,0.9503,10.0,9.0,0.5,5.3035,4.4631,-3.8998,4.462,-0.1505,0.6947,STRATA_SYN_ATMOSPHERIC_TRANSIENT_00161,ATMOSPHERIC_TRANSIENT,False,none
12.0,110.93,10.08,0.28,26.89,0.0,0.1519,0.041,0.1032,0.1897,0.051,4.473,0.9374,4.0445,12.7894,2.859,4.92,10.0544,0.7862,7.0,4.0,0.6364,5.5376,4.0095,609.1218,3.1729,-0.0971,0.6729,STRATA_SYN_LOW_QUALITY_00321,LOW_QUALITY,False,none
16.0,329.24,21.95,0.25,33.07,0.0,0.1782,0.0391,0.1179,0.173,0.0453,4.307,0.3584,3.7811,13.0081,3.02,3.9141,10.9771,0.8439,10.0,6.0,0.6667,6.0036,3.3971,30.0172,3.2391,0.1024,0.7253,STRATA_SYN_LOW_QUALITY_00453,LOW_QUALITY,False,none
12.0,252.17,22.92,0.22,30.22,0.0,0.8343,0.0837,0.6749,0.8286,0.0686,2.847,0.163,6.2787,17.7138,6.222,4.1468,9.0637,0.5117,5.0,2.0,0.5455,-4.0654,6.2167,276.0387,2.4012,0.5053,0.4551,STRATA_SYN_SEASONAL_ENVIRONMENTAL_00471,SEASONAL_ENVIRONMENTAL,True,seasonal_with_high_noise
17.0,212.46,13.28,0.26,26.84,0.0,0.8389,0.077,0.6917,0.84,0.0798,2.427,1.3623,4.1907,19.1502,7.89,3.8408,14.8596,0.776,9.0,6.0,0.5625,-8.295,3.9211,-66.6551,3.8062,0.0692,0.9067,STRATA_SYN_ATMOSPHERIC_TRANSIENT_00278,ATMOSPHERIC_TRANSIENT,False,none
10.0,59.5,6.61,0.21,42.04,0.0,0.757,0.0896,0.672,0.8132,0.0681,2.163,0.4352,1.6878,5.7302,2.649,2.3321,5.195,0.9066,5.0,6.0,0.5556,-8.3125,1.6317,586.1893,1.4738,-0.3603,0.6743,STRATA_SYN_STABLE_00256,STABLE,False,none
20.0,244.27,12.86,0.29,40.03,0.0,0.8152,0.0929,0.6594,0.8348,0.0601,2.356,-0.2728,2.6478,12.3062,5.223,2.9249,7.1711,0.5827,11.0,10.0,0.5263,1.7341,2.6243,18.4166,2.6023,0.0761,0.93,STRATA_SYN_ATMOSPHERIC_TRANSIENT_00236,ATMOSPHERIC_TRANSIENT,False,none
13.0,241.29,20.11,0.27,43.66,0.0,0.8349,0.0831,0.7022,0.8396,0.0763,1.266,0.9852,3.0083,12.349,9.754,2.655,11.7254,0.9495,6.0,4.0,0.5833,-0.0799,3.0082,-16.9156,2.9914,-0.0877,0.8879,STRATA_SYN_ATMOSPHERIC_TRANSIENT_00300,ATMOSPHERIC_TRANSIENT,False,none
12.0,163.55,14.87,0.25,40.16,0.0,0.7721,0.0881,0.6628,0.8031,0.0644,2.368,-1.5171,3.0232,9.4322,3.983,3.3474,9.4291,0.9997,7.0,8.0,0.5455,6.8433,2.8651,-146.4152,2.564,0.0289,0.9539,STRATA_SYN_ATMOSPHERIC_TRANSIENT_00389,ATMOSPHERIC_TRANSIENT,False,none
18.0,397.62,23.39,0.28,29.54,0.0,0.815,0.0804,0.6607,0.8418,0.0675,0.662,-0.6419,2.3566,9.1293,13.79,2.2228,8.734,0.9567,9.0,8.0,0.4706,2.2872,2.2307,-4.6488,2.219,-0.105,0.9573,STRATA_SYN_ATMOSPHERIC_TRANSIENT_00227,ATMOSPHERIC_TRANSIENT,False,none
10.0,194.68,21.63,0.22,38.25,0.0,0.7665,0.0564,0.6825,0.836,0.0752,0.673,-0.9491,3.3409,10.1942,15.147,2.1448,3.4262,0.3361,3.0,2.0,0.6667,-6.2493,3.1671,238.7478,0.8875,0.5776,0.5224,STRATA_SYN_SEASONAL_ENVIRONMENTAL_00204,SEASONAL_ENVIRONMENTAL,False,none
12.0,263.31,23.94,0.33,43.16,0.0,0.8003,0.0867,0.6973,0.7895,0.0726,1.75,-0.3054,1.398,5.8141,3.322,1.7484,4.4176,0.7598,8.0,6.0,0.5455,2.0306,1.32,21.2739,1.2291,-0.1064,0.9825,STRATA_SYN_STABLE_00359,STABLE,False,none
11.0,184.85,18.49,0.29,36.28,0.0,0.8581,0.0753,0.6563,0.8103,0.0844,2.329,-1.6036,1.2373,4.2114,1.808,1.7529,2.7579,0.6549,6.0,4.0,0.5,-0.472,1.235,13.0207,1.2262,-0.0423,0.817,STRATA_SYN_STRUCTURAL_ACCELERATING_00252,STRUCTURAL_ACCELERATING,False,none
15.0,246.07,17.58,0.31,43.85,0.0,0.7638,0.0803,0.6588,0.7839,0.0627,0.762,-1.9829,1.3546,4.3239,5.674,0.9593,2.7998,0.6475,9.0,1.0,0.5714,-5.4951,0.7315,16.5981,0.6588,0.5125,0.0,STRATA_SYN_STRUCTURAL_MONOTONIC_00274,STRUCTURAL_MONOTONIC,False,none
14.0,283.5,21.81,0.29,33.71,0.0,0.8345,0.085,0.6731,0.7949,0.0805,1.653,-2.1143,2.3585,7.2945,4.413,1.5987,5.0847,0.6971,7.0,3.0,0.5385,-8.1916,1.2897,5.1071,1.283,0.4966,0.175,STRATA_SYN_STRUCTURAL_ACCELERATING_00141,STRUCTURAL_ACCELERATING,False,none
16.0,177.43,11.83,0.35,35.98,0.0,0.8182,0.0914,0.6801,0.8233,0.0553,1.976,0.295,8.5584,25.42,12.864,3.2782,7.3426,0.2889,2.0,2.0,0.6,5.1294,8.5237,799.2271,3.0831,0.8095,0.299,STRATA_SYN_SEASONAL_ENVIRONMENTAL_00413,SEASONAL_ENVIRONMENTAL,False,none
18.0,281.18,16.54,0.21,34.18,0.0,0.8014,0.0981,0.6513,0.808,0.0733,1.918,-0.5648,1.7719,6.0522,3.155,2.0868,5.6272,0.9298,9.0,8.0,0.5294,-2.7199,1.6522,18.0497,1.5916,-0.0933,0.7088,STRATA_SYN_STRUCTURAL_ACCELERATING_00368,STRUCTURAL_ACCELERATING,False,none
18.0,195.3,11.49,0.25,32.29,0.0,0.8108,0.0775,0.6538,0.7971,0.0606,1.02,-2.6983,1.5493,5.424,5.318,1.036,2.475,0.4563,8.0,1.0,0.4706,-7.993,0.8394,7.9484,0.8341,0.4813,0.0,STRATA_SYN_STRUCTURAL_MONOTONIC_00318,STRUCTURAL_MONOTONIC,False,none
11.0,137.74,13.77,0.37,33.75,0.0,0.8371,0.0861,0.6797,0.8342,0.066,1.177,0.57,3.1708,11.8367,10.057,4.48,8.4812,0.7165,9.0,8.0,0.5,-12.7956,2.7789,-121.5028,2.6712,-0.2601,0.7165,STRATA_SYN_TEMPORALLY_INCONSISTENT_00053,TEMPORALLY_INCONSISTENT,False,none
9.0,80.37,10.05,0.29,37.47,0.0,0.1744,0.035,0.1308,0.1686,0.0255,2.96,-0.7165,1.2732,3.7372,1.263,1.9184,3.4296,0.9177,6.0,6.0,0.5,9.0027,1.1028,-107.4048,1.0768,-0.3463,0.6451,STRATA_SYN_LOW_QUALITY_00187,LOW_QUALITY,False,none
6.0,80.67,16.13,0.24,25.34,0.0,0.7602,0.072,0.6788,0.8359,0.0626,2.161,-0.9042,1.4985,3.6964,1.711,2.2923,3.6964,1.0,3.0,4.0,0.6,-3.1222,1.4798,-230.7302,1.3696,-0.4454,0.4933,STRATA_SYN_STABLE_00261,STABLE,True,short_sequence
15.0,216.96,15.5,0.24,33.76,0.0,0.8115,0.0857,0.6653,0.8306,0.0756,1.321,-3.7244,2.7977,9.8471,7.454,1.4643,3.7941,0.3853,9.0,2.0,0.5,-13.8548,1.1731,-33.9503,1.0578,0.5967,0.0311,STRATA_SYN_STRUCTURAL_MONOTONIC_00477,STRUCTURAL_MONOTONIC,False,none
12.0,187.69,17.06,0.24,38.24,0.0,0.8073,0.0849,0.6551,0.8339,0.08,1.349,0.546,1.2449,4.3689,3.239,1.4548,3.1652,0.7245,6.0,7.0,0.5455,-1.7098,1.2141,9.7718,1.2089,0.031,0.3374,STRATA_SYN_STRUCTURAL_MONOTONIC_00249,STRUCTURAL_MONOTONIC,True,weak_structural_near_noise
16.0,357.72,23.85,0.3,33.01,0.0,0.8199,0.0804,0.7067,0.8405,0.0566,0.78,-0.4926,4.95,14.6629,18.799,3.0636,5.8791,0.401,3.0,3.0,0.6,3.9967,4.8011,-24.9916,4.6946,0.7079,0.1525,STRATA_SYN_SEASONAL_ENVIRONMENTAL_00320,SEASONAL_ENVIRONMENTAL,False,none
10.0,199.07,22.12,0.25,27.69,0.0,0.808,0.108,0.6665,0.8546,0.06,1.788,0.8616,4.0875,14.4662,8.091,3.7245,13.3562,0.9233,5.0,3.0,0.5556,-2.148,4.0704,-32.5854,4.0472,0.0619,0.7489,STRATA_SYN_ATMOSPHERIC_TRANSIENT_00164,ATMOSPHERIC_TRANSIENT,False,none
6.0,84.89,16.98,0.19,28.33,0.0,0.8442,0.0659,0.7278,0.821,0.069,1.392,2.437,3.7297,10.0086,7.19,6.6449,10.0086,1.0,4.0,3.0,0.6,15.0609,3.5333,274.2798,3.4549,-0.6739,0.2408,STRATA_SYN_TEMPORALLY_INCONSISTENT_00248,TEMPORALLY_INCONSISTENT,False,none
18.0,238.44,14.03,0.28,28.02,0.0,0.7807,0.0737,0.6711,0.803,0.0714,2.814,0.0138,2.1431,9.6046,3.413,2.4278,7.6575,0.7973,9.0,8.0,0.5882,1.4192,2.1244,-34.5543,2.035,-0.0752,0.9647,STRATA_SYN_STRUCTURAL_ACCELERATING_00154,STRUCTURAL_ACCELERATING,True,accelerating_subtle_onset
13.0,282.68,23.56,0.26,31.52,0.0,0.7918,0.0673,0.6889,0.8303,0.0767,0.503,-0.8294,0.699,2.3731,4.718,0.4883,1.395,0.5878,6.0,1.0,0.4167,-2.1214,0.4752,-7.2733,0.4365,0.4553,0.0,STRATA_SYN_STRUCTURAL_MONOTONIC_00310,STRUCTURAL_MONOTONIC,False,none
15.0,88.71,6.34,0.24,39.88,0.0,0.7951,0.0961,0.6666,0.8066,0.0745,0.656,-0.4524,0.6162,2.0724,3.159,0.8041,1.7603,0.8494,7.0,6.0,0.5714,-0.8086,0.6133,-100.3699,0.5601,-0.1707,0.905,STRATA_SYN_STRUCTURAL_ACCELERATING_00143,STRUCTURAL_ACCELERATING,False,none
16.0,97.17,6.48,0.3,33.48,0.0,0.8002,0.0612,0.6553,0.8007,0.0782,2.705,1.1155,2.9917,12.1004,4.473,3.1986,6.7654,0.5591,9.0,5.0,0.6,-24.827,2.2204,105.8027,2.1979,0.2356,0.6998,STRATA_SYN_TEMPORALLY_INCONSISTENT_00152,TEMPORALLY_INCONSISTENT,False,none
6.0,91.37,18.27,0.25,33.56,0.0,0.1864,0.0147,0.1673,0.1683,0.043,4.33,2.0945,1.9065,5.563,1.285,3.7153,4.9676,0.893,4.0,2.0,0.6,-2.4771,1.8946,19.3809,1.8937,-0.6964,0.6525,STRATA_SYN_LOW_QUALITY_00113,LOW_QUALITY,False,none
13.0,78.8,6.57,0.3,43.57,0.0,0.1618,0.033,0.1111,0.1816,0.0374,4.307,-0.8717,2.7795,9.5653,2.221,3.7103,9.5073,0.9939,10.0,7.0,0.5,13.2875,2.6293,-307.861,2.5553,-0.2815,0.4875,STRATA_SYN_LOW_QUALITY_00296,LOW_QUALITY,False,none
12.0,72.05,6.55,0.24,41.43,0.0,0.8603,0.0876,0.6618,0.8069,0.0627,0.526,-0.1821,0.5565,1.8745,3.564,0.7255,1.3963,0.7449,7.0,6.0,0.6364,-1.4437,0.5492,-59.8991,0.5397,-0.2117,0.5688,STRATA_SYN_STRUCTURAL_ACCELERATING_00444,STRUCTURAL_ACCELERATING,False,none
6.0,63.15,12.63,0.26,44.55,0.0,0.7454,0.0833,0.6679,0.7923,0.0707,1.447,-0.6204,1.458,4.6403,3.207,1.8865,4.6403,1.0,2.0,2.0,0.8,7.7039,1.3848,134.4662,1.3703,-0.1147,0.9672,STRATA_SYN_STABLE_00264,STABLE,True,short_sequence
10.0,57.82,6.42,0.34,40.02,0.0,0.1624,0.0234,0.1233,0.1588,0.0324,2.974,0.1015,2.478,7.0013,2.354,3.0379,7.0013,1.0,6.0,4.0,0.5556,2.9338,2.4736,36.2029,2.4733,-0.2229,0.5075,STRATA_SYN_LOW_QUALITY_00143,LOW_QUALITY,False,none
8.0,150.85,21.55,0.26,42.59,0.0,0.156,0.04,0.1008,0.1828,0.0411,4.517,-0.1282,2.0661,6.8793,1.523,2.7804,6.8793,1.0,5.0,5.0,0.5714,0.6669,2.0641,-18.4967,2.0588,-0.5013,0.7169,STRATA_SYN_LOW_QUALITY_00104,LOW_QUALITY,False,none
10.0,128.07,14.23,0.18,25.03,0.0,0.7852,0.097,0.672,0.8348,0.0608,2.692,-0.7288,3.1708,11.2153,4.166,2.5592,6.9957,0.6238,4.0,2.0,0.5556,18.4751,2.4064,-167.5404,2.222,0.5206,0.5651,STRATA_SYN_SEASONAL_ENVIRONMENTAL_00490,SEASONAL_ENVIRONMENTAL,False,none
11.0,199.34,19.93,0.36,36.45,0.0,0.7924,0.0668,0.6654,0.8295,0.0809,1.686,0.4965,4.2914,16.136,9.571,3.658,12.5186,0.7758,4.0,3.0,0.5,4.9628,4.2049,-106.8204,3.9643,0.214,0.672,STRATA_SYN_ATMOSPHERIC_TRANSIENT_00435,ATMOSPHERIC_TRANSIENT,False,none
12.0,78.12,7.1,0.23,27.79,0.0,0.7987,0.0765,0.6504,0.798,0.0609,2.103,0.9735,1.8562,5.3171,2.528,2.674,4.7582,0.8949,9.0,6.0,0.5455,-5.863,1.8142,-431.7737,1.5969,-0.399,0.7895,STRATA_SYN_STRUCTURAL_ACCELERATING_00389,STRUCTURAL_ACCELERATING,False,none
14.0,303.02,23.31,0.23,41.33,0.0,0.8145,0.091,0.6564,0.8262,0.0675,2.824,1.4477,3.7288,13.2892,4.706,3.972,11.032,0.8301,6.0,5.0,0.6154,-2.1068,3.6894,-3.2766,3.6881,0.1241,0.479,STRATA_SYN_ATMOSPHERIC_TRANSIENT_00212,ATMOSPHERIC_TRANSIENT,False,none
11.0,114.76,11.48,0.3,34.46,0.0,0.7604,0.0957,0.6564,0.8399,0.0718,2.484,-0.79,2.2902,7.2517,2.919,2.0675,5.8848,0.8115,7.0,4.0,0.6,4.2369,2.2514,-431.0697,1.2434,0.1556,0.9537,STRATA_SYN_STRUCTURAL_ACCELERATING_00335,STRUCTURAL_ACCELERATING,False,none
8.0,161.51,23.07,0.18,28.53,0.0,0.768,0.0698,0.6566,0.8561,0.0696,1.564,3.2287,3.1811,10.7904,6.899,2.7982,6.7461,0.6252,3.0,1.0,0.4286,-14.3688,2.408,-195.3626,1.6148,0.2573,0.0,STRATA_SYN_SEASONAL_ENVIRONMENTAL_00145,SEASONAL_ENVIRONMENTAL,True,short_seasonal_sequence
12.0,102.06,9.28,0.27,25.27,0.0,0.8366,0.0796,0.6913,0.8667,0.0672,2.744,0.1648,2.4963,7.8104,2.846,1.8664,4.6125,0.5906,5.0,2.0,0.5455,0.2875,2.4961,593.1597,1.4612,0.577,0.4422,STRATA_SYN_STABLE_00241,STABLE,False,none
19.0,186.27,10.35,0.32,37.29,0.0,0.8099,0.0855,0.6825,0.8398,0.071,2.718,0.4351,6.5136,23.8211,8.764,5.0857,10.4401,0.4383,12.0,4.0,0.5556,8.6536,6.3744,440.3085,4.2955,0.5687,0.5486,STRATA_SYN_SEASONAL_ENVIRONMENTAL_00361,SEASONAL_ENVIRONMENTAL,False,none
15.0,219.29,15.66,0.22,41.94,0.0,0.8052,0.0823,0.6658,0.8891,0.0401,2.95,1.3803,2.4985,9.2464,3.134,2.6243,5.0845,0.5499,7.0,4.0,0.5,-2.5278,2.4543,29.6496,2.4121,0.2752,0.6283,STRATA_SYN_STABLE_00150,STABLE,False,none
11.0,63.55,6.35,0.32,31.85,0.0,0.7983,0.0815,0.6907,0.8282,0.0788,2.741,0.3214,3.1977,10.9916,4.01,4.8541,8.5502,0.7779,8.0,9.0,0.6,-12.6267,3.1201,1113.0285,2.7445,-0.4901,0.3808,STRATA_SYN_STRUCTURAL_MONOTONIC_00024,STRUCTURAL_MONOTONIC,False,none
19.0,353.42,19.63,0.28,40.3,0.0,0.7741,0.0806,0.6509,0.8163,0.0667,1.232,-0.8971,3.8528,14.7019,11.933,5.5245,10.1118,0.6878,17.0,11.0,0.5,-7.8254,3.0841,-11.1558,3.0537,-0.2484,0.3448,STRATA_SYN_TEMPORALLY_INCONSISTENT_00058,TEMPORALLY_INCONSISTENT,False,none
8.0,48.75,6.96,0.3,29.99,0.0,0.8201,0.0898,0.6736,0.8198,0.0602,1.198,5.6837,3.2977,8.8311,7.372,5.594,8.0997,0.9172,6.0,0.0,0.5714,24.803,3.1182,-163.9227,3.1152,-0.6068,0.0,STRATA_SYN_TEMPORALLY_INCONSISTENT_00265,TEMPORALLY_INCONSISTENT,False,none
12.0,124.29,11.3,0.33,25.79,0.0,0.7893,0.0999,0.6638,0.8194,0.0715,1.741,0.2215,1.6257,5.2246,3.001,2.1608,4.7904,0.9169,6.0,7.0,0.5455,4.2765,1.5598,-14.7303,1.558,-0.3645,0.547,STRATA_SYN_STABLE_00064,STABLE,False,none
11.0,67.92,6.79,0.33,43.32,0.0,0.7695,0.0609,0.6773,0.7727,0.0617,1.499,-0.8992,1.986,7.3302,4.89,2.2362,7.3019,0.9961,5.0,4.0,0.5,16.5592,1.7281,-285.3579,1.6715,-0.2738,0.652,STRATA_SYN_STABLE_00497,STABLE,False,none
15.0,236.3,16.88,0.31,35.65,0.0,0.1798,0.0415,0.1127,0.1873,0.037,4.326,-0.4281,3.9318,15.5353,3.591,3.1581,7.8134,0.5029,5.0,3.0,0.5,-12.3033,3.0677,36.9137,2.9972,0.4631,0.3018,STRATA_SYN_LOW_QUALITY_00361,LOW_QUALITY,False,none
13.0,222.25,18.52,0.23,43.8,0.0,0.7816,0.0655,0.6716,0.8312,0.0671,2.546,0.4888,2.9987,12.135,4.766,2.9819,9.4457,0.7784,7.0,7.0,0.5,-7.4155,2.6487,-66.778,2.4246,0.0117,0.6486,STRATA_SYN_SEASONAL_ENVIRONMENTAL_00226,SEASONAL_ENVIRONMENTAL,False,none
14.0,227.71,17.52,0.28,35.38,0.0,0.8126,0.0673,0.7057,0.7886,0.0585,2.859,0.232,2.5975,9.1079,3.186,2.9132,5.5383,0.6081,8.0,6.0,0.6154,6.344,2.2903,-17.4898,2.2719,0.2872,0.9283,STRATA_SYN_STRUCTURAL_MONOTONIC_00064,STRUCTURAL_MONOTONIC,False,none
18.0,315.16,18.54,0.3,27.67,0.0,0.8325,0.0735,0.6857,0.8128,0.0756,2.031,0.0599,1.5818,6.8749,3.385,1.8528,5.6128,0.8164,12.0,10.0,0.5294,-0.6243,1.5733,10.3027,1.5408,-0.1874,0.6212,STRATA_SYN_STRUCTURAL_ACCELERATING_00002,STRUCTURAL_ACCELERATING,True,accelerating_moderate_noise
16.0,328.09,21.87,0.2,41.51,0.0,0.8238,0.0773,0.6526,0.7941,0.069,1.213,-0.2817,4.7388,16.2515,13.398,5.8735,9.7631,0.6008,14.0,4.0,0.5333,-9.6903,3.9108,36.6607,3.7086,0.1256,0.72,STRATA_SYN_TEMPORALLY_INCONSISTENT_00380,TEMPORALLY_INCONSISTENT,False,none
7.0,81.67,13.61,0.35,30.6,0.0,0.8581,0.0873,0.6881,0.857,0.068,1.178,-0.5987,1.0722,2.9931,2.541,1.5776,2.7754,0.9273,4.0,4.0,0.5,1.4935,1.0664,-232.4314,0.9065,-0.2774,0.3193,STRATA_SYN_STRUCTURAL_MONOTONIC_00175,STRUCTURAL_MONOTONIC,False,none
20.0,387.12,20.37,0.28,29.37,0.0,0.8025,0.0772,0.6622,0.82,0.0641,1.958,-2.6684,2.7243,12.4185,6.342,2.8316,7.3646,0.593,14.0,5.0,0.4737,-4.5568,2.2973,8.8778,2.2606,0.1887,0.4143,STRATA_SYN_STRUCTURAL_MONOTONIC_00278,STRUCTURAL_MONOTONIC,False,none
14.0,164.37,12.64,0.27,43.84,0.0,0.1524,0.0417,0.1017,0.1833,0.0342,3.425,-0.5746,2.3326,8.3501,2.438,2.8746,5.2065,0.6235,9.0,5.0,0.5385,-8.7688,1.9863,-51.8453,1.9352,0.1013,0.5067,STRATA_SYN_LOW_QUALITY_00291,LOW_QUALITY,False,none
10.0,135.31,15.03,0.35,30.37,0.0,0.8599,0.0565,0.7719,0.8413,0.0744,2.972,-0.9527,2.9053,8.5511,2.877,3.6638,8.3701,0.9788,3.0,5.0,0.5556,2.2666,2.8928,-37.0064,2.8839,-0.1186,0.4813,STRATA_SYN_STABLE_00487,STABLE,False,none
16.0,93.07,6.2,0.28,36.82,0.0,0.1774,0.0369,0.1099,0.1736,0.0416,4.864,-0.0375,5.1769,19.7198,4.054,5.5055,18.2702,0.9265,13.0,5.0,0.5333,-14.9641,5.0433,427.9933,4.9081,0.1534,0.7121,STRATA_SYN_LOW_QUALITY_00394,LOW_QUALITY,False,none
10.0,191.4,21.27,0.22,26.6,0.0,0.7895,0.0783,0.6913,0.8429,0.089,1.209,3.3693,2.9659,10.1591,8.403,5.0455,10.1591,1.0,8.0,2.0,0.5556,5.4165,2.8239,-55.8688,2.7389,-0.5668,0.335,STRATA_SYN_TEMPORALLY_INCONSISTENT_00402,TEMPORALLY_INCONSISTENT,False,none
16.0,332.1,22.14,0.26,43.77,0.0,0.8234,0.0749,0.6988,0.8203,0.0772,2.984,2.9859,3.0366,10.1508,3.402,3.6095,8.9194,0.8787,8.0,5.0,0.4667,-0.1471,3.0363,-43.497,2.6322,-0.0863,0.5795,STRATA_SYN_TEMPORALLY_INCONSISTENT_00109,TEMPORALLY_INCONSISTENT,False,none
13.0,181.67,15.14,0.32,34.03,0.0,0.8083,0.0716,0.658,0.8652,0.0634,0.928,-0.5853,2.149,7.066,7.614,1.1322,2.2504,0.3185,5.0,2.0,0.5,6.4365,1.9023,163.9022,0.7591,0.7063,0.3208,STRATA_SYN_SEASONAL_ENVIRONMENTAL_00316,SEASONAL_ENVIRONMENTAL,False,none
6.0,40.72,8.14,0.21,44.99,0.0,0.8328,0.0776,0.6837,0.8026,0.0946,0.676,-0.1073,0.4675,1.381,2.043,0.4573,0.8844,0.6404,2.0,2.0,0.4,-8.787,0.3258,-304.7073,0.2656,0.3012,0.6018,STRATA_SYN_STRUCTURAL_ACCELERATING_00163,STRUCTURAL_ACCELERATING,True,short_sequence
13.0,179.24,14.94,0.25,34.9,0.0,0.7545,0.0798,0.6562,0.8182,0.0621,1.751,-1.5013,3.9313,16.6962,9.535,3.4733,13.3352,0.7987,6.0,5.0,0.5,-6.6234,3.7986,29.0481,3.7867,0.0008,0.7332,STRATA_SYN_ATMOSPHERIC_TRANSIENT_00219,ATMOSPHERIC_TRANSIENT,False,none
11.0,164.29,16.43,0.24,32.39,0.0,0.7977,0.0865,0.6845,0.821,0.069,0.728,0.4431,2.5573,8.1005,11.127,4.0533,7.2267,0.8921,9.0,8.0,0.5,-8.9917,2.214,-52.3244,2.1641,-0.3106,0.7514,STRATA_SYN_TEMPORALLY_INCONSISTENT_00271,TEMPORALLY_INCONSISTENT,False,none
8.0,145.28,20.75,0.34,26.22,0.0,0.8166,0.0852,0.6741,0.8028,0.0681,2.959,-0.2734,3.2894,12.5974,4.257,3.4983,8.1688,0.6485,3.0,3.0,0.5714,-15.0351,2.6482,122.4417,2.4879,-0.0174,0.512,STRATA_SYN_STRUCTURAL_ACCELERATING_00088,STRUCTURAL_ACCELERATING,False,none
15.0,325.2,23.23,0.34,31.96,0.0,0.7875,0.0965,0.6693,0.8431,0.06,2.044,-0.281,1.9669,7.5718,3.704,1.9535,5.2441,0.6926,7.0,6.0,0.5,-0.7354,1.9565,-28.3646,1.7099,0.1513,0.6953,STRATA_SYN_STABLE_00180,STABLE,False,none
14.0,196.02,15.08,0.32,28.77,0.0,0.7994,0.0886,0.6535,0.816,0.0606,2.829,1.5496,3.2826,12.4636,4.406,4.0885,12.4636,1.0,11.0,8.0,0.5385,7.3995,3.0414,36.0866,3.009,-0.4153,0.4557,STRATA_SYN_TEMPORALLY_INCONSISTENT_00167,TEMPORALLY_INCONSISTENT,False,none
8.0,70.66,10.09,0.3,25.36,0.0,0.1691,0.0398,0.1127,0.1759,0.0563,3.548,-1.0643,2.8754,9.1597,2.582,4.8309,9.1597,1.0,6.0,5.0,0.5714,-1.6378,2.8735,408.8297,2.7836,-0.6058,0.6472,STRATA_SYN_LOW_QUALITY_00090,LOW_QUALITY,False,none
11.0,209.26,20.93,0.23,41.33,0.0,0.8268,0.0714,0.7039,0.8087,0.0835,2.612,-1.2853,3.4416,11.6225,4.45,5.7049,10.4309,0.8975,9.0,7.0,0.5,-4.8516,3.3273,22.196,3.3117,-0.6753,0.7004,STRATA_SYN_TEMPORALLY_INCONSISTENT_00416,TEMPORALLY_INCONSISTENT,False,none
12.0,156.9,14.26,0.34,40.31,0.0,0.173,0.0444,0.1026,0.1974,0.033,4.413,-0.1984,4.5672,14.4382,3.272,4.6408,11.8063,0.8177,7.0,3.0,0.5455,-17.4542,3.9168,36.4967,3.9058,0.0578,0.4264,STRATA_SYN_LOW_QUALITY_00397,LOW_QUALITY,False,none
12.0,114.48,10.41,0.19,43.71,0.0,0.7867,0.083,0.6768,0.8322,0.0796,2.449,0.2222,5.0757,17.1468,7.002,2.8069,7.9671,0.4646,6.0,1.0,0.6364,47.6889,1.9404,2.4579,1.9404,0.5351,0.0,STRATA_SYN_SEASONAL_ENVIRONMENTAL_00456,SEASONAL_ENVIRONMENTAL,False,none
20.0,342.75,18.04,0.29,32.56,0.0,0.1751,0.0481,0.1003,0.181,0.0404,4.375,-0.6261,5.07,17.0106,3.888,6.2665,15.0697,0.8859,13.0,8.0,0.5789,3.011,4.9971,-14.5404,4.9694,-0.0519,0.9085,STRATA_SYN_LOW_QUALITY_00398,LOW_QUALITY,False,none
8.0,126.33,18.05,0.18,42.91,0.0,0.7938,0.0746,0.7323,0.8179,0.0633,1.109,-6.5273,2.6358,8.1744,7.371,1.9879,3.3279,0.4071,1.0,0.0,0.5714,-10.1403,2.3722,390.6515,0.9277,0.4495,0.0,STRATA_SYN_SEASONAL_ENVIRONMENTAL_00012,SEASONAL_ENVIRONMENTAL,True,short_seasonal_sequence
14.0,243.79,18.75,0.27,39.2,0.0,0.7892,0.0891,0.6834,0.7984,0.0535,0.869,-1.5082,1.1382,4.2482,4.889,1.0854,2.2562,0.5311,8.0,2.0,0.5385,-3.1803,0.9278,-26.6745,0.7768,0.331,0.2671,STRATA_SYN_STRUCTURAL_ACCELERATING_00404,STRUCTURAL_ACCELERATING,False,none
17.0,363.08,22.69,0.3,36.98,0.0,0.9315,0.029,0.888,0.8222,0.0718,2.042,-0.9269,2.4868,10.0641,4.929,3.2765,8.3133,0.826,9.0,10.0,0.5,-1.8021,2.4254,4.878,2.4171,-0.3508,0.9886,STRATA_SYN_ATMOSPHERIC_TRANSIENT_00385,ATMOSPHERIC_TRANSIENT,True,high_coherence_atmospheric
8.0,76.92,10.99,0.23,32.01,0.0,0.8015,0.0836,0.7024,0.839,0.0717,1.015,0.9216,3.944,13.4306,13.232,4.6366,10.7717,0.802,4.0,4.0,0.5714,24.8475,3.5526,387.72,3.4607,0.0302,0.9623,STRATA_SYN_ATMOSPHERIC_TRANSIENT_00025,ATMOSPHERIC_TRANSIENT,False,none
16.0,358.03,23.87,0.27,35.87,0.0,0.769,0.0777,0.6526,0.8286,0.0737,2.391,1.0374,3.5907,15.6263,6.535,4.192,14.5863,0.9334,12.0,13.0,0.5333,-1.4214,3.5649,-35.4951,3.2643,-0.2542,0.7897,STRATA_SYN_ATMOSPHERIC_TRANSIENT_00141,ATMOSPHERIC_TRANSIENT,False,none
7.0,38.23,6.37,0.17,25.17,0.0,0.7822,0.0843,0.6625,0.8295,0.0779,0.867,0.3913,0.6506,1.9787,2.282,0.5558,1.2299,0.6216,4.0,3.0,0.5,14.5443,0.4075,-543.8324,0.2886,0.157,0.0646,STRATA_SYN_STRUCTURAL_MONOTONIC_00332,STRUCTURAL_MONOTONIC,False,none
12.0,97.73,8.88,0.33,34.64,0.0,0.7861,0.1028,0.6588,0.8043,0.057,0.585,3.9475,2.7144,8.8102,15.06,0.9497,1.9851,0.2253,3.0,1.0,0.7273,29.7432,1.0744,-327.9229,0.341,0.7112,0.0,STRATA_SYN_SEASONAL_ENVIRONMENTAL_00287,SEASONAL_ENVIRONMENTAL,False,none
12.0,239.58,21.78,0.27,28.77,0.0,0.7889,0.094,0.6523,0.8464,0.0733,2.364,0.849,6.027,27.2107,11.51,6.5752,19.1289,0.703,6.0,3.0,0.5455,12.663,5.4321,81.2829,5.2143,-0.0211,0.6562,STRATA_SYN_ATMOSPHERIC_TRANSIENT_00144,ATMOSPHERIC_TRANSIENT,False,none
16.0,319.54,21.3,0.32,37.59,0.0,0.7806,0.0755,0.6648,0.8248,0.0746,1.497,0.1077,1.764,6.3315,4.229,1.9374,4.6425,0.7332,9.0,7.0,0.6,-2.0554,1.6752,-16.5988,1.5877,0.0586,0.5952,STRATA_SYN_STABLE_00376,STABLE,False,none
6.0,103.04,20.61,0.25,31.63,0.0,0.8306,0.0994,0.659,0.8424,0.0806,2.387,2.0412,1.5859,4.883,2.046,1.9985,2.4998,0.5119,2.0,0.0,0.6,-4.7476,1.5186,-249.9036,1.1495,0.2299,0.0,STRATA_SYN_STRUCTURAL_ACCELERATING_00226,STRUCTURAL_ACCELERATING,True,short_sequence
13.0,265.59,22.13,0.28,44.33,0.0,0.8291,0.0748,0.6564,0.7888,0.0654,2.455,3.9284,5.2715,16.7616,6.828,7.1301,16.7616,1.0,9.0,4.0,0.5833,8.3344,4.9209,-66.5577,4.6811,-0.2972,0.6678,STRATA_SYN_TEMPORALLY_INCONSISTENT_00251,TEMPORALLY_INCONSISTENT,False,none
20.0,155.19,8.17,0.27,29.24,0.0,0.1679,0.0412,0.1026,0.1618,0.0366,2.934,0.398,2.9947,11.3544,3.87,3.7207,8.3558,0.7359,10.0,9.0,0.5789,1.0278,2.9918,7.1736,2.9913,-0.0648,0.792,STRATA_SYN_LOW_QUALITY_00126,LOW_QUALITY,False,none
11.0,81.68,8.17,0.21,30.16,0.0,0.7856,0.0622,0.6898,0.8371,0.0634,2.75,5.6445,3.4863,10.714,3.896,2.4796,5.7271,0.5345,4.0,0.0,0.5,14.7226,3.326,-622.2659,3.0309,0.5919,0.0,STRATA_SYN_SEASONAL_ENVIRONMENTAL_00061,SEASONAL_ENVIRONMENTAL,False,none
15.0,227.99,16.28,0.25,44.46,0.0,0.8059,0.0761,0.6669,0.8379,0.0624,0.869,-1.2918,1.0084,2.8447,3.274,0.8154,2.1585,0.7588,8.0,3.0,0.5714,-4.1423,0.6155,-9.8476,0.5937,0.3694,0.0306,STRATA_SYN_STRUCTURAL_ACCELERATING_00460,STRUCTURAL_ACCELERATING,False,none
7.0,114.98,19.16,0.21,33.19,0.0,0.7883,0.0824,0.6632,0.865,0.0777,1.601,-2.7083,3.9018,12.4074,7.75,5.0296,11.3377,0.9138,3.0,2.0,0.5,-14.0163,3.6134,-182.6371,3.507,-0.0696,0.6012,STRATA_SYN_ATMOSPHERIC_TRANSIENT_00074,ATMOSPHERIC_TRANSIENT,False,none
11.0,197.37,19.74,0.33,37.64,0.0,0.7811,0.101,0.659,0.8018,0.0509,1.087,-4.252,3.0259,9.6985,8.922,4.1109,6.7847,0.6996,9.0,2.0,0.5,-9.741,2.5306,49.9164,2.4473,-0.0577,0.2674,STRATA_SYN_TEMPORALLY_INCONSISTENT_00135,TEMPORALLY_INCONSISTENT,False,none
18.0,127.42,7.5,0.3,25.22,0.0,0.7987,0.0865,0.679,0.8412,0.0675,1.129,-0.0117,4.7546,13.6483,12.089,1.507,3.7612,0.2756,10.0,3.0,0.6471,43.2049,1.2325,-2.385,1.2324,0.8403,0.0492,STRATA_SYN_SEASONAL_ENVIRONMENTAL_00128,SEASONAL_ENVIRONMENTAL,False,none
20.0,402.12,21.16,0.26,29.19,0.0,0.8134,0.0817,0.6625,0.8354,0.048,0.821,-1.7902,1.0466,3.9057,4.757,1.0438,2.4226,0.6203,12.0,4.0,0.6316,-1.9548,0.8189,2.5002,0.8094,0.2251,0.1938,STRATA_SYN_STRUCTURAL_MONOTONIC_00083,STRUCTURAL_MONOTONIC,False,none
17.0,275.75,17.23,0.26,30.31,0.0,0.7776,0.0851,0.6571,0.8137,0.0712,1.436,0.3091,1.6886,5.4938,3.826,1.8702,4.439,0.808,7.0,8.0,0.5,-2.9353,1.5459,5.8688,1.5396,0.1105,0.598,STRATA_SYN_STABLE_00239,STABLE,False,none
18.0,233.23,13.72,0.27,29.33,0.0,0.7933,0.0636,0.6765,0.8107,0.0629,0.96,-1.7255,1.558,4.9734,5.181,1.3309,2.861,0.5753,13.0,3.0,0.5294,-6.3123,0.9584,3.8761,0.9561,0.3451,0.0087,STRATA_SYN_STRUCTURAL_MONOTONIC_00105,STRUCTURAL_MONOTONIC,False,none
22.0,429.89,20.47,0.27,29.47,0.0,0.8057,0.0802,0.651,0.8192,0.0632,0.828,-0.1414,3.3049,11.3089,13.658,1.7832,3.2184,0.2846,4.0,4.0,0.5238,-3.2253,3.1004,6.261,3.0803,0.7632,0.3675,STRATA_SYN_SEASONAL_ENVIRONMENTAL_00339,SEASONAL_ENVIRONMENTAL,False,none
10.0,72.36,8.04,0.25,43.67,0.0,0.7666,0.0743,0.6802,0.8217,0.071,1.102,3.8177,3.3346,11.3113,10.264,5.0547,7.1451,0.6317,8.0,2.0,0.5556,32.4775,2.6341,446.3629,2.5143,-0.3288,0.0807,STRATA_SYN_TEMPORALLY_INCONSISTENT_00388,TEMPORALLY_INCONSISTENT,False,none
8.0,56.57,8.08,0.3,30.18,0.0,0.1928,0.04,0.1324,0.1653,0.0293,2.854,2.1344,3.1589,9.7619,3.42,4.1378,9.7619,1.0,3.0,3.0,0.5714,12.5415,3.0937,-690.9606,2.9955,-0.364,0.7107,STRATA_SYN_LOW_QUALITY_00450,LOW_QUALITY,False,none
13.0,103.22,8.6,0.28,28.21,0.0,0.819,0.0879,0.67,0.8304,0.0933,0.753,1.2864,2.6948,9.059,12.031,4.7434,8.424,0.9299,11.0,8.0,0.5,2.1149,2.6883,-123.6382,2.6544,-0.8255,0.9938,STRATA_SYN_TEMPORALLY_INCONSISTENT_00459,TEMPORALLY_INCONSISTENT,False,none
17.0,248.15,15.51,0.33,31.69,0.0,0.8006,0.0874,0.6578,0.831,0.0748,1.6,3.4214,4.4403,13.946,8.716,8.1091,12.1011,0.8677,15.0,8.0,0.5,4.5241,4.3386,-21.0425,4.3197,-0.7898,0.9027,STRATA_SYN_TEMPORALLY_INCONSISTENT_00234,TEMPORALLY_INCONSISTENT,False,none
6.0,49.5,9.9,0.15,43.38,0.0,0.8616,0.0496,0.7675,0.8581,0.0696,2.222,-0.0021,2.5072,8.025,3.612,3.4471,5.5117,0.6868,4.0,3.0,0.6,35.8096,1.8793,-1024.2214,1.6293,-0.1915,0.2761,STRATA_SYN_STRUCTURAL_MONOTONIC_00103,STRUCTURAL_MONOTONIC,False,none
18.0,283.57,16.68,0.28,28.47,0.0,0.7821,0.0853,0.6528,0.8224,0.0602,0.649,0.4497,1.7173,8.0993,12.48,1.3696,6.4009,0.7903,9.0,7.0,0.5294,0.748,1.7082,-31.5391,1.5165,0.1434,0.7887,STRATA_SYN_ATMOSPHERIC_TRANSIENT_00250,ATMOSPHERIC_TRANSIENT,False,none
8.0,154.03,22.0,0.3,28.42,0.0,0.1745,0.0554,0.1008,0.1862,0.0378,2.68,0.7761,2.883,8.0525,3.005,2.9459,5.8372,0.7249,4.0,4.0,0.5714,11.2564,2.4273,158.0865,2.0411,0.3055,0.9682,STRATA_SYN_LOW_QUALITY_00275,LOW_QUALITY,False,none
6.0,69.45,13.89,0.3,32.28,0.0,0.8409,0.0809,0.7161,0.7906,0.0583,1.539,3.9473,3.7054,9.6103,6.245,5.996,9.2677,0.9644,4.0,2.0,0.6,18.8844,3.497,641.5144,3.2999,-0.5353,0.146,STRATA_SYN_TEMPORALLY_INCONSISTENT_00310,TEMPORALLY_INCONSISTENT,False,none
8.0,126.8,18.11,0.28,37.22,0.0,0.7995,0.072,0.6828,0.8478,0.0746,2.229,-0.5916,1.7394,5.4224,2.433,2.1132,3.7358,0.689,4.0,5.0,0.5714,-7.2195,1.5336,25.3251,1.5269,0.2097,0.8155,STRATA_SYN_STABLE_00091,STABLE,False,none
9.0,54.34,6.79,0.28,38.78,0.0,0.7407,0.0737,0.6564,0.7992,0.0502,1.853,0.7498,0.9401,2.9559,1.595,0.711,2.0106,0.6802,3.0,2.0,0.625,0.8974,0.9391,792.8064,0.4925,0.4049,0.4972,STRATA_SYN_STABLE_00267,STABLE,False,none
6.0,66.62,13.32,0.31,42.39,0.0,0.1701,0.0381,0.1039,0.1878,0.0423,4.621,0.4142,2.6712,7.2939,1.578,4.7923,7.2939,1.0,4.0,5.0,0.6,-2.5137,2.6666,-720.1207,2.3826,-0.5522,0.6837,STRATA_SYN_LOW_QUALITY_00207,LOW_QUALITY,False,none
7.0,135.92,22.65,0.31,30.63,0.0,0.778,0.09,0.6729,0.8353,0.0787,2.574,-0.9122,1.413,3.8603,1.5,1.5669,3.0257,0.7838,4.0,2.0,0.5,4.6535,1.2897,129.8441,0.9561,0.2364,0.8125,STRATA_SYN_STRUCTURAL_ACCELERATING_00170,STRUCTURAL_ACCELERATING,False,none
7.0,62.64,10.44,0.34,38.91,0.0,0.1473,0.0548,0.1018,0.198,0.0403,4.053,-2.4285,5.5387,16.9952,4.193,5.3363,11.3391,0.6672,3.0,3.0,0.5,-71.8876,3.7104,452.5682,3.6549,0.1245,0.1153,STRATA_SYN_LOW_QUALITY_00238,LOW_QUALITY,False,none
7.0,112.46,18.74,0.36,25.74,0.0,0.8664,0.0714,0.7298,0.8476,0.0378,2.934,4.6048,6.8777,20.0323,6.828,11.5206,20.0323,1.0,5.0,3.0,0.5,6.4042,6.8464,-348.865,6.6578,-0.7802,0.7959,STRATA_SYN_ATMOSPHERIC_TRANSIENT_00355,ATMOSPHERIC_TRANSIENT,False,none
20.0,176.17,9.27,0.29,33.86,0.0,0.8063,0.0888,0.6637,0.8416,0.0809,2.083,0.419,3.0137,9.8705,4.739,4.0672,8.0823,0.8188,14.0,12.0,0.5263,6.6229,2.8532,26.811,2.8417,-0.2456,0.716,STRATA_SYN_STRUCTURAL_MONOTONIC_00360,STRUCTURAL_MONOTONIC,False,none
16.0,247.87,16.52,0.25,35.92,0.0,0.7982,0.0903,0.6531,0.8187,0.0598,2.11,-0.1656,1.6861,5.9235,2.807,1.8103,4.2839,0.7232,8.0,8.0,0.4667,-2.3459,1.6133,-46.7687,1.3365,0.0827,0.5744,STRATA_SYN_STRUCTURAL_ACCELERATING_00310,STRUCTURAL_ACCELERATING,True,accelerating_moderate_noise
7.0,92.96,15.49,0.24,42.2,0.0,0.8273,0.0649,0.7308,0.781,0.0489,1.869,6.7619,3.1461,9.9718,5.335,3.7888,9.0338,0.9059,3.0,0.0,0.6667,25.5119,2.284,-60.6284,2.2761,-0.045,0.0,STRATA_SYN_TEMPORALLY_INCONSISTENT_00044,TEMPORALLY_INCONSISTENT,False,none
15.0,311.86,22.28,0.25,31.87,0.0,0.8307,0.084,0.6891,0.8451,0.0633,2.912,0.4004,2.9704,10.092,3.466,3.1637,8.4609,0.8384,10.0,6.0,0.5,-3.3296,2.8384,45.5339,2.4681,0.0135,0.6247,STRATA_SYN_STABLE_00492,STABLE,False,none
18.0,396.92,23.35,0.32,39.76,0.0,0.8033,0.0809,0.6597,0.8052,0.06,2.601,-2.8174,1.8821,7.5394,2.899,2.1685,6.7678,0.8977,12.0,2.0,0.5882,-1.8796,1.7757,9.6144,1.7122,-0.0224,0.168,STRATA_SYN_STRUCTURAL_MONOTONIC_00208,STRUCTURAL_MONOTONIC,False,none
9.0,74.23,9.28,0.3,33.9,0.0,0.8476,0.1046,0.6512,0.8604,0.0657,1.599,-1.3916,1.3411,4.1324,2.584,1.6786,2.6663,0.6452,5.0,1.0,0.625,-10.485,1.1495,252.8745,1.0454,0.072,0.0,STRATA_SYN_STRUCTURAL_ACCELERATING_00013,STRUCTURAL_ACCELERATING,False,none
8.0,145.45,20.78,0.31,35.01,0.0,0.1683,0.0485,0.1028,0.1795,0.0529,4.222,-1.9524,3.4969,12.7575,3.022,3.624,12.7575,1.0,5.0,1.0,0.5714,8.9263,3.2982,234.9428,2.7979,-0.1174,0.0,STRATA_SYN_LOW_QUALITY_00363,LOW_QUALITY,False,none
20.0,399.82,21.04,0.29,40.88,0.0,0.1804,0.0353,0.1037,0.174,0.0423,4.209,-0.2687,3.9947,16.1196,3.83,3.8591,8.9406,0.5546,12.0,9.0,0.5789,4.0011,3.7663,1.6728,3.7654,0.3166,0.7597,STRATA_SYN_LOW_QUALITY_00403,LOW_QUALITY,False,none
15.0,223.12,15.94,0.29,34.52,0.0,0.7971,0.0826,0.6924,0.8174,0.073,0.869,-2.8944,2.0732,7.3999,8.515,1.3431,3.3126,0.4477,8.0,3.0,0.5714,-9.8758,0.9014,-2.4433,0.9006,0.5263,0.0,STRATA_SYN_STRUCTURAL_MONOTONIC_00355,STRUCTURAL_MONOTONIC,False,none
19.0,277.88,15.44,0.26,40.55,0.0,0.8294,0.079,0.6814,0.8146,0.0618,2.89,0.2262,3.6362,15.658,5.418,4.1352,13.7238,0.8765,12.0,10.0,0.6111,1.2365,3.625,-55.6428,3.3733,-0.1272,0.9932,STRATA_SYN_ATMOSPHERIC_TRANSIENT_00247,ATMOSPHERIC_TRANSIENT,False,none
20.0,285.57,15.03,0.28,34.06,0.0,0.8083,0.0909,0.6643,0.8307,0.0712,2.16,0.2755,5.0912,28.9535,13.404,5.6918,18.3588,0.6341,13.0,13.0,0.5263,-3.152,5.036,6.8096,5.0331,-0.2542,0.8491,STRATA_SYN_ATMOSPHERIC_TRANSIENT_00315,ATMOSPHERIC_TRANSIENT,False,none
7.0,74.11,12.35,0.21,26.58,0.0,0.8668,0.0455,0.7993,0.7895,0.0634,0.986,2.8565,3.1864,8.7029,8.826,6.0019,8.7029,1.0,5.0,3.0,0.5,8.4311,3.1354,-629.4602,2.8754,-0.6976,0.9436,STRATA_SYN_TEMPORALLY_INCONSISTENT_00194,TEMPORALLY_INCONSISTENT,False,none
18.0,353.61,20.8,0.3,38.03,0.0,0.8223,0.073,0.705,0.8096,0.0723,1.334,-5.5642,3.3588,10.1076,7.577,1.4416,3.2382,0.3204,9.0,0.0,0.5294,-10.7743,1.0859,2.7592,1.0806,0.7549,0.0,STRATA_SYN_STRUCTURAL_MONOTONIC_00339,STRUCTURAL_MONOTONIC,False,none
17.0,284.62,17.79,0.24,44.09,0.0,0.7933,0.0935,0.6571,0.8406,0.0847,2.453,-3.0952,3.5852,13.4101,5.467,3.4227,8.0984,0.6039,13.0,1.0,0.5,-8.8327,2.9026,38.0359,2.7377,0.2468,0.0,STRATA_SYN_STRUCTURAL_MONOTONIC_00439,STRUCTURAL_MONOTONIC,False,none
17.0,296.99,18.56,0.27,31.83,0.0,0.1836,0.0349,0.1208,0.1824,0.0346,4.245,-0.4485,3.1458,11.4092,2.688,3.8827,9.3962,0.8236,12.0,8.0,0.5,-5.8285,2.7917,-9.5215,2.7793,0.0277,0.9032,STRATA_SYN_LOW_QUALITY_00372,LOW_QUALITY,False,none
12.0,195.41,17.76,0.3,36.39,0.0,0.7857,0.0701,0.6604,0.8201,0.0821,1.149,-1.7762,4.4797,16.4589,14.325,4.5285,14.5978,0.8869,7.0,5.0,0.5455,-6.2712,4.3541,120.4955,4.0859,-0.1059,0.8444,STRATA_SYN_ATMOSPHERIC_TRANSIENT_00374,ATMOSPHERIC_TRANSIENT,False,none
20.0,216.61,11.4,0.23,31.0,0.0,0.7659,0.0898,0.6521,0.8193,0.0712,2.984,-3.2638,4.3508,17.3826,5.825,6.3043,13.2585,0.7627,15.0,11.0,0.5789,-8.6187,4.0657,40.9677,4.0224,-0.3801,0.9464,STRATA_SYN_TEMPORALLY_INCONSISTENT_00081,TEMPORALLY_INCONSISTENT,False,none
20.0,234.36,12.33,0.32,37.56,0.0,0.1733,0.0384,0.1078,0.1843,0.0384,2.669,-0.5587,3.0564,13.3979,5.02,3.9351,8.4294,0.6292,13.0,12.0,0.5789,5.2551,2.8809,-57.3407,2.7153,-0.1493,0.9346,STRATA_SYN_LOW_QUALITY_00138,LOW_QUALITY,False,none
11.0,174.6,17.46,0.22,41.51,0.0,0.7882,0.0693,0.6595,0.822,0.0703,2.173,-0.3412,2.3254,8.9012,4.096,3.1828,8.9012,1.0,8.0,7.0,0.5,-3.0649,2.2786,2.0625,2.2785,-0.3736,0.5646,STRATA_SYN_ATMOSPHERIC_TRANSIENT_00320,ATMOSPHERIC_TRANSIENT,False,none
16.0,350.29,23.35,0.25,35.52,0.0,0.7907,0.0782,0.6787,0.8077,0.0746,2.721,1.0251,3.5255,17.0173,6.254,4.5742,11.1586,0.6557,9.0,10.0,0.6,-2.5134,3.4469,6.9627,3.4364,-0.1903,0.9867,STRATA_SYN_TEMPORALLY_INCONSISTENT_00368,TEMPORALLY_INCONSISTENT,False,none
12.0,240.81,21.89,0.24,29.09,0.0,0.1887,0.0349,0.1177,0.1866,0.0435,3.431,-1.0241,3.5325,12.1458,3.54,5.5867,10.5587,0.8693,9.0,6.0,0.5455,-4.2575,3.4206,-69.9602,3.154,-0.4843,0.562,STRATA_SYN_LOW_QUALITY_00241,LOW_QUALITY,False,none
15.0,317.56,22.68,0.27,28.98,0.0,0.7901,0.076,0.6917,0.8217,0.078,1.907,0.231,1.8226,6.4939,3.405,1.5758,3.282,0.5054,5.0,6.0,0.5,1.2987,1.789,-15.6759,1.7174,0.5183,0.9559,STRATA_SYN_STRUCTURAL_ACCELERATING_00202,STRUCTURAL_ACCELERATING,False,none
15.0,212.49,15.18,0.31,42.78,0.0,0.7739,0.0842,0.6688,0.8613,0.073,2.956,8.3744,4.5085,18.9165,6.399,5.751,11.1065,0.5871,11.0,2.0,0.5714,8.9067,4.2143,-37.2006,4.1806,-0.0757,0.3919,STRATA_SYN_TEMPORALLY_INCONSISTENT_00176,TEMPORALLY_INCONSISTENT,False,none
12.0,66.82,6.07,0.29,34.88,0.0,0.7952,0.0808,0.6876,0.7905,0.0736,1.938,-0.2616,2.1321,7.0819,3.654,2.681,6.0589,0.8555,10.0,4.0,0.5455,0.2175,2.1321,-694.7179,1.8728,-0.1617,0.8523,STRATA_SYN_STRUCTURAL_ACCELERATING_00324,STRUCTURAL_ACCELERATING,False,none
8.0,162.73,23.25,0.37,41.18,0.0,0.1794,0.041,0.1145,0.1664,0.0376,3.012,0.3687,2.2416,6.7164,2.23,3.5994,6.7164,1.0,4.0,5.0,0.5714,0.1155,2.2415,-30.0314,2.2241,-0.4442,0.6705,STRATA_SYN_LOW_QUALITY_00240,LOW_QUALITY,False,none
24.0,406.73,17.68,0.26,41.56,0.0,0.7894,0.103,0.652,0.8032,0.0622,2.037,-1.4027,5.3126,17.8962,8.786,2.6254,7.814,0.4366,11.0,2.0,0.6087,-1.8373,5.277,-83.9284,3.1988,0.7974,0.2481,STRATA_SYN_SEASONAL_ENVIRONMENTAL_00150,SEASONAL_ENVIRONMENTAL,False,none
12.0,86.8,7.89,0.31,41.23,0.0,0.8177,0.0821,0.7081,0.856,0.0766,0.613,0.4206,1.3528,5.4999,8.972,1.4887,5.3422,0.9713,6.0,5.0,0.5455,2.4804,1.3403,-197.7805,1.2492,-0.2601,0.5867,STRATA_SYN_ATMOSPHERIC_TRANSIENT_00392,ATMOSPHERIC_TRANSIENT,False,none
13.0,206.33,17.19,0.29,41.95,0.0,0.7991,0.0545,0.7372,0.8434,0.0639,1.627,0.1446,2.9206,11.3276,6.962,3.8714,9.8729,0.8716,8.0,9.0,0.5833,4.9868,2.7861,-37.8131,2.7374,-0.2457,0.6481,STRATA_SYN_ATMOSPHERIC_TRANSIENT_00059,ATMOSPHERIC_TRANSIENT,False,none
9.0,149.77,18.72,0.34,36.1,0.0,0.9351,0.0323,0.8903,0.8136,0.0592,1.475,-1.8883,4.9882,17.1659,11.638,5.3946,15.6266,0.9103,5.0,3.0,0.5,-13.7286,4.6474,186.6195,4.42,-0.0882,0.8417,STRATA_SYN_ATMOSPHERIC_TRANSIENT_00362,ATMOSPHERIC_TRANSIENT,True,high_coherence_atmospheric
11.0,204.05,20.4,0.32,27.99,0.0,0.8111,0.078,0.7038,0.7938,0.0748,1.971,0.418,7.2916,19.4792,9.883,4.1389,10.9621,0.5628,4.0,2.0,0.5,-14.8165,6.805,-424.6155,3.4822,0.6573,0.5079,STRATA_SYN_SEASONAL_ENVIRONMENTAL_00123,SEASONAL_ENVIRONMENTAL,True,strong_seasonal_amplitude
11.0,190.28,19.03,0.18,29.37,0.0,0.8139,0.0847,0.6839,0.7781,0.0666,1.469,-0.4557,1.5447,5.6746,3.863,1.9105,4.0552,0.7146,7.0,5.0,0.5,3.2844,1.4468,-34.2097,1.3874,-0.0347,0.472,STRATA_SYN_STRUCTURAL_MONOTONIC_00337,STRUCTURAL_MONOTONIC,False,none
6.0,82.18,16.44,0.28,43.07,0.0,0.8058,0.0669,0.6839,0.7824,0.0446,2.943,1.5142,3.0819,8.8135,2.995,4.8991,8.4662,0.9606,4.0,3.0,0.6,-12.4135,2.9313,-502.2991,2.6407,-0.4816,0.34,STRATA_SYN_STRUCTURAL_ACCELERATING_00195,STRUCTURAL_ACCELERATING,False,none
6.0,96.25,19.25,0.28,29.9,0.0,0.7836,0.0769,0.6807,0.8431,0.0603,0.849,0.0349,0.5328,1.3248,1.56,0.9131,1.2601,0.9512,3.0,4.0,0.6,-1.3919,0.5177,75.6121,0.4469,-0.5352,0.8538,STRATA_SYN_STABLE_00001,STABLE,False,none
18.0,256.17,15.07,0.32,41.34,0.0,0.1757,0.0378,0.1064,0.1752,0.0494,4.838,0.4729,5.9696,21.2818,4.399,6.7589,18.2961,0.8597,8.0,8.0,0.5882,10.94,5.4876,-24.6217,5.4645,0.0009,0.9422,STRATA_SYN_LOW_QUALITY_00473,LOW_QUALITY,False,none
8.0,60.95,8.71,0.12,27.57,0.0,0.7977,0.1102,0.6556,0.847,0.0715,2.103,-7.0808,2.4695,6.9526,3.306,2.0411,4.4746,0.6436,2.0,0.0,0.8571,36.2355,1.4759,357.7874,1.4002,0.3119,0.0,STRATA_SYN_SEASONAL_ENVIRONMENTAL_00302,SEASONAL_ENVIRONMENTAL,True,short_seasonal_sequence
10.0,89.36,9.93,0.27,25.39,0.0,0.8768,0.0595,0.7498,0.802,0.0716,2.696,-0.4277,4.0776,15.8285,5.871,4.7883,12.4491,0.7865,5.0,4.0,0.5556,-13.2825,3.9425,297.5706,3.8608,-0.3149,0.7617,STRATA_SYN_ATMOSPHERIC_TRANSIENT_00405,ATMOSPHERIC_TRANSIENT,False,none
19.0,396.09,22.0,0.24,40.73,0.0,0.799,0.0788,0.6559,0.8085,0.0721,0.787,0.0534,0.891,3.5034,4.452,0.8682,2.0946,0.5979,11.0,6.0,0.6111,0.3872,0.8818,6.4113,0.8251,0.1375,0.8445,STRATA_SYN_STABLE_00380,STABLE,False,none
22.0,458.92,21.85,0.29,34.72,0.0,0.8058,0.0874,0.6573,0.8129,0.0672,0.618,-0.7767,3.2694,9.9639,16.123,1.5907,3.1017,0.3113,5.0,3.0,0.5238,1.1626,3.2396,-6.9546,3.2087,0.7981,0.233,STRATA_SYN_SEASONAL_ENVIRONMENTAL_00088,SEASONAL_ENVIRONMENTAL,False,none
17.0,147.7,9.23,0.29,33.22,0.0,0.7889,0.1033,0.6533,0.8141,0.0598,0.927,0.2152,3.6526,11.3221,12.214,5.3777,8.4343,0.7449,15.0,12.0,0.5,-16.9067,2.9972,-94.3385,2.9275,-0.1585,0.6257,STRATA_SYN_TEMPORALLY_INCONSISTENT_00115,TEMPORALLY_INCONSISTENT,False,none
10.0,193.82,21.54,0.18,38.15,0.0,0.8327,0.0688,0.7292,0.8658,0.0516,1.576,-0.6188,1.9067,5.2681,3.343,1.2191,3.7505,0.7119,4.0,1.0,0.5556,7.2068,1.4661,87.9294,0.9574,0.5999,0.0,STRATA_SYN_SEASONAL_ENVIRONMENTAL_00347,SEASONAL_ENVIRONMENTAL,False,none
17.0,160.64,10.04,0.19,30.25,0.0,0.7881,0.0679,0.6647,0.8525,0.0721,1.62,1.4137,3.0835,9.7148,5.997,5.0473,8.318,0.8562,12.0,9.0,0.5,6.34,2.9624,-42.3093,2.9426,-0.6091,0.5682,STRATA_SYN_TEMPORALLY_INCONSISTENT_00202,TEMPORALLY_INCONSISTENT,False,none
24.0,298.54,12.98,0.32,31.89,0.0,0.8,0.0764,0.687,0.8282,0.0712,1.215,0.5886,3.7337,11.5709,9.523,1.8113,4.0873,0.3532,9.0,3.0,0.4783,-1.5838,3.7134,29.6339,3.6267,0.7941,0.1632,STRATA_SYN_SEASONAL_ENVIRONMENTAL_00067,SEASONAL_ENVIRONMENTAL,False,none
17.0,358.34,22.4,0.25,32.13,0.0,0.7596,0.0803,0.6579,0.8133,0.0796,0.716,0.076,2.4293,6.9731,9.739,1.3989,2.9561,0.4239,4.0,3.0,0.5,2.2606,2.3324,2.9941,2.3293,0.7261,0.1521,STRATA_SYN_SEASONAL_ENVIRONMENTAL_00453,SEASONAL_ENVIRONMENTAL,False,none
19.0,205.94,11.44,0.24,27.77,0.0,0.1711,0.0368,0.1008,0.1709,0.0373,4.646,1.1469,4.3364,17.1499,3.691,5.1531,12.6653,0.7385,11.0,9.0,0.5556,8.6889,4.0724,91.6052,3.892,0.1219,0.7926,STRATA_SYN_LOW_QUALITY_00439,LOW_QUALITY,False,none
8.0,59.39,8.48,0.27,29.21,0.0,0.8053,0.1169,0.6575,0.8455,0.0744,2.815,8.8324,5.8776,18.3076,6.504,5.5271,11.4676,0.6264,4.0,0.0,0.5714,66.6996,4.6712,2840.8539,3.0857,0.1475,0.0,STRATA_SYN_TEMPORALLY_INCONSISTENT_00076,TEMPORALLY_INCONSISTENT,False,none
13.0,136.85,11.4,0.24,35.4,0.0,0.7879,0.0759,0.6523,0.8184,0.0743,2.811,7.6051,5.6522,20.3085,7.225,6.802,11.3432,0.5585,9.0,3.0,0.5833,20.3329,5.1315,-510.8654,4.1026,0.0382,0.5095,STRATA_SYN_TEMPORALLY_INCONSISTENT_00418,TEMPORALLY_INCONSISTENT,False,none
11.0,200.94,20.09,0.24,33.04,0.0,0.8001,0.0723,0.681,0.8456,0.078,1.682,0.4705,3.0981,9.2981,5.528,4.6184,8.7397,0.9399,9.0,7.0,0.5,-6.3404,2.8945,-44.2546,2.8332,-0.4395,0.5371,STRATA_SYN_TEMPORALLY_INCONSISTENT_00021,TEMPORALLY_INCONSISTENT,False,none
13.0,156.52,13.04,0.27,38.36,0.0,0.8107,0.0855,0.6653,0.8408,0.0667,0.511,-0.8394,0.7087,2.2196,4.344,0.7088,1.5019,0.6767,6.0,4.0,0.5833,-2.9218,0.5921,-26.4004,0.5539,0.287,0.3172,STRATA_SYN_STRUCTURAL_ACCELERATING_00287,STRUCTURAL_ACCELERATING,False,none
10.0,124.93,13.88,0.23,39.42,0.0,0.1653,0.0408,0.1039,0.1839,0.0459,3.184,0.1991,3.0375,12.1284,3.809,3.738,7.1716,0.5913,5.0,4.0,0.5556,-3.0152,3.0195,64.1464,3.0007,0.1018,0.9173,STRATA_SYN_LOW_QUALITY_00496,LOW_QUALITY,False,none
17.0,182.55,11.41,0.3,40.09,0.0,0.825,0.0762,0.6513,0.8743,0.067,2.966,-1.3549,2.5606,10.0508,3.389,3.382,9.4229,0.9375,12.0,8.0,0.5625,-6.8423,2.3356,25.2687,2.3207,-0.1804,0.567,STRATA_SYN_STRUCTURAL_MONOTONIC_00435,STRUCTURAL_MONOTONIC,False,none
10.0,166.01,18.45,0.26,43.38,0.0,0.7641,0.0926,0.6575,0.855,0.0572,1.951,-1.9994,2.9482,7.7997,3.998,2.1648,5.1567,0.6611,6.0,1.0,0.5556,-17.524,1.4936,6.9069,1.4922,0.4908,0.0,STRATA_SYN_STRUCTURAL_MONOTONIC_00447,STRUCTURAL_MONOTONIC,False,none
12.0,136.96,12.45,0.24,41.11,0.0,0.7964,0.0859,0.6502,0.8492,0.0613,1.635,-0.8899,1.9614,6.7945,4.156,2.0596,4.1101,0.6049,7.0,3.0,0.6364,-12.5194,1.2948,15.5839,1.2913,0.312,0.3014,STRATA_SYN_STRUCTURAL_ACCELERATING_00253,STRUCTURAL_ACCELERATING,False,none
6.0,111.49,22.3,0.23,32.11,0.0,0.8747,0.0493,0.7782,0.8471,0.0262,1.683,0.9777,2.4025,7.386,4.389,2.9367,5.5827,0.7558,3.0,2.0,0.6,8.7502,2.2219,350.0654,1.5155,0.0411,0.8117,STRATA_SYN_STRUCTURAL_ACCELERATING_00207,STRUCTURAL_ACCELERATING,False,none
11.0,229.38,22.94,0.33,30.12,0.0,0.1734,0.0355,0.1022,0.1722,0.0377,2.91,-0.6912,2.6467,9.8673,3.391,3.4916,7.0224,0.7117,6.0,5.0,0.5,-3.0947,2.5746,-18.6216,2.5541,-0.0873,0.7259,STRATA_SYN_LOW_QUALITY_00333,LOW_QUALITY,False,none
18.0,295.83,17.4,0.29,28.16,0.0,0.7949,0.0796,0.6531,0.8214,0.0754,0.549,3.8294,2.9251,9.8793,17.995,4.7581,7.1937,0.7282,16.0,4.0,0.5294,-1.5465,2.9,-19.9495,2.849,-0.3955,0.3532,STRATA_SYN_TEMPORALLY_INCONSISTENT_00165,TEMPORALLY_INCONSISTENT,False,none
14.0,255.7,19.67,0.27,29.6,0.0,0.771,0.0798,0.6817,0.8524,0.0573,1.292,-0.6039,1.4671,4.446,3.441,2.1805,4.446,1.0,8.0,8.0,0.5385,-0.328,1.4654,-14.0549,1.4356,-0.5314,0.6975,STRATA_SYN_STABLE_00354,STABLE,False,none
11.0,166.43,16.64,0.33,42.6,0.0,0.7936,0.0685,0.694,0.8398,0.0784,0.876,-1.4831,2.7929,9.7491,11.129,3.2866,8.7609,0.8986,5.0,3.0,0.5,-3.3818,2.7501,66.7859,2.6815,-0.2137,0.7556,STRATA_SYN_ATMOSPHERIC_TRANSIENT_00424,ATMOSPHERIC_TRANSIENT,False,none
6.0,89.69,17.94,0.36,26.89,0.0,0.1864,0.0345,0.1305,0.2011,0.03,3.686,-1.5137,5.2755,16.0383,4.351,6.9407,16.0383,1.0,2.0,3.0,0.8,14.0826,5.1422,632.4575,4.7768,-0.2186,0.8362,STRATA_SYN_LOW_QUALITY_00253,LOW_QUALITY,False,none
18.0,148.88,8.76,0.27,28.03,0.0,0.8164,0.0899,0.6516,0.8418,0.0732,2.789,-0.6955,2.5261,10.4634,3.752,3.1136,5.3293,0.5093,13.0,12.0,0.5294,5.3402,2.4374,-190.5983,2.0563,-0.1019,0.6731,STRATA_SYN_STRUCTURAL_ACCELERATING_00155,STRUCTURAL_ACCELERATING,False,none
7.0,89.36,14.89,0.19,26.0,0.0,0.7963,0.0928,0.6739,0.772,0.0645,0.64,2.7195,2.9185,7.3285,11.451,5.5074,7.3285,1.0,5.0,2.0,0.5,-2.9237,2.9087,-472.2484,2.5723,-0.7346,0.8457,STRATA_SYN_TEMPORALLY_INCONSISTENT_00127,TEMPORALLY_INCONSISTENT,False,none
8.0,164.92,23.56,0.24,36.92,0.0,0.7931,0.0807,0.6601,0.7971,0.0924,2.905,3.3976,3.694,10.9997,3.786,6.1419,10.9997,1.0,6.0,4.0,0.5714,-6.2815,3.5753,97.4783,3.4526,-0.6687,0.7544,STRATA_SYN_TEMPORALLY_INCONSISTENT_00017,TEMPORALLY_INCONSISTENT,False,none
13.0,210.9,17.57,0.26,29.09,0.0,0.8007,0.0858,0.6763,0.809,0.0797,2.275,1.8975,3.2195,10.7875,4.742,3.2397,5.3848,0.4992,7.0,3.0,0.5833,-12.0606,2.3788,-98.6123,1.9118,0.3303,0.326,STRATA_SYN_SEASONAL_ENVIRONMENTAL_00478,SEASONAL_ENVIRONMENTAL,False,none
10.0,115.89,12.88,0.23,25.46,0.0,0.8095,0.088,0.6641,0.8233,0.0711,2.396,-2.4532,2.6222,10.8937,4.547,2.8702,7.6318,0.7006,5.0,2.0,0.5556,-10.709,2.3858,142.1177,2.2979,-0.0199,0.581,STRATA_SYN_STRUCTURAL_ACCELERATING_00420,STRUCTURAL_ACCELERATING,False,none
6.0,107.53,21.51,0.18,41.45,0.0,0.7876,0.0578,0.7305,0.8196,0.0804,3.0,-1.8261,3.3973,9.6583,3.219,4.0088,6.9524,0.7198,2.0,2.0,0.6,15.0053,3.0436,54.7509,3.0344,0.1979,0.9247,STRATA_SYN_STABLE_00011,STABLE,True,elevated_noise_stable
10.0,76.46,8.5,0.31,26.97,0.0,0.7956,0.0928,0.6783,0.8254,0.078,2.001,1.1426,5.3556,20.6734,10.332,5.4981,16.419,0.7942,6.0,4.0,0.5556,12.2486,5.2925,-704.1416,5.1069,0.0877,0.9965,STRATA_SYN_ATMOSPHERIC_TRANSIENT_00488,ATMOSPHERIC_TRANSIENT,False,none
22.0,442.15,21.05,0.29,28.53,0.0,0.8199,0.0826,0.6765,0.8341,0.0555,2.693,-0.8325,6.5396,23.4668,8.714,4.3108,10.0956,0.4302,8.0,4.0,0.5238,5.5937,6.211,-7.3366,6.1956,0.6687,0.4228,STRATA_SYN_SEASONAL_ENVIRONMENTAL_00168,SEASONAL_ENVIRONMENTAL,False,none
12.0,159.5,14.5,0.3,28.26,0.0,0.17,0.0386,0.1013,0.1743,0.0301,4.801,-0.8021,3.8919,12.6107,2.627,5.494,12.6107,1.0,8.0,6.0,0.6364,-2.8113,3.8726,169.7956,3.6067,-0.3743,0.9552,STRATA_SYN_LOW_QUALITY_00102,LOW_QUALITY,False,none
12.0,230.43,20.95,0.24,26.48,0.0,0.7982,0.0654,0.6666,0.8353,0.0744,2.931,-0.172,2.6691,8.4096,2.869,3.2078,7.9541,0.9458,6.0,5.0,0.5455,-6.11,2.3795,-1.4633,2.3794,-0.1038,0.4147,STRATA_SYN_STABLE_00030,STABLE,False,none
10.0,68.69,7.63,0.31,44.24,0.0,0.7963,0.052,0.7179,0.7932,0.0479,2.085,0.392,1.8228,7.0597,3.386,2.3079,4.2218,0.598,6.0,6.0,0.5556,10.1101,1.7193,606.732,1.426,-0.1637,0.51,STRATA_SYN_STRUCTURAL_ACCELERATING_00481,STRUCTURAL_ACCELERATING,False,none
8.0,114.05,16.29,0.26,29.56,0.0,0.7995,0.1018,0.6618,0.8149,0.0707,1.93,0.0597,1.6531,5.1964,2.692,2.8278,5.1964,1.0,5.0,5.0,0.5714,-1.2744,1.6479,25.6783,1.6438,-0.609,0.7174,STRATA_SYN_STRUCTURAL_ACCELERATING_00355,STRUCTURAL_ACCELERATING,False,none
9.0,96.71,12.09,0.29,44.1,0.0,0.7961,0.0649,0.7176,0.8333,0.089,0.864,-0.214,0.8335,2.8721,3.324,1.2359,2.4023,0.8364,7.0,6.0,0.5,-0.7591,0.831,87.5003,0.7825,-0.3807,0.9898,STRATA_SYN_STRUCTURAL_ACCELERATING_00054,STRUCTURAL_ACCELERATING,False,none
8.0,62.39,8.91,0.31,41.73,0.0,0.7365,0.04,0.6833,0.7878,0.0465,0.734,-0.2207,0.7657,1.9569,2.666,1.1962,1.9174,0.9798,4.0,5.0,0.5714,5.7011,0.6963,61.6911,0.6912,-0.3775,0.0913,STRATA_SYN_STABLE_00379,STABLE,False,none
18.0,175.81,10.34,0.36,34.08,0.0,0.7942,0.0864,0.6608,0.8099,0.0728,0.516,-0.208,0.5187,1.6667,3.23,0.6282,1.3024,0.7814,9.0,10.0,0.5294,0.2962,0.5168,3.2931,0.5158,0.0472,0.9938,STRATA_SYN_STRUCTURAL_MONOTONIC_00334,STRUCTURAL_MONOTONIC,False,none
20.0,434.4,22.86,0.32,25.98,0.0,0.9298,0.0261,0.8819,0.8373,0.0741,2.431,0.5722,3.8813,18.1792,7.478,4.0682,14.9067,0.82,14.0,11.0,0.5263,-0.8455,3.8693,8.0723,3.8408,0.0022,0.644,STRATA_SYN_ATMOSPHERIC_TRANSIENT_00321,ATMOSPHERIC_TRANSIENT,True,high_coherence_atmospheric
6.0,34.56,6.91,0.23,30.78,0.0,0.7601,0.0779,0.6767,0.8257,0.0706,1.406,0.199,0.917,2.197,1.563,0.57,2.197,1.0,2.0,1.0,0.4,-20.8693,0.6181,-892.58,0.4735,0.3377,0.0,STRATA_SYN_STRUCTURAL_MONOTONIC_00370,STRUCTURAL_MONOTONIC,False,none
11.0,143.06,14.31,0.29,30.24,0.0,0.7758,0.0864,0.6779,0.8558,0.0667,2.616,-0.9564,3.6298,14.2196,5.436,4.1136,12.0365,0.8465,7.0,5.0,0.5,-12.0444,3.3096,48.3522,3.2934,-0.1149,0.7786,STRATA_SYN_ATMOSPHERIC_TRANSIENT_00191,ATMOSPHERIC_TRANSIENT,False,none
9.0,85.38,10.67,0.22,41.41,0.0,0.7928,0.0568,0.6955,0.8172,0.0592,2.835,-0.2161,4.0601,12.2772,4.331,3.9298,12.2772,1.0,6.0,3.0,0.5,34.1863,3.1334,-707.1874,2.5925,0.1607,0.4361,STRATA_SYN_ATMOSPHERIC_TRANSIENT_00051,ATMOSPHERIC_TRANSIENT,False,none
10.0,146.53,16.28,0.23,36.36,0.0,0.1626,0.0439,0.1076,0.1648,0.0564,3.834,0.4831,2.8825,9.596,2.503,4.4319,9.596,1.0,7.0,6.0,0.5556,-2.1616,2.8692,146.0827,2.6692,-0.4931,0.9385,STRATA_SYN_LOW_QUALITY_00290,LOW_QUALITY,False,none
17.0,153.09,9.57,0.2,27.98,0.0,0.8442,0.0486,0.7889,0.8308,0.0593,0.642,5.8169,4.1516,14.769,23.005,5.1002,8.0057,0.5421,15.0,3.0,0.5,23.101,2.903,103.0273,2.8026,0.1208,0.1451,STRATA_SYN_TEMPORALLY_INCONSISTENT_00140,TEMPORALLY_INCONSISTENT,False,none
18.0,348.98,20.53,0.27,30.75,0.0,0.7653,0.0721,0.6526,0.8262,0.0711,2.161,-0.1665,2.5873,10.2116,4.725,3.0942,8.1691,0.8,10.0,8.0,0.5882,-0.5208,2.5829,-32.1243,2.2785,-0.0528,0.8003,STRATA_SYN_STABLE_00068,STABLE,False,none
13.0,164.49,13.71,0.33,31.26,0.0,0.7963,0.0838,0.651,0.8257,0.0783,0.849,0.0623,0.9052,3.0257,3.564,0.7708,2.6292,0.869,7.0,4.0,0.5,-0.3799,0.9036,34.9372,0.85,0.3172,0.8903,STRATA_SYN_STABLE_00248,STABLE,False,none
20.0,278.9,14.68,0.33,37.07,0.0,0.8149,0.0904,0.6667,0.8254,0.0661,1.701,2.1973,3.4002,11.32,6.655,5.2,11.0554,0.9766,18.0,10.0,0.5263,-4.1066,3.2648,14.6809,3.2458,-0.3995,0.871,STRATA_SYN_TEMPORALLY_INCONSISTENT_00354,TEMPORALLY_INCONSISTENT,False,none
19.0,179.68,9.98,0.31,39.47,0.0,0.7764,0.0686,0.6852,0.8236,0.0668,2.345,-1.8087,4.1298,16.6809,7.113,4.7721,11.6294,0.6972,15.0,10.0,0.5556,-12.4034,3.686,-134.5458,3.434,0.0478,0.5989,STRATA_SYN_TEMPORALLY_INCONSISTENT_00446,TEMPORALLY_INCONSISTENT,False,none
12.0,214.17,19.47,0.27,41.56,0.0,0.8306,0.0823,0.6914,0.8256,0.0646,2.101,-0.622,3.5726,14.0027,6.665,3.9696,9.6935,0.6923,10.0,3.0,0.5455,-9.2591,3.139,7.9555,3.1367,0.0162,0.5647,STRATA_SYN_ATMOSPHERIC_TRANSIENT_00054,ATMOSPHERIC_TRANSIENT,False,none
20.0,313.28,16.49,0.29,42.53,0.0,0.7884,0.0818,0.6623,0.8313,0.0872,0.576,-4.9059,3.2656,10.8778,18.885,0.8487,2.1759,0.2,10.0,1.0,0.6842,-12.3506,0.5862,2.1096,0.5827,0.8485,0.0,STRATA_SYN_STRUCTURAL_MONOTONIC_00290,STRUCTURAL_MONOTONIC,False,none
16.0,278.9,18.59,0.27,37.27,0.0,0.8273,0.0777,0.7323,0.8266,0.0617,1.095,2.7234,1.8182,6.1887,5.652,1.5558,3.1834,0.5144,8.0,1.0,0.5333,6.5932,0.9551,4.4749,0.9488,0.3883,0.0,STRATA_SYN_STRUCTURAL_MONOTONIC_00176,STRUCTURAL_MONOTONIC,False,none
9.0,188.88,23.61,0.2,41.44,0.0,0.7753,0.084,0.6823,0.8452,0.0759,1.627,-2.183,1.8571,6.3015,3.873,2.0741,4.0596,0.6442,5.0,2.0,0.5,-6.9253,1.4532,22.4791,1.427,0.2384,0.4125,STRATA_SYN_STRUCTURAL_MONOTONIC_00494,STRUCTURAL_MONOTONIC,False,none
15.0,171.33,12.24,0.34,30.8,0.0,0.8188,0.075,0.6991,0.805,0.0574,1.994,0.747,1.5188,5.4216,2.719,2.0197,3.4765,0.6412,9.0,8.0,0.5,-2.0237,1.49,-75.7303,1.3122,-0.1128,0.9998,STRATA_SYN_STRUCTURAL_MONOTONIC_00110,STRUCTURAL_MONOTONIC,True,noise_reversal_edge
15.0,126.22,9.02,0.33,31.48,0.0,0.9248,0.0267,0.8922,0.8042,0.0647,0.588,-0.1387,1.0494,4.3685,7.429,1.1197,3.9606,0.9066,11.0,7.0,0.5714,3.5672,0.9785,28.8006,0.9676,-0.2182,0.5585,STRATA_SYN_ATMOSPHERIC_TRANSIENT_00484,ATMOSPHERIC_TRANSIENT,True,high_coherence_atmospheric
15.0,204.74,14.62,0.31,29.32,0.0,0.1631,0.043,0.1136,0.1667,0.0454,4.432,-2.0163,4.3034,15.6423,3.529,5.3447,14.3926,0.9201,8.0,7.0,0.5714,4.675,4.2271,-51.53,4.1714,-0.2753,0.357,STRATA_SYN_LOW_QUALITY_00429,LOW_QUALITY,False,none
13.0,160.21,13.35,0.33,28.87,0.0,0.1573,0.0339,0.1168,0.1958,0.0469,2.597,0.5082,2.4508,8.7827,3.382,2.5354,4.8034,0.5469,4.0,4.0,0.5833,-3.7872,2.3953,-95.4004,2.2606,0.2367,0.696,STRATA_SYN_LOW_QUALITY_00488,LOW_QUALITY,False,none
6.0,40.66,8.13,0.36,42.15,0.0,0.8119,0.0768,0.6997,0.7731,0.0549,1.603,0.2236,1.737,4.9053,3.06,2.2239,4.9053,1.0,3.0,1.0,0.6,28.2342,1.3601,648.7225,1.2999,-0.1427,0.0,STRATA_SYN_STABLE_00046,STABLE,False,none
10.0,168.21,18.69,0.27,36.61,0.0,0.1724,0.033,0.1136,0.1829,0.047,3.061,-0.5833,2.1446,7.8327,2.559,2.4695,5.3556,0.6837,7.0,4.0,0.5556,-7.7877,1.8149,-68.0352,1.6959,-0.1368,0.3514,STRATA_SYN_LOW_QUALITY_00326,LOW_QUALITY,False,none
8.0,108.39,15.48,0.29,36.13,0.0,0.8312,0.0721,0.6846,0.7669,0.0507,2.757,-2.0181,5.739,20.3872,7.395,6.9419,12.688,0.6224,4.0,3.0,0.7143,32.5445,4.7885,300.4447,4.6262,0.0516,0.5619,STRATA_SYN_ATMOSPHERIC_TRANSIENT_00273,ATMOSPHERIC_TRANSIENT,False,none
7.0,75.32,12.55,0.35,41.97,0.0,0.8167,0.0602,0.7308,0.8152,0.067,1.822,-0.0669,1.3203,4.1132,2.258,1.7251,3.3879,0.8237,3.0,3.0,0.6667,-2.286,1.311,64.3563,1.3043,-0.2183,0.7372,STRATA_SYN_STRUCTURAL_MONOTONIC_00209,STRUCTURAL_MONOTONIC,False,none
16.0,293.61,19.57,0.23,27.61,0.0,0.7764,0.1032,0.653,0.8445,0.0823,2.701,4.253,5.3469,20.3832,7.547,6.9406,14.1512,0.6943,14.0,5.0,0.5333,13.3795,4.2021,-27.5774,4.1348,-0.0291,0.3414,STRATA_SYN_TEMPORALLY_INCONSISTENT_00124,TEMPORALLY_INCONSISTENT,False,none
13.0,213.5,17.79,0.31,29.1,0.0,0.7757,0.0935,0.6684,0.8144,0.0879,2.214,0.3257,2.4078,7.3061,3.3,3.0111,7.2521,0.9926,6.0,6.0,0.5833,-1.709,2.3875,-32.8575,2.338,-0.0685,0.9522,STRATA_SYN_STABLE_00416,STABLE,False,none
7.0,81.07,13.51,0.33,30.59,0.0,0.7765,0.0924,0.6568,0.8109,0.0685,1.363,1.0087,1.3694,4.6551,3.415,1.7619,4.6551,1.0,2.0,2.0,0.8333,-1.3311,1.3658,164.7592,1.3088,-0.1886,0.625,STRATA_SYN_ATMOSPHERIC_TRANSIENT_00499,ATMOSPHERIC_TRANSIENT,False,none
20.0,309.92,16.31,0.24,34.3,0.0,0.7741,0.0902,0.6662,0.8305,0.0748,0.503,0.083,4.2049,11.9422,23.742,1.3121,3.2702,0.2738,6.0,2.0,0.5789,1.2432,4.1926,133.2814,1.4253,0.8509,0.2939,STRATA_SYN_SEASONAL_ENVIRONMENTAL_00369,SEASONAL_ENVIRONMENTAL,False,none
15.0,284.36,20.31,0.31,40.75,0.0,0.8003,0.0761,0.6828,0.8364,0.0771,0.702,0.175,0.6722,2.3387,3.331,0.8409,2.2275,0.9525,10.0,7.0,0.5714,-0.3688,0.6663,-4.0292,0.6583,-0.2012,0.6004,STRATA_SYN_STABLE_00107,STABLE,False,none
9.0,64.74,8.09,0.21,32.23,0.0,0.1842,0.0322,0.1344,0.1873,0.0347,4.051,-1.5107,6.3046,18.7757,4.635,5.4447,10.0085,0.5331,4.0,3.0,0.75,-94.1551,3.2242,-263.4,3.2021,0.3076,0.0,STRATA_SYN_LOW_QUALITY_00248,LOW_QUALITY,False,none
14.0,268.08,20.62,0.28,32.55,0.0,0.7896,0.0755,0.6549,0.7872,0.0773,0.632,-0.1393,8.8989,26.9225,42.599,4.5597,7.8008,0.2898,2.0,3.0,0.5385,21.186,7.4716,-49.0019,7.3862,0.8459,0.5132,STRATA_SYN_SEASONAL_ENVIRONMENTAL_00280,SEASONAL_ENVIRONMENTAL,True,strong_seasonal_amplitude
13.0,190.89,15.91,0.24,30.41,0.0,0.7884,0.0542,0.7117,0.797,0.0694,0.507,-2.2037,1.4385,4.8898,9.645,0.6706,1.7957,0.3672,3.0,1.0,0.6667,-8.1438,0.5556,-9.3957,0.5444,0.6025,0.0,STRATA_SYN_STRUCTURAL_MONOTONIC_00095,STRUCTURAL_MONOTONIC,False,none
6.0,51.0,10.2,0.18,37.77,0.0,0.8338,0.0465,0.7731,0.8144,0.0746,2.806,3.6523,4.5499,13.8831,4.948,8.075,13.8831,1.0,3.0,2.0,0.6,-12.1919,4.5124,-714.9473,4.4589,-0.7661,0.9765,STRATA_SYN_TEMPORALLY_INCONSISTENT_00245,TEMPORALLY_INCONSISTENT,False,none
6.0,62.76,12.55,0.26,42.36,0.0,0.7767,0.0936,0.6587,0.8139,0.0789,1.563,6.0804,4.1457,11.5194,7.37,4.041,7.5762,0.6577,4.0,0.0,0.6,61.9187,1.9667,465.7613,1.8441,0.1617,0.0,STRATA_SYN_TEMPORALLY_INCONSISTENT_00484,TEMPORALLY_INCONSISTENT,False,none
13.0,129.36,10.78,0.31,38.28,0.0,0.7875,0.0926,0.6557,0.831,0.0743,1.923,-4.2554,5.6998,17.9218,9.32,2.2981,4.9203,0.2745,6.0,3.0,0.5833,-45.0304,2.7992,425.6993,1.5942,0.7334,0.1247,STRATA_SYN_SEASONAL_ENVIRONMENTAL_00257,SEASONAL_ENVIRONMENTAL,False,none
13.0,216.29,18.02,0.25,34.69,0.0,0.8188,0.1186,0.6608,0.8222,0.0678,2.799,1.2322,3.1682,9.5228,3.402,3.1295,8.7696,0.9209,6.0,7.0,0.5,6.9413,2.8977,-76.8552,2.6542,0.294,0.7119,STRATA_SYN_STRUCTURAL_ACCELERATING_00412,STRUCTURAL_ACCELERATING,False,none
15.0,273.23,19.52,0.27,36.05,0.0,0.7961,0.0948,0.6504,0.836,0.0622,1.704,0.8114,3.705,15.2403,8.944,3.6079,14.9679,0.9821,10.0,9.0,0.5714,-0.3708,3.704,-18.9668,3.6767,-0.1999,0.7511,STRATA_SYN_ATMOSPHERIC_TRANSIENT_00429,ATMOSPHERIC_TRANSIENT,False,none
20.0,153.36,8.07,0.22,28.83,0.0,0.829,0.0963,0.6556,0.8117,0.0918,2.655,3.4682,4.2635,13.6851,5.154,6.354,11.3314,0.828,16.0,7.0,0.4737,2.498,4.2516,29.2683,4.2464,-0.4184,0.5244,STRATA_SYN_TEMPORALLY_INCONSISTENT_00049,TEMPORALLY_INCONSISTENT,False,none
20.0,256.54,13.5,0.24,38.36,0.0,0.8099,0.0971,0.651,0.8363,0.0676,1.737,5.8877,4.0179,13.992,8.055,6.3766,12.8114,0.9156,18.0,4.0,0.5263,5.4457,3.8458,-42.2964,3.7492,-0.5121,0.2523,STRATA_SYN_TEMPORALLY_INCONSISTENT_00075,TEMPORALLY_INCONSISTENT,False,none
15.0,284.98,20.36,0.28,27.77,0.0,0.9225,0.0248,0.8904,0.8314,0.0759,2.374,0.3654,4.7461,21.3172,8.979,5.5489,18.6317,0.874,12.0,10.0,0.5714,0.4488,4.7448,46.4958,4.5911,-0.2023,0.9736,STRATA_SYN_ATMOSPHERIC_TRANSIENT_00110,ATMOSPHERIC_TRANSIENT,True,high_coherence_atmospheric
11.0,150.85,15.09,0.29,25.56,0.0,0.8162,0.0909,0.6591,0.8513,0.0715,0.939,1.3489,3.2708,9.5253,10.144,1.1075,4.1594,0.4367,3.0,1.0,0.8,23.9359,0.9717,-80.4932,0.7595,0.7128,0.0,STRATA_SYN_SEASONAL_ENVIRONMENTAL_00249,SEASONAL_ENVIRONMENTAL,False,none
11.0,68.66,6.87,0.32,34.38,0.0,0.801,0.0908,0.6616,0.834,0.0916,2.315,0.3937,2.9915,11.0308,4.765,3.0476,7.4496,0.6753,6.0,6.0,0.6,-14.6287,2.8659,1160.7964,2.2209,0.1048,0.8498,STRATA_SYN_ATMOSPHERIC_TRANSIENT_00333,ATMOSPHERIC_TRANSIENT,False,none
8.0,137.7,19.67,0.2,30.25,0.0,0.1444,0.0283,0.1056,0.1654,0.0495,4.876,-4.4861,3.777,10.4565,2.144,4.7521,8.0033,0.7654,3.0,4.0,0.5714,-4.9886,3.7265,114.2949,3.6482,0.0772,0.7432,STRATA_SYN_LOW_QUALITY_00234,LOW_QUALITY,False,none
14.0,124.05,9.54,0.26,32.56,0.0,0.1812,0.0347,0.1209,0.1863,0.0408,3.249,-0.1937,3.0779,12.7165,3.914,2.969,8.5904,0.6755,8.0,7.0,0.4615,15.1535,2.634,-155.421,2.5203,0.1466,0.5791,STRATA_SYN_LOW_QUALITY_00274,LOW_QUALITY,False,none
17.0,232.72,14.54,0.26,27.44,0.0,0.8209,0.0817,0.6884,0.8384,0.0593,1.356,-1.4356,2.2043,8.3957,6.192,1.3898,3.9462,0.47,7.0,3.0,0.5,-8.906,1.3526,1.0568,1.3525,0.5923,0.2095,STRATA_SYN_STRUCTURAL_MONOTONIC_00036,STRUCTURAL_MONOTONIC,False,none
18.0,317.17,18.66,0.31,38.59,0.0,0.8306,0.0658,0.7213,0.8398,0.0713,2.554,-2.2661,2.7677,9.4494,3.7,3.1487,5.9133,0.6258,11.0,8.0,0.4706,-5.6155,2.3322,-20.221,2.2448,0.1305,0.5282,STRATA_SYN_STRUCTURAL_ACCELERATING_00407,STRUCTURAL_ACCELERATING,False,none
6.0,70.97,14.19,0.3,42.11,0.0,0.8304,0.0838,0.6647,0.7582,0.0493,3.0,-1.406,2.6083,7.942,2.647,4.3512,6.2361,0.7852,3.0,4.0,0.6,-2.3853,2.6035,69.7525,2.6002,-0.3926,0.6847,STRATA_SYN_STABLE_00090,STABLE,True,elevated_noise_stable
20.0,254.16,13.38,0.23,36.75,0.0,0.7824,0.0588,0.6704,0.7906,0.068,3.181,-0.5646,2.2282,8.6918,2.732,2.3592,5.0038,0.5757,10.0,8.0,0.4737,-4.0568,2.0569,56.7433,1.7198,0.2146,0.8889,STRATA_SYN_SEASONAL_ENVIRONMENTAL_00234,SEASONAL_ENVIRONMENTAL,True,seasonal_with_high_noise
6.0,112.44,22.49,0.06,37.24,0.0,0.77,0.0765,0.6735,0.8116,0.0667,1.449,-0.5463,1.2797,4.328,2.987,1.5779,4.328,1.0,2.0,1.0,0.6,3.0785,1.238,82.1719,1.1755,-0.4804,0.0,STRATA_SYN_STRUCTURAL_MONOTONIC_00161,STRUCTURAL_MONOTONIC,True,weak_structural_near_noise
20.0,243.2,12.8,0.29,40.61,0.0,0.1821,0.0445,0.1021,0.1703,0.0468,4.985,-2.6236,4.5039,17.3391,3.478,5.5446,16.7235,0.9645,12.0,7.0,0.5263,-9.1142,4.1114,19.9473,4.0953,-0.2073,0.3876,STRATA_SYN_LOW_QUALITY_00084,LOW_QUALITY,False,none
7.0,61.61,10.27,0.24,39.05,0.0,0.7871,0.0999,0.6787,0.8588,0.0687,2.034,-1.6532,4.1363,12.4173,6.105,4.3588,12.1357,0.9773,3.0,2.0,0.6667,-11.6421,4.0842,1873.2439,3.1841,0.0424,0.8511,STRATA_SYN_ATMOSPHERIC_TRANSIENT_00117,ATMOSPHERIC_TRANSIENT,False,none
14.0,101.58,7.81,0.26,42.74,0.0,0.7809,0.0801,0.6511,0.8352,0.065,2.248,-0.3857,2.8377,8.6491,3.847,3.1269,6.992,0.8084,7.0,6.0,0.6154,-11.2375,2.6669,220.5623,2.5661,0.0804,0.8455,STRATA_SYN_SEASONAL_ENVIRONMENTAL_00385,SEASONAL_ENVIRONMENTAL,False,none
12.0,74.94,6.81,0.36,25.27,0.0,0.786,0.0825,0.6679,0.8243,0.0886,0.52,-0.0766,0.6397,2.0962,4.031,0.8347,1.4441,0.6889,8.0,5.0,0.5455,-5.6059,0.5308,-95.9378,0.5007,-0.1418,0.1068,STRATA_SYN_STRUCTURAL_MONOTONIC_00261,STRUCTURAL_MONOTONIC,False,none
19.0,153.67,8.54,0.31,30.31,0.0,0.1869,0.0357,0.1172,0.1723,0.0395,3.652,-0.3236,4.1917,15.2633,4.179,5.2366,13.8119,0.9049,9.0,10.0,0.5,6.8319,4.0997,134.8038,3.9793,-0.0261,0.984,STRATA_SYN_LOW_QUALITY_00043,LOW_QUALITY,False,none
19.0,281.25,15.63,0.3,32.12,0.0,0.7989,0.0729,0.6615,0.7874,0.0609,2.408,0.5421,2.3545,9.3877,3.899,2.402,9.1711,0.9769,12.0,11.0,0.5556,-4.8761,2.0597,9.5669,2.0464,0.0424,0.6524,STRATA_SYN_STABLE_00444,STABLE,False,none
9.0,58.53,7.32,0.3,44.85,0.0,0.8064,0.061,0.6954,0.8268,0.0713,0.625,-1.0466,3.389,11.4906,18.385,3.3001,11.1912,0.9739,5.0,5.0,0.5,-10.9389,3.3416,228.6417,3.3306,-0.1982,0.8901,STRATA_SYN_ATMOSPHERIC_TRANSIENT_00088,ATMOSPHERIC_TRANSIENT,False,none
18.0,169.43,9.97,0.29,41.35,0.0,0.781,0.0886,0.6584,0.8317,0.0708,0.753,-0.9582,5.3522,19.8091,26.307,5.6292,8.3403,0.421,16.0,5.0,0.5294,-27.7931,3.6215,-91.5942,3.528,0.4102,0.6635,STRATA_SYN_TEMPORALLY_INCONSISTENT_00485,TEMPORALLY_INCONSISTENT,False,none
9.0,160.56,20.07,0.27,43.5,0.0,0.9352,0.0321,0.8972,0.8224,0.0566,2.402,2.2192,2.6723,7.5367,3.138,2.9561,6.2241,0.8258,4.0,1.0,0.625,8.3776,2.3932,-136.0132,2.0709,0.0622,0.0,STRATA_SYN_ATMOSPHERIC_TRANSIENT_00309,ATMOSPHERIC_TRANSIENT,True,high_coherence_atmospheric
6.0,118.32,23.66,0.22,36.84,0.0,0.8503,0.0849,0.6895,0.8501,0.0515,2.575,0.2547,2.2651,6.1752,2.398,1.2657,2.8415,0.4601,1.0,1.0,0.6,19.4012,0.7246,110.8576,0.4335,0.4665,0.0,STRATA_SYN_STRUCTURAL_MONOTONIC_00043,STRUCTURAL_MONOTONIC,False,none
8.0,163.85,23.41,0.22,40.1,0.0,0.8106,0.0916,0.6783,0.8156,0.0785,1.838,0.8978,1.3405,4.2872,2.333,1.1542,4.2483,0.9909,5.0,2.0,0.5714,-1.4772,1.3228,78.9962,1.0947,-0.0714,0.2305,STRATA_SYN_STABLE_00429,STABLE,False,none
10.0,83.24,9.25,0.35,32.2,0.0,0.8497,0.0838,0.6775,0.8042,0.06,1.84,-2.2928,2.3402,7.6097,4.136,1.7819,3.6678,0.482,4.0,1.0,0.7778,-26.9067,1.2799,264.8824,1.1202,0.4025,0.0,STRATA_SYN_SEASONAL_ENVIRONMENTAL_00481,SEASONAL_ENVIRONMENTAL,False,none
19.0,297.37,16.52,0.26,41.45,0.0,0.7861,0.079,0.6662,0.8048,0.07,1.04,7.5224,5.044,20.4347,19.649,5.3536,9.2464,0.4525,17.0,3.0,0.5,16.0782,3.0975,5.311,3.094,0.3075,0.1948,STRATA_SYN_TEMPORALLY_INCONSISTENT_00267,TEMPORALLY_INCONSISTENT,False,none
19.0,226.07,12.56,0.24,32.85,0.0,0.7925,0.092,0.6513,0.8277,0.075,2.826,-0.0217,3.0163,12.4998,4.423,3.5685,9.8355,0.7869,11.0,11.0,0.5,2.9183,2.9661,54.0784,2.8406,-0.1339,0.4371,STRATA_SYN_STABLE_00430,STABLE,False,none
17.0,367.51,22.97,0.27,37.28,0.0,0.9252,0.0279,0.8836,0.8388,0.0665,2.178,0.1827,3.9189,19.789,9.086,4.0918,12.2171,0.6174,8.0,8.0,0.5,-4.0332,3.7169,-13.8409,3.6708,-0.0254,0.9251,STRATA_SYN_ATMOSPHERIC_TRANSIENT_00381,ATMOSPHERIC_TRANSIENT,True,high_coherence_atmospheric
9.0,185.49,23.19,0.26,35.02,0.0,0.8118,0.0772,0.7278,0.8252,0.0482,2.966,-1.8876,2.6288,8.7827,2.961,2.9975,5.6755,0.6462,6.0,1.0,0.625,-11.0182,1.9069,30.3357,1.8732,0.1653,0.0,STRATA_SYN_STRUCTURAL_MONOTONIC_00055,STRUCTURAL_MONOTONIC,False,none
19.0,216.25,12.01,0.28,29.53,0.0,0.8095,0.0875,0.6682,0.8112,0.0729,2.557,0.9514,3.4895,15.6171,6.108,3.9959,13.2619,0.8492,10.0,8.0,0.5,0.3422,3.4889,52.4477,3.4055,-0.1427,0.6294,STRATA_SYN_ATMOSPHERIC_TRANSIENT_00469,ATMOSPHERIC_TRANSIENT,False,none
9.0,153.85,19.23,0.34,25.99,0.0,0.7772,0.0779,0.6551,0.7757,0.064,1.27,-0.4406,1.4837,5.6842,4.476,2.0039,3.7931,0.6673,5.0,6.0,0.625,-1.1438,1.4755,109.8787,1.1782,-0.3761,0.6355,STRATA_SYN_ATMOSPHERIC_TRANSIENT_00238,ATMOSPHERIC_TRANSIENT,False,none
15.0,93.95,6.71,0.3,33.89,0.0,0.1545,0.0297,0.1136,0.183,0.0449,3.115,0.8799,1.8159,7.0593,2.266,2.3171,7.0593,1.0,9.0,8.0,0.6429,3.8426,1.7898,-86.7038,1.7733,-0.2273,0.8169,STRATA_SYN_LOW_QUALITY_00158,LOW_QUALITY,False,none
9.0,189.83,23.73,0.23,39.56,0.0,0.8566,0.0749,0.7152,0.8333,0.0706,0.809,-0.6791,0.7931,2.533,3.131,1.1222,2.533,1.0,4.0,3.0,0.625,-0.3257,0.7912,3.4286,0.7901,-0.4795,0.4754,STRATA_SYN_STRUCTURAL_MONOTONIC_00210,STRUCTURAL_MONOTONIC,False,none
18.0,221.69,13.04,0.34,40.24,0.0,0.7747,0.0916,0.6515,0.8147,0.0753,2.792,0.0066,1.9909,7.1021,2.544,2.3526,7.1021,1.0,11.0,9.0,0.5294,-3.8409,1.86,5.3466,1.8582,-0.2374,0.3782,STRATA_SYN_STABLE_00169,STABLE,False,none
24.0,457.23,19.88,0.27,30.13,0.0,0.7875,0.0807,0.6879,0.8305,0.0618,1.007,-0.8373,4.216,14.3029,14.203,1.8585,4.7032,0.3288,9.0,3.0,0.5652,0.4773,4.2121,-22.1254,3.9731,0.8283,0.1592,STRATA_SYN_SEASONAL_ENVIRONMENTAL_00363,SEASONAL_ENVIRONMENTAL,False,none
17.0,173.8,10.86,0.27,27.27,0.0,0.7775,0.0891,0.6536,0.8266,0.0691,1.538,0.4105,2.2578,10.7061,6.961,2.0287,9.3469,0.873,10.0,8.0,0.5625,3.0504,2.2133,107.1255,1.9688,0.0682,0.894,STRATA_SYN_ATMOSPHERIC_TRANSIENT_00373,ATMOSPHERIC_TRANSIENT,False,none
17.0,104.98,6.56,0.28,33.12,0.0,0.8044,0.1028,0.6541,0.8364,0.0739,1.357,1.7193,1.5858,5.5319,4.077,1.7559,4.3324,0.7832,11.0,6.0,0.5625,11.1431,1.2443,81.8395,1.2118,0.155,0.5582,STRATA_SYN_STRUCTURAL_MONOTONIC_00295,STRUCTURAL_MONOTONIC,False,none
8.0,116.51,16.64,0.29,25.57,0.0,0.812,0.0865,0.6667,0.8132,0.0537,1.286,-1.5279,0.8814,2.9858,2.322,1.1069,1.8982,0.6357,4.0,0.0,0.5714,-4.2264,0.7631,-84.0134,0.6501,-0.1481,0.0,STRATA_SYN_STRUCTURAL_MONOTONIC_00117,STRUCTURAL_MONOTONIC,False,none
13.0,254.46,21.2,0.31,29.53,0.0,0.7898,0.0752,0.6737,0.8581,0.078,1.331,-1.1383,1.0661,3.6048,2.708,1.2882,2.7902,0.774,8.0,4.0,0.5833,-2.0175,0.9717,-4.5059,0.9672,0.0729,0.4492,STRATA_SYN_STRUCTURAL_MONOTONIC_00436,STRUCTURAL_MONOTONIC,False,none
9.0,67.87,8.48,0.28,26.52,0.0,0.9457,0.0277,0.8941,0.8108,0.0752,2.374,2.2955,4.525,15.3144,6.451,6.186,15.3144,1.0,5.0,4.0,0.5,-0.1486,4.525,-471.6248,4.4632,-0.4619,0.935,STRATA_SYN_ATMOSPHERIC_TRANSIENT_00345,ATMOSPHERIC_TRANSIENT,True,high_coherence_atmospheric
13.0,259.15,21.6,0.24,40.17,0.0,0.8027,0.0854,0.6796,0.8135,0.0914,1.238,1.3194,2.3944,7.5663,6.112,4.0764,6.0884,0.8047,11.0,6.0,0.5,-3.0139,2.2997,-37.3499,2.1518,-0.6257,0.7579,STRATA_SYN_TEMPORALLY_INCONSISTENT_00457,TEMPORALLY_INCONSISTENT,False,none
18.0,372.99,21.94,0.34,44.95,0.0,0.7767,0.0779,0.6828,0.8325,0.0717,1.379,-1.948,2.1664,6.9092,5.01,1.3496,3.331,0.4821,9.0,3.0,0.5882,-5.135,1.4593,10.1257,1.3923,0.6164,0.1508,STRATA_SYN_STRUCTURAL_MONOTONIC_00089,STRUCTURAL_MONOTONIC,False,none
10.0,134.3,14.92,0.17,37.4,0.0,0.7992,0.0586,0.7025,0.8229,0.0632,1.177,-1.3476,3.344,12.8127,10.886,3.3197,11.0589,0.8631,7.0,4.0,0.5556,7.7313,3.2183,6.7868,3.2181,-0.0932,0.9476,STRATA_SYN_ATMOSPHERIC_TRANSIENT_00442,ATMOSPHERIC_TRANSIENT,False,none
12.0,75.98,6.91,0.35,44.63,0.0,0.1739,0.0345,0.1161,0.1601,0.0348,4.738,0.7629,3.4407,12.9084,2.724,4.4163,9.2567,0.7171,8.0,7.0,0.5455,2.6773,3.4362,-197.6943,3.4159,-0.0704,0.5677,STRATA_SYN_LOW_QUALITY_00252,LOW_QUALITY,False,none
18.0,207.27,12.19,0.34,39.39,0.0,0.8173,0.0919,0.6654,0.8046,0.0638,0.805,2.0702,1.6706,6.892,8.561,1.1104,2.8945,0.42,11.0,1.0,0.4706,8.4795,0.7991,-3.0121,0.7981,0.5704,0.0,STRATA_SYN_STRUCTURAL_MONOTONIC_00200,STRUCTURAL_MONOTONIC,False,none
6.0,114.18,22.84,0.22,42.33,0.0,0.1537,0.0214,0.1197,0.1847,0.0123,3.758,0.4656,1.9105,5.9,1.57,3.1952,5.9,1.0,4.0,4.0,0.6,-0.1225,1.9104,150.1798,1.7644,-0.6029,0.5731,STRATA_SYN_LOW_QUALITY_00362,LOW_QUALITY,False,none
13.0,75.43,6.29,0.23,26.91,0.0,0.1718,0.0287,0.1268,0.1612,0.0359,4.396,0.4586,3.9362,12.96,2.948,4.8487,10.312,0.7957,7.0,6.0,0.5833,9.6731,3.8863,619.8577,3.715,-0.0268,0.9243,STRATA_SYN_LOW_QUALITY_00467,LOW_QUALITY,False,none
13.0,102.8,8.57,0.25,27.3,0.0,0.8221,0.0906,0.6766,0.7937,0.0656,0.558,3.0557,3.1112,11.7389,21.037,4.8127,7.3223,0.6238,11.0,2.0,0.5,17.4778,2.7079,193.9547,2.6246,-0.2914,0.3021,STRATA_SYN_TEMPORALLY_INCONSISTENT_00125,TEMPORALLY_INCONSISTENT,False,none
11.0,99.71,9.97,0.3,29.66,0.0,0.8104,0.0657,0.7004,0.8522,0.0692,0.501,-2.26,9.4708,26.4869,52.868,2.6487,4.9778,0.1879,0.0,1.0,1.0,108.4777,1.4291,288.9411,1.0661,0.7742,0.0,STRATA_SYN_SEASONAL_ENVIRONMENTAL_00143,SEASONAL_ENVIRONMENTAL,True,strong_seasonal_amplitude
18.0,121.81,7.17,0.29,41.11,0.0,0.7811,0.0807,0.6675,0.8465,0.0756,1.022,-0.63,0.8221,3.0804,3.014,0.9297,2.3537,0.7641,13.0,4.0,0.5882,-4.5457,0.6816,-15.0047,0.678,0.1022,0.4634,STRATA_SYN_STRUCTURAL_MONOTONIC_00395,STRUCTURAL_MONOTONIC,False,none
17.0,249.62,15.6,0.23,30.25,0.0,0.8127,0.072,0.6561,0.826,0.0755,2.449,-0.9933,3.0264,10.3469,4.225,3.5723,8.8246,0.8529,8.0,5.0,0.5625,-7.1453,2.6307,29.475,2.5672,-0.0175,0.6873,STRATA_SYN_STRUCTURAL_MONOTONIC_00433,STRUCTURAL_MONOTONIC,False,none
13.0,76.79,6.4,0.27,37.69,0.0,0.845,0.0653,0.6873,0.8501,0.0734,2.305,-0.4504,3.5847,15.4063,6.684,3.8316,11.2866,0.7326,6.0,5.0,0.5,-3.0351,3.5791,446.8235,3.4762,0.0495,0.824,STRATA_SYN_ATMOSPHERIC_TRANSIENT_00218,ATMOSPHERIC_TRANSIENT,False,none
13.0,127.82,10.65,0.28,37.48,0.0,0.1699,0.0466,0.1023,0.167,0.0469,2.986,-0.858,1.5317,5.0471,1.69,2.0401,3.8627,0.7653,7.0,4.0,0.5,6.1778,1.3751,36.9661,1.3611,-0.1897,0.6605,STRATA_SYN_LOW_QUALITY_00032,LOW_QUALITY,False,none
12.0,169.17,15.38,0.27,40.82,0.0,0.8164,0.0728,0.6591,0.8184,0.0518,0.874,-3.0503,1.6456,4.8425,5.541,0.8272,2.0889,0.4314,4.0,0.0,0.5455,-10.3555,0.6692,-7.4129,0.6656,0.7024,0.0,STRATA_SYN_STRUCTURAL_MONOTONIC_00353,STRUCTURAL_MONOTONIC,False,none
11.0,240.86,24.09,0.24,33.91,0.0,0.8007,0.0879,0.6861,0.8434,0.0835,2.849,-4.2684,4.5013,19.3964,6.808,3.3401,10.2586,0.5289,6.0,1.0,0.6,-16.1415,2.9871,-3.8851,2.9861,0.1218,0.0,STRATA_SYN_STRUCTURAL_MONOTONIC_00143,STRUCTURAL_MONOTONIC,False,none
7.0,114.63,19.11,0.19,31.34,0.0,0.7939,0.0885,0.6606,0.8136,0.0729,3.104,-1.4378,2.3015,8.0142,2.582,3.4089,8.0142,1.0,4.0,4.0,0.5,-6.9369,2.1846,63.9109,2.1634,-0.5185,0.843,STRATA_SYN_STRUCTURAL_ACCELERATING_00465,STRUCTURAL_ACCELERATING,True,accelerating_moderate_noise
7.0,72.96,12.16,0.15,31.81,0.0,0.8307,0.0747,0.7093,0.7764,0.077,1.779,0.1473,1.489,4.6888,2.636,1.472,3.2113,0.6849,2.0,1.0,0.5,13.5463,1.1852,54.6846,1.1806,0.4384,0.0,STRATA_SYN_STRUCTURAL_ACCELERATING_00443,STRUCTURAL_ACCELERATING,False,none
19.0,404.24,22.46,0.28,28.52,0.0,0.8155,0.0956,0.6664,0.841,0.0506,1.12,-2.1014,1.527,5.2274,4.667,1.3119,3.6673,0.7016,11.0,5.0,0.5,-3.2182,1.0763,5.2343,1.0433,0.4302,0.3584,STRATA_SYN_STRUCTURAL_MONOTONIC_00094,STRUCTURAL_MONOTONIC,False,none
14.0,205.97,15.84,0.25,42.04,0.0,0.737,0.094,0.6571,0.8169,0.0577,2.357,0.3735,2.8455,8.9377,3.792,3.1783,7.0854,0.7928,8.0,6.0,0.6154,0.2868,2.8451,-140.6493,2.1116,0.0557,0.8804,STRATA_SYN_SEASONAL_ENVIRONMENTAL_00240,SEASONAL_ENVIRONMENTAL,False,none
7.0,72.86,12.14,0.29,39.15,0.0,0.7835,0.0894,0.6646,0.8068,0.069,2.156,0.1551,1.8337,5.6279,2.61,1.6645,4.8595,0.8635,3.0,1.0,0.6667,-18.0091,1.3899,181.5266,1.3454,0.2577,0.0,STRATA_SYN_STRUCTURAL_ACCELERATING_00322,STRUCTURAL_ACCELERATING,False,none
19.0,192.76,10.71,0.3,37.05,0.0,0.8018,0.0726,0.6571,0.8098,0.0741,1.357,-0.0172,1.9052,7.4733,5.507,1.8125,5.1813,0.6933,11.0,6.0,0.5,-2.5599,1.8605,79.957,1.6189,0.1638,0.6451,STRATA_SYN_STRUCTURAL_MONOTONIC_00428,STRUCTURAL_MONOTONIC,False,none
20.0,408.32,21.49,0.32,39.55,0.0,0.7997,0.0793,0.6947,0.8331,0.0747,2.333,-1.2517,3.2181,12.7997,5.486,3.3789,8.9116,0.6962,11.0,5.0,0.5263,-5.0852,2.7152,13.556,2.6249,0.0396,0.2218,STRATA_SYN_STRUCTURAL_MONOTONIC_00147,STRUCTURAL_MONOTONIC,False,none
17.0,258.85,16.18,0.35,31.66,0.0,0.7865,0.0998,0.6613,0.8215,0.0701,2.372,-1.3491,3.9979,15.0414,6.341,4.5545,9.1853,0.6107,11.0,8.0,0.5,1.2803,3.9882,51.7444,3.838,0.1482,0.7364,STRATA_SYN_TEMPORALLY_INCONSISTENT_00366,TEMPORALLY_INCONSISTENT,False,none
23.0,242.46,11.02,0.29,38.88,0.0,0.8081,0.0881,0.6747,0.822,0.0745,2.945,-0.6807,7.5797,25.2393,8.57,3.9516,9.7517,0.3864,12.0,2.0,0.6364,9.8149,7.3197,-304.6118,4.8762,0.8032,0.2335,STRATA_SYN_SEASONAL_ENVIRONMENTAL_00416,SEASONAL_ENVIRONMENTAL,False,none
11.0,95.81,9.58,0.21,40.32,0.0,0.8439,0.0638,0.7203,0.788,0.0562,2.097,2.4386,2.9175,9.4144,4.489,4.4737,6.959,0.7392,7.0,3.0,0.6,-0.6866,2.9169,-491.1866,2.5053,-0.3207,0.6279,STRATA_SYN_TEMPORALLY_INCONSISTENT_00199,TEMPORALLY_INCONSISTENT,False,none
12.0,219.42,19.95,0.25,28.17,0.0,0.7903,0.0938,0.6652,0.8078,0.068,0.971,-1.1206,0.8351,2.9112,2.998,0.8733,2.7506,0.9448,6.0,2.0,0.5455,-1.9358,0.7508,-13.0226,0.7223,-0.0036,0.16,STRATA_SYN_STRUCTURAL_ACCELERATING_00471,STRUCTURAL_ACCELERATING,False,none
22.0,339.3,16.16,0.27,31.53,0.0,0.8079,0.0908,0.6644,0.8311,0.0608,1.418,-0.0483,3.0291,12.1043,8.536,1.5518,6.202,0.5124,7.0,2.0,0.5238,4.4602,2.7599,44.2044,2.2851,0.7437,0.2693,STRATA_SYN_SEASONAL_ENVIRONMENTAL_00285,SEASONAL_ENVIRONMENTAL,False,none
7.0,114.59,19.1,0.25,41.08,0.0,0.8139,0.096,0.6633,0.8605,0.0308,1.87,2.2996,4.0819,11.8503,6.337,6.3698,9.2729,0.7825,3.0,3.0,0.6667,10.1539,3.9416,-5.0669,3.9415,-0.4116,0.8197,STRATA_SYN_TEMPORALLY_INCONSISTENT_00301,TEMPORALLY_INCONSISTENT,False,none
9.0,190.25,23.78,0.22,40.92,0.0,0.7811,0.0964,0.6571,0.8094,0.0613,2.755,1.855,6.0482,23.5976,8.565,5.4908,16.2948,0.6905,5.0,3.0,0.625,-12.8406,5.6504,-346.7789,3.6603,0.079,0.5535,STRATA_SYN_TEMPORALLY_INCONSISTENT_00420,TEMPORALLY_INCONSISTENT,False,none
10.0,194.48,21.61,0.3,25.15,0.0,0.1705,0.0415,0.1201,0.1533,0.0419,3.91,-1.0577,3.8249,13.1782,3.37,4.0822,10.8798,0.8256,3.0,4.0,0.7778,-2.6527,3.7981,-36.5772,3.7695,-0.089,0.9164,STRATA_SYN_LOW_QUALITY_00301,LOW_QUALITY,False,none
6.0,45.15,9.03,0.31,38.31,0.0,0.8519,0.0827,0.694,0.8789,0.0752,0.569,0.0936,0.4329,1.4691,2.582,0.5785,0.7796,0.5307,3.0,1.0,0.6,-4.882,0.3813,-156.4389,0.3619,0.102,0.0,STRATA_SYN_STABLE_00295,STABLE,True,short_sequence
9.0,89.37,11.17,0.25,37.02,0.0,0.1618,0.0297,0.1054,0.1504,0.0547,3.768,-0.3446,3.8416,10.6839,2.835,5.8015,10.6642,0.9982,7.0,4.0,0.5,18.7537,3.5453,-717.5771,2.9524,-0.2549,0.7263,STRATA_SYN_LOW_QUALITY_00033,LOW_QUALITY,False,none
14.0,254.68,19.59,0.27,37.98,0.0,0.1613,0.047,0.1045,0.1565,0.0302,3.806,-0.6193,3.9663,13.7326,3.608,5.2033,10.8844,0.7926,8.0,8.0,0.5385,-0.9589,3.9609,93.6455,3.4526,-0.1674,0.9378,STRATA_SYN_LOW_QUALITY_00072,LOW_QUALITY,False,none
16.0,100.66,6.71,0.31,31.98,0.0,0.8238,0.1027,0.6687,0.8433,0.0633,1.388,1.7843,3.6655,14.7299,10.612,5.7597,9.134,0.6201,14.0,9.0,0.5333,-8.6681,3.5908,-457.5487,3.288,-0.375,0.8054,STRATA_SYN_TEMPORALLY_INCONSISTENT_00218,TEMPORALLY_INCONSISTENT,False,none
11.0,93.48,9.35,0.34,27.14,0.0,0.1685,0.0381,0.1101,0.1817,0.0482,2.836,-0.3145,3.2629,12.4531,4.391,3.9045,8.1671,0.6558,6.0,6.0,0.4,-15.3086,3.0206,-632.3569,2.3999,-0.1876,0.7003,STRATA_SYN_LOW_QUALITY_00270,LOW_QUALITY,False,none
11.0,154.14,15.41,0.21,29.13,0.0,0.8359,0.0628,0.7464,0.8476,0.0789,1.888,1.2146,3.3809,13.7702,7.294,4.1761,10.346,0.7513,8.0,4.0,0.6,-1.0178,3.3782,-147.9701,3.1707,-0.1367,0.9653,STRATA_SYN_ATMOSPHERIC_TRANSIENT_00378,ATMOSPHERIC_TRANSIENT,False,none
9.0,182.02,22.75,0.35,29.64,0.0,0.8072,0.0962,0.6538,0.8048,0.0708,2.965,3.1649,2.5286,8.7346,2.946,2.2088,8.2923,0.9494,4.0,2.0,0.625,5.8398,2.3474,72.3536,2.1986,-0.0479,0.4165,STRATA_SYN_STRUCTURAL_ACCELERATING_00096,STRUCTURAL_ACCELERATING,False,none
6.0,110.34,22.07,0.22,37.81,0.0,0.7768,0.0631,0.6758,0.8903,0.0638,1.877,3.8474,3.6048,10.6507,5.674,5.7375,10.6507,1.0,4.0,2.0,0.6,12.9076,3.3487,256.2761,3.1397,-0.5696,0.1547,STRATA_SYN_TEMPORALLY_INCONSISTENT_00442,TEMPORALLY_INCONSISTENT,False,none
17.0,205.29,12.83,0.29,41.41,0.0,0.8014,0.0739,0.6517,0.8269,0.0779,2.754,-2.941,3.206,10.164,3.691,1.8423,5.5757,0.5486,9.0,5.0,0.5625,-15.9374,1.6524,-42.9395,1.5527,0.6629,0.1821,STRATA_SYN_STRUCTURAL_MONOTONIC_00137,STRUCTURAL_MONOTONIC,False,none
17.0,271.8,16.99,0.29,36.07,0.0,0.7714,0.0756,0.659,0.8311,0.0692,0.665,0.2449,0.6229,2.3931,3.599,0.868,1.617,0.6757,10.0,10.0,0.5625,0.0883,0.6226,7.8077,0.5959,-0.1843,0.9963,STRATA_SYN_STABLE_00281,STABLE,False,none
13.0,276.74,23.06,0.25,40.73,0.0,0.7989,0.092,0.6617,0.8358,0.07,0.854,4.9957,3.0668,9.51,11.136,5.095,7.3412,0.7719,11.0,0.0,0.5,2.7252,2.9983,-50.8123,2.7213,-0.5347,0.0,STRATA_SYN_TEMPORALLY_INCONSISTENT_00316,TEMPORALLY_INCONSISTENT,False,none
17.0,316.66,19.79,0.26,38.72,0.0,0.8021,0.094,0.6504,0.8131,0.0779,1.232,1.9359,1.5296,5.572,4.523,1.6504,3.8767,0.6957,10.0,2.0,0.5,3.3375,1.2462,-1.8677,1.2449,0.1101,0.3378,STRATA_SYN_STRUCTURAL_MONOTONIC_00496,STRUCTURAL_MONOTONIC,False,none
18.0,399.58,23.5,0.32,44.74,0.0,0.8245,0.0692,0.6567,0.8398,0.0702,2.456,0.1682,2.3304,9.6494,3.929,1.8469,7.3933,0.7662,9.0,9.0,0.5882,-0.8015,2.315,25.1293,1.9514,0.441,0.6278,STRATA_SYN_STRUCTURAL_MONOTONIC_00085,STRUCTURAL_MONOTONIC,False,none
19.0,212.4,11.8,0.28,27.15,0.0,0.7812,0.072,0.6514,0.7949,0.0543,1.458,0.3993,1.392,5.2434,3.596,1.502,3.5102,0.6695,11.0,7.0,0.6111,2.2573,1.333,0.9712,1.3329,0.1783,0.9301,STRATA_SYN_STABLE_00171,STABLE,False,none
6.0,38.03,7.61,0.33,28.05,0.0,0.8092,0.1,0.669,0.8101,0.0659,1.188,-3.8863,5.644,14.7549,12.42,9.6658,14.2542,0.9661,3.0,3.0,0.6,-50.4706,5.3463,4335.7577,4.8116,-0.5393,0.8672,STRATA_SYN_ATMOSPHERIC_TRANSIENT_00182,ATMOSPHERIC_TRANSIENT,False,none
14.0,194.74,14.98,0.3,38.63,0.0,0.7802,0.089,0.6524,0.7926,0.054,3.0,0.0769,2.7438,10.5185,3.506,3.5073,6.6264,0.63,9.0,9.0,0.5385,-7.6915,2.431,52.733,2.3457,-0.1414,0.4225,STRATA_SYN_STABLE_00157,STABLE,True,elevated_noise_stable
14.0,277.21,21.32,0.17,44.64,0.0,0.7661,0.0777,0.6577,0.8344,0.0771,2.853,2.7596,3.147,12.7683,4.475,4.2175,8.7923,0.6886,9.0,1.0,0.4615,4.3814,2.9729,-55.3691,2.6434,-0.3727,0.0,STRATA_SYN_TEMPORALLY_INCONSISTENT_00305,TEMPORALLY_INCONSISTENT,False,none
13.0,175.19,14.6,0.34,30.97,0.0,0.7861,0.0838,0.6574,0.8225,0.0691,1.045,0.7435,2.5746,10.2133,9.773,2.5498,9.4326,0.9236,7.0,7.0,0.5,-7.4584,2.3202,37.2473,2.2908,-0.1033,0.8763,STRATA_SYN_ATMOSPHERIC_TRANSIENT_00380,ATMOSPHERIC_TRANSIENT,False,none
9.0,170.17,21.27,0.34,35.26,0.0,0.77,0.0908,0.6547,0.8321,0.062,0.798,0.178,5.4825,23.0716,28.912,6.0486,11.8581,0.514,4.0,2.0,0.5,-4.1931,5.446,216.1848,5.0058,0.0492,0.6462,STRATA_SYN_ATMOSPHERIC_TRANSIENT_00143,ATMOSPHERIC_TRANSIENT,False,none
7.0,119.66,19.94,0.15,31.23,0.0,0.8142,0.0898,0.6788,0.8052,0.0655,0.781,4.0514,3.4333,10.3558,13.26,6.1698,7.4285,0.7173,5.0,2.0,0.5,10.2574,3.2455,-127.0965,3.1784,-0.5751,0.6821,STRATA_SYN_TEMPORALLY_INCONSISTENT_00149,TEMPORALLY_INCONSISTENT,False,none
18.0,145.53,8.56,0.33,37.7,0.0,0.8263,0.0859,0.6538,0.8221,0.0721,2.197,-1.1733,2.0427,7.6655,3.489,2.5115,5.7147,0.7455,9.0,6.0,0.6471,0.0203,2.0427,95.8407,1.9418,-0.0304,0.972,STRATA_SYN_STRUCTURAL_MONOTONIC_00413,STRUCTURAL_MONOTONIC,False,none
8.0,43.41,6.2,0.26,43.09,0.0,0.8361,0.0578,0.7204,0.8956,0.0344,1.335,-0.3277,1.5374,4.9988,3.744,1.7317,3.9397,0.7881,4.0,3.0,0.5714,22.0919,1.2768,997.2327,1.0926,0.0626,0.553,STRATA_SYN_STRUCTURAL_MONOTONIC_00188,STRUCTURAL_MONOTONIC,False,none
17.0,346.57,21.66,0.37,30.5,0.0,0.7692,0.0649,0.6829,0.8222,0.0641,0.51,-1.4205,1.2531,5.6329,11.045,0.8042,2.4707,0.4386,6.0,2.0,0.5625,-3.6324,0.6762,-6.0475,0.6368,0.4937,0.1049,STRATA_SYN_STRUCTURAL_ACCELERATING_00072,STRUCTURAL_ACCELERATING,False,none
20.0,259.9,13.68,0.28,35.79,0.0,0.7843,0.0859,0.6503,0.8252,0.0731,3.138,-0.2483,5.129,20.9856,6.688,4.3004,12.3061,0.5864,15.0,5.0,0.5263,-12.2934,4.39,5.859,4.3883,0.4447,0.7438,STRATA_SYN_SEASONAL_ENVIRONMENTAL_00439,SEASONAL_ENVIRONMENTAL,True,seasonal_with_high_noise
18.0,102.73,6.04,0.23,41.32,0.0,0.8073,0.0969,0.6642,0.8354,0.0726,2.424,2.7727,3.3064,13.4452,5.547,5.1926,9.9466,0.7398,16.0,8.0,0.5294,-13.6416,3.0933,-153.0052,3.0528,-0.3753,0.8331,STRATA_SYN_TEMPORALLY_INCONSISTENT_00210,TEMPORALLY_INCONSISTENT,False,none
14.0,175.22,13.48,0.25,32.4,0.0,0.7815,0.0915,0.6531,0.8008,0.0701,2.619,0.2223,1.9482,7.0771,2.702,2.7717,7.0771,1.0,8.0,9.0,0.5385,-1.2762,1.9389,4.5993,1.9384,-0.4191,0.5532,STRATA_SYN_STRUCTURAL_ACCELERATING_00213,STRUCTURAL_ACCELERATING,False,none
13.0,188.08,15.67,0.28,31.62,0.0,0.8034,0.0864,0.663,0.8093,0.081,1.468,-0.9471,1.4663,5.5124,3.755,1.855,3.6275,0.6581,8.0,6.0,0.5833,-1.4414,1.4479,10.2683,1.4431,-0.1282,0.9538,STRATA_SYN_STRUCTURAL_MONOTONIC_00491,STRUCTURAL_MONOTONIC,False,none
22.0,361.37,17.21,0.27,27.63,0.0,0.7686,0.063,0.6681,0.8257,0.0812,2.436,-1.057,6.3623,20.1907,8.288,2.89,9.7432,0.4826,7.0,3.0,0.5238,-1.7471,6.3409,-72.4696,5.6463,0.8201,0.243,STRATA_SYN_SEASONAL_ENVIRONMENTAL_00179,SEASONAL_ENVIRONMENTAL,False,none
10.0,116.98,13.0,0.33,42.41,0.0,0.1703,0.037,0.1028,0.1642,0.0351,3.839,0.6509,4.9276,17.6153,4.589,6.6074,17.6153,1.0,7.0,6.0,0.5556,4.4925,4.9063,-224.9924,4.7961,-0.5666,0.7018,STRATA_SYN_LOW_QUALITY_00491,LOW_QUALITY,False,none
15.0,188.9,13.49,0.3,32.3,0.0,0.8511,0.0781,0.6691,0.8421,0.0779,2.536,-0.8011,4.4109,16.9278,6.675,6.4595,15.192,0.8975,13.0,9.0,0.5,9.1172,4.1646,101.6702,4.0023,-0.3948,0.7226,STRATA_SYN_TEMPORALLY_INCONSISTENT_00462,TEMPORALLY_INCONSISTENT,False,none
14.0,138.65,10.67,0.33,29.17,0.0,0.8032,0.0689,0.6975,0.8091,0.0781,1.155,0.7458,2.8611,8.8586,7.67,5.1307,8.8586,1.0,12.0,13.0,0.5385,0.4486,2.8606,18.4425,2.8583,-0.8191,0.4449,STRATA_SYN_TEMPORALLY_INCONSISTENT_00205,TEMPORALLY_INCONSISTENT,False,none
6.0,57.59,11.52,0.19,25.55,0.0,0.7476,0.0477,0.6838,0.8543,0.0384,2.479,-2.0681,5.706,16.9277,6.828,9.4582,13.4864,0.7967,3.0,3.0,0.6,2.8056,5.704,-262.343,5.6947,-0.4107,0.8187,STRATA_SYN_ATMOSPHERIC_TRANSIENT_00284,ATMOSPHERIC_TRANSIENT,False,none
14.0,244.89,18.84,0.27,40.54,0.0,0.8108,0.0827,0.6608,0.7939,0.0603,1.434,-1.5474,1.5117,4.9384,3.444,1.0243,2.752,0.5573,7.0,1.0,0.6154,-6.2821,0.7643,-6.0726,0.7553,0.5845,0.0,STRATA_SYN_STRUCTURAL_ACCELERATING_00339,STRUCTURAL_ACCELERATING,False,none
8.0,131.47,18.78,0.28,28.46,0.0,0.7625,0.0694,0.6537,0.8436,0.0797,2.327,-4.1349,4.1412,12.2834,5.279,2.8057,5.0956,0.4148,3.0,1.0,0.7143,26.8723,2.6667,301.8813,1.9424,0.6127,0.0,STRATA_SYN_SEASONAL_ENVIRONMENTAL_00360,SEASONAL_ENVIRONMENTAL,True,short_seasonal_sequence
16.0,95.73,6.38,0.27,41.16,0.0,0.1743,0.041,0.1106,0.1762,0.0443,4.992,-0.7739,7.3249,23.642,4.736,6.4611,17.2366,0.7291,11.0,5.0,0.5333,-71.4212,4.5744,360.6879,4.455,0.3413,0.2765,STRATA_SYN_LOW_QUALITY_00025,LOW_QUALITY,False,none
11.0,113.15,11.32,0.29,43.94,0.0,0.8338,0.0897,0.6666,0.8079,0.0615,3.0,-1.0955,3.571,11.5938,3.865,5.1573,11.5938,1.0,9.0,5.0,0.5,-6.8998,3.5063,149.3619,3.4486,-0.2652,0.7393,STRATA_SYN_STABLE_00490,STABLE,True,elevated_noise_stable
20.0,424.51,22.34,0.3,42.16,0.0,0.8054,0.0809,0.6785,0.8052,0.0718,1.273,3.9039,3.6091,13.7509,10.802,5.8053,10.2821,0.7477,18.0,7.0,0.5263,2.2303,3.5221,12.3268,3.4552,-0.5651,0.1225,STRATA_SYN_TEMPORALLY_INCONSISTENT_00444,TEMPORALLY_INCONSISTENT,False,none
13.0,277.77,23.15,0.21,29.59,0.0,0.7792,0.068,0.6755,0.8404,0.0609,1.116,-0.2306,2.4386,8.2018,7.349,1.7363,3.5098,0.4279,4.0,4.0,0.5,-1.8404,2.3993,-76.1289,1.4667,0.6137,0.6936,STRATA_SYN_SEASONAL_ENVIRONMENTAL_00025,SEASONAL_ENVIRONMENTAL,False,none
20.0,195.65,10.3,0.29,43.39,0.0,0.8076,0.0749,0.6731,0.819,0.061,1.548,5.134,3.8144,13.3108,8.599,4.9782,10.6071,0.7969,18.0,5.0,0.5263,14.6344,2.9802,-61.5375,2.8906,-0.1465,0.1554,STRATA_SYN_TEMPORALLY_INCONSISTENT_00406,TEMPORALLY_INCONSISTENT,False,none
22.0,315.43,15.02,0.29,37.52,0.0,0.7969,0.0708,0.6526,0.8241,0.0811,1.607,0.9048,5.9257,18.7395,11.661,2.8028,8.0773,0.431,13.0,2.0,0.5238,-5.6935,5.7361,156.2112,3.2385,0.782,0.257,STRATA_SYN_SEASONAL_ENVIRONMENTAL_00189,SEASONAL_ENVIRONMENTAL,False,none
12.0,230.4,20.95,0.23,34.28,0.0,0.7903,0.0824,0.689,0.847,0.0707,1.756,-0.65,1.9058,5.8116,3.31,2.3493,5.5076,0.9477,9.0,6.0,0.5455,2.3869,1.8463,57.0603,1.5582,-0.0385,0.9961,STRATA_SYN_STRUCTURAL_ACCELERATING_00498,STRUCTURAL_ACCELERATING,False,none
7.0,88.83,14.81,0.24,41.04,0.0,0.8456,0.0819,0.6778,0.801,0.0613,2.163,-2.0227,2.2722,5.9863,2.768,2.3603,5.336,0.8914,2.0,1.0,0.6667,-17.4919,1.7753,184.797,1.6958,0.1109,0.0,STRATA_SYN_STRUCTURAL_MONOTONIC_00388,STRUCTURAL_MONOTONIC,False,none
23.0,203.48,9.25,0.29,37.15,0.0,0.811,0.0791,0.662,0.8377,0.0764,2.636,-3.6086,4.9404,19.4917,7.394,2.6108,8.7767,0.4503,13.0,3.0,0.5909,-19.363,3.7009,218.1452,2.4735,0.6416,0.153,STRATA_SYN_SEASONAL_ENVIRONMENTAL_00278,SEASONAL_ENVIRONMENTAL,False,none
17.0,199.52,12.47,0.22,32.76,0.0,0.1616,0.0383,0.1086,0.1788,0.048,2.953,-0.5942,3.1246,10.1974,3.453,4.4678,10.0978,0.9902,10.0,11.0,0.6875,-0.9293,3.1207,49.2006,3.0601,-0.3245,0.3352,STRATA_SYN_LOW_QUALITY_00367,LOW_QUALITY,False,none
8.0,109.25,15.61,0.3,33.76,0.0,0.7991,0.0858,0.6515,0.8067,0.0367,1.053,3.1409,2.7521,8.128,7.719,5.0754,8.128,1.0,6.0,1.0,0.5714,2.745,2.739,-180.9283,2.6327,-0.7867,0.0,STRATA_SYN_TEMPORALLY_INCONSISTENT_00160,TEMPORALLY_INCONSISTENT,False,none
10.0,69.53,7.73,0.25,39.51,0.0,0.7574,0.0726,0.6514,0.7934,0.0636,1.718,-0.5223,1.6704,5.3601,3.12,1.5017,2.7083,0.5053,2.0,3.0,0.6667,1.1824,1.6689,-480.7547,1.4756,0.4675,0.4307,STRATA_SYN_STABLE_00071,STABLE,False,none
13.0,272.24,22.69,0.34,27.82,0.0,0.1422,0.0421,0.1029,0.1709,0.0462,4.612,-0.859,4.9933,17.4732,3.789,7.0669,12.7844,0.7317,8.0,9.0,0.5,-5.5801,4.8224,63.6828,4.5755,-0.221,0.7002,STRATA_SYN_LOW_QUALITY_00244,LOW_QUALITY,False,none
9.0,104.72,13.09,0.29,32.8,0.0,0.8148,0.086,0.6862,0.8091,0.0731,1.264,-0.4283,1.0696,3.7072,2.933,1.3986,3.7072,1.0,6.0,5.0,0.625,-6.2638,0.8969,-3.2149,0.8968,-0.3152,0.5695,STRATA_SYN_STRUCTURAL_MONOTONIC_00416,STRUCTURAL_MONOTONIC,False,none
6.0,34.49,6.9,0.37,31.7,0.0,0.8098,0.0549,0.7283,0.8175,0.0684,2.396,-0.8961,0.7791,2.5515,1.065,1.1063,2.5515,1.0,3.0,1.0,0.6,2.1101,0.7761,1001.2757,0.6348,-0.5418,0.0,STRATA_SYN_STRUCTURAL_ACCELERATING_00100,STRUCTURAL_ACCELERATING,False,none
11.0,120.82,12.08,0.3,38.79,0.0,0.7544,0.0868,0.653,0.8498,0.0747,2.496,2.8617,6.0405,20.7049,8.295,3.3577,7.5495,0.3646,4.0,3.0,0.7,-53.123,2.3457,-171.3038,2.1956,0.5287,0.0,STRATA_SYN_SEASONAL_ENVIRONMENTAL_00084,SEASONAL_ENVIRONMENTAL,False,none
8.0,57.63,8.23,0.26,43.56,0.0,0.1559,0.0261,0.109,0.1616,0.0515,2.737,1.9034,2.3206,6.3333,2.314,2.3204,5.9624,0.9414,4.0,5.0,0.7143,-15.4228,2.1782,-1011.8705,1.8323,0.1503,0.8638,STRATA_SYN_LOW_QUALITY_00145,LOW_QUALITY,False,none
15.0,323.27,23.09,0.25,29.35,0.0,0.7818,0.0818,0.658,0.8256,0.0684,2.996,-2.9419,3.0948,11.7468,3.921,4.3632,8.505,0.724,9.0,6.0,0.5714,-2.7247,3.0042,-15.2769,2.9614,-0.1848,0.9263,STRATA_SYN_STRUCTURAL_ACCELERATING_00289,STRUCTURAL_ACCELERATING,False,none
13.0,171.54,14.3,0.25,33.42,0.0,0.8061,0.0667,0.7191,0.8246,0.0664,2.251,-3.2766,6.4629,20.3557,9.043,2.7196,7.8407,0.3852,7.0,3.0,0.5833,41.7291,2.0987,33.4686,2.0745,0.7636,0.1723,STRATA_SYN_SEASONAL_ENVIRONMENTAL_00175,SEASONAL_ENVIRONMENTAL,False,none
12.0,119.58,10.87,0.23,35.61,0.0,0.7982,0.1089,0.6739,0.8134,0.0651,0.601,-0.0472,0.4442,1.3802,2.297,0.4399,1.1583,0.8392,5.0,4.0,0.5455,-0.176,0.4438,29.7191,0.4217,-0.0502,0.7393,STRATA_SYN_STABLE_00258,STABLE,False,none
15.0,86.94,6.21,0.34,36.67,0.0,0.8019,0.0869,0.6512,0.8001,0.074,0.781,0.9863,3.8896,16.5779,21.227,3.0754,16.0881,0.9705,10.0,7.0,0.5714,9.0873,3.8335,-482.5711,3.6573,-0.1134,0.9418,STRATA_SYN_ATMOSPHERIC_TRANSIENT_00372,ATMOSPHERIC_TRANSIENT,False,none
17.0,273.89,17.12,0.34,39.73,0.0,0.7945,0.102,0.6516,0.818,0.0786,2.587,-1.357,3.2005,11.1344,4.304,3.7387,7.75,0.696,8.0,7.0,0.6875,-4.5438,3.0262,36.518,2.903,0.0325,0.5431,STRATA_SYN_STRUCTURAL_ACCELERATING_00124,STRUCTURAL_ACCELERATING,False,none
6.0,50.31,10.06,0.27,33.41,0.0,0.145,0.0324,0.1047,0.2146,0.0353,2.617,-0.1266,2.4352,7.3015,2.79,3.019,6.1817,0.8466,2.0,2.0,0.6,-20.3967,2.2396,-1232.704,1.9097,-0.0247,0.9326,STRATA_SYN_LOW_QUALITY_00078,LOW_QUALITY,False,none
6.0,71.7,14.34,0.23,42.25,0.0,0.8727,0.0525,0.8006,0.8264,0.0561,1.224,3.8351,3.8627,9.7349,7.953,3.957,8.2902,0.8516,2.0,0.0,0.6,-20.8962,3.5993,-1142.5886,2.8542,0.1933,0.0,STRATA_SYN_ATMOSPHERIC_TRANSIENT_00297,ATMOSPHERIC_TRANSIENT,False,none
17.0,249.0,15.56,0.16,35.28,0.0,0.8189,0.0841,0.6728,0.8303,0.0754,2.134,-1.6257,1.6588,5.208,2.44,1.9012,4.3643,0.838,8.0,6.0,0.5,-0.4561,1.656,-26.0142,1.5773,0.0258,0.8486,STRATA_SYN_STRUCTURAL_ACCELERATING_00450,STRUCTURAL_ACCELERATING,False,none
18.0,343.53,20.21,0.3,42.47,0.0,0.777,0.0888,0.6595,0.8104,0.0688,1.055,5.9424,3.3184,11.4574,10.86,5.22,8.0112,0.6992,16.0,0.0,0.5294,5.5351,2.913,-27.2136,2.7372,-0.3157,0.0,STRATA_SYN_TEMPORALLY_INCONSISTENT_00369,TEMPORALLY_INCONSISTENT,False,none
17.0,95.36,5.96,0.31,39.61,0.0,0.8071,0.0892,0.6597,0.8041,0.0724,3.138,2.6876,3.9936,15.2035,4.845,3.9045,8.8227,0.5803,10.0,4.0,0.5,24.0802,3.5044,-171.0926,3.4706,0.3868,0.6481,STRATA_SYN_SEASONAL_ENVIRONMENTAL_00007,SEASONAL_ENVIRONMENTAL,True,seasonal_with_high_noise
11.0,153.51,15.35,0.32,26.25,0.0,0.7984,0.068,0.6961,0.8189,0.0677,2.944,2.2297,3.6711,14.5083,4.928,4.8459,12.1199,0.8354,9.0,5.0,0.5,6.3191,3.5734,-202.8058,3.2057,-0.4684,0.6474,STRATA_SYN_TEMPORALLY_INCONSISTENT_00069,TEMPORALLY_INCONSISTENT,False,none
11.0,127.05,12.71,0.27,27.06,0.0,0.8172,0.0881,0.6603,0.8087,0.0728,2.626,-2.5286,2.7425,8.3855,3.193,3.1094,7.8991,0.942,6.0,4.0,0.5,-0.9169,2.7407,269.3743,2.3338,-0.1451,0.9015,STRATA_SYN_STRUCTURAL_ACCELERATING_00181,STRUCTURAL_ACCELERATING,False,none
8.0,79.17,11.31,0.18,34.54,0.0,0.7967,0.086,0.6561,0.8521,0.0736,1.356,-1.0611,0.8444,2.0675,1.525,1.5158,2.0675,1.0,5.0,0.0,0.5714,1.7108,0.8357,-124.5306,0.7897,-0.698,0.0,STRATA_SYN_STRUCTURAL_ACCELERATING_00140,STRUCTURAL_ACCELERATING,False,none
13.0,270.5,22.54,0.29,34.48,0.0,0.7986,0.0897,0.6714,0.8223,0.0757,2.487,0.6943,1.9317,6.6038,2.655,1.886,3.9506,0.5982,7.0,4.0,0.5,2.2107,1.8631,45.2918,1.5252,0.2873,0.7677,STRATA_SYN_STABLE_00337,STABLE,False,none
19.0,358.56,19.92,0.26,34.81,0.0,0.7759,0.0851,0.6638,0.8177,0.0737,2.478,4.9576,3.7281,13.2031,5.328,2.9017,5.502,0.4167,12.0,2.0,0.5556,10.2599,2.1157,-5.9442,2.1025,0.5515,0.1565,STRATA_SYN_STRUCTURAL_MONOTONIC_00473,STRUCTURAL_MONOTONIC,False,none
24.0,303.19,13.18,0.28,31.8,0.0,0.7672,0.0777,0.6509,0.8367,0.0671,2.625,-0.6289,5.5222,20.7713,7.913,3.7763,8.578,0.413,16.0,8.0,0.5652,-4.8225,5.3898,163.7462,2.8807,0.607,0.7801,STRATA_SYN_SEASONAL_ENVIRONMENTAL_00428,SEASONAL_ENVIRONMENTAL,False,none
6.0,113.78,22.76,0.31,39.86,0.0,0.7544,0.0654,0.7017,0.8152,0.0746,0.714,-0.3761,0.5798,1.6291,2.282,0.5559,1.1395,0.6995,2.0,1.0,0.8,-4.529,0.3217,4.5493,0.3209,0.1096,0.0,STRATA_SYN_STRUCTURAL_ACCELERATING_00231,STRUCTURAL_ACCELERATING,False,none
13.0,218.61,18.22,0.31,37.05,0.0,0.7889,0.0796,0.654,0.8373,0.0585,2.387,3.0215,3.8191,11.4955,4.816,5.8477,11.4955,1.0,9.0,6.0,0.5,-1.9347,3.802,-113.4384,3.3737,-0.5727,0.9135,STRATA_SYN_TEMPORALLY_INCONSISTENT_00412,TEMPORALLY_INCONSISTENT,False,none
20.0,303.1,15.95,0.27,26.27,0.0,0.1762,0.0379,0.1004,0.1706,0.0495,3.868,-0.2617,4.145,16.414,4.244,4.3199,10.8562,0.6614,10.0,9.0,0.5263,-1.3418,4.1312,57.8822,3.7944,0.1893,0.4743,STRATA_SYN_LOW_QUALITY_00243,LOW_QUALITY,False,none
6.0,76.07,15.21,0.21,41.78,0.0,0.8071,0.0938,0.6718,0.8607,0.068,2.772,1.6592,1.5689,4.8076,1.734,1.7938,2.6422,0.5496,1.0,1.0,0.6,-0.7596,1.5679,-669.8583,0.5953,0.088,0.0,STRATA_SYN_STRUCTURAL_ACCELERATING_00360,STRUCTURAL_ACCELERATING,False,none
12.0,148.5,13.5,0.31,38.94,0.0,0.8257,0.0979,0.6694,0.8033,0.0705,2.89,-0.6892,2.7344,7.3921,2.558,3.3557,7.1309,0.9647,5.0,6.0,0.6364,-7.2171,2.5751,-26.4071,2.5681,0.0005,0.6241,STRATA_SYN_STRUCTURAL_ACCELERATING_00121,STRUCTURAL_ACCELERATING,False,none
10.0,84.46,9.38,0.2,38.02,0.0,0.7938,0.0776,0.6896,0.8199,0.0758,0.518,1.5477,3.1126,9.3335,18.018,1.0801,1.9869,0.2129,1.0,1.0,0.8889,-41.7559,0.4818,-124.4278,0.3779,0.7212,0.0,STRATA_SYN_SEASONAL_ENVIRONMENTAL_00304,SEASONAL_ENVIRONMENTAL,False,none
16.0,102.68,6.85,0.29,37.87,0.0,0.7951,0.0818,0.6815,0.8176,0.0799,1.225,-0.719,2.4546,10.5281,8.594,2.379,10.5281,1.0,6.0,8.0,0.4667,6.5343,2.3883,22.9798,2.3871,-0.1927,0.882,STRATA_SYN_ATMOSPHERIC_TRANSIENT_00028,ATMOSPHERIC_TRANSIENT,False,none
11.0,83.59,8.36,0.32,37.41,0.0,0.874,0.0563,0.7558,0.8507,0.0704,2.356,0.2069,1.9316,5.7769,2.452,2.4757,5.6513,0.9783,4.0,5.0,0.6,6.9643,1.8644,2.1617,1.8644,-0.3566,0.4926,STRATA_SYN_STRUCTURAL_ACCELERATING_00251,STRUCTURAL_ACCELERATING,True,accelerating_moderate_noise
12.0,108.52,9.87,0.2,44.61,0.0,0.8198,0.0921,0.6564,0.8462,0.0618,2.89,-0.8337,2.2464,7.6251,2.638,2.6916,7.6251,1.0,6.0,4.0,0.5455,6.9872,2.1496,-160.5617,2.0591,0.0085,0.9175,STRATA_SYN_STRUCTURAL_MONOTONIC_00227,STRUCTURAL_MONOTONIC,False,none
7.0,134.56,22.43,0.29,30.77,0.0,0.7516,0.0631,0.6915,0.8244,0.0776,2.617,-0.0804,3.4267,9.8135,3.75,4.2456,5.7213,0.583,2.0,3.0,0.6667,0.025,3.4267,-141.9951,3.2987,0.1381,0.3983,STRATA_SYN_STRUCTURAL_ACCELERATING_00438,STRUCTURAL_ACCELERATING,True,accelerating_moderate_noise
13.0,186.54,15.54,0.32,32.8,0.0,0.8088,0.0849,0.6883,0.8141,0.0683,1.945,0.5532,1.733,5.8459,3.006,2.4641,5.7662,0.9864,8.0,7.0,0.5833,-3.2125,1.655,16.7228,1.6443,-0.2629,0.4466,STRATA_SYN_STABLE_00096,STABLE,False,none
14.0,227.83,17.53,0.36,32.4,0.0,0.8058,0.1012,0.6518,0.8234,0.0659,2.648,0.0762,4.3613,16.9543,6.403,6.24,10.9506,0.6459,10.0,9.0,0.5385,2.8683,4.326,97.9729,4.0073,-0.2026,0.6438,STRATA_SYN_TEMPORALLY_INCONSISTENT_00330,TEMPORALLY_INCONSISTENT,False,none
11.0,160.98,16.1,0.3,34.03,0.0,0.7939,0.083,0.6692,0.8201,0.0483,2.737,-0.4316,2.0666,6.666,2.436,1.6605,5.4445,0.8168,5.0,3.0,0.5,-4.6735,1.961,40.056,1.9307,0.4052,0.7813,STRATA_SYN_STABLE_00140,STABLE,False,none
22.0,503.33,23.97,0.32,28.27,0.0,0.7916,0.0813,0.6537,0.8316,0.0873,3.32,-0.8462,8.1341,25.3962,7.649,4.7458,12.0796,0.4756,10.0,4.0,0.5238,-8.9331,7.2349,6.2518,7.2187,0.744,0.4687,STRATA_SYN_SEASONAL_ENVIRONMENTAL_00217,SEASONAL_ENVIRONMENTAL,True,seasonal_with_high_noise
14.0,202.19,15.55,0.29,34.73,0.0,0.798,0.0974,0.6722,0.8229,0.051,1.272,4.5554,3.8481,11.3305,8.908,6.375,9.0745,0.8009,12.0,6.0,0.5385,10.9521,3.3556,21.48,3.3438,-0.423,0.3842,STRATA_SYN_TEMPORALLY_INCONSISTENT_00383,TEMPORALLY_INCONSISTENT,False,none
6.0,45.78,9.16,0.29,35.38,0.0,0.8879,0.0535,0.7767,0.8486,0.0552,1.613,-0.5825,1.2539,4.0194,2.492,1.6575,2.662,0.6623,2.0,2.0,0.6,11.8362,1.1453,-28.8531,1.1451,0.0926,0.9381,STRATA_SYN_STRUCTURAL_ACCELERATING_00012,STRUCTURAL_ACCELERATING,False,none
11.0,206.61,20.66,0.28,33.94,0.0,0.8212,0.0771,0.6885,0.8212,0.062,1.297,-1.1616,1.6102,5.3222,4.103,1.2863,2.8962,0.5442,8.0,3.0,0.5,-7.6118,0.8583,19.4028,0.8133,0.2957,0.0,STRATA_SYN_STRUCTURAL_ACCELERATING_00204,STRUCTURAL_ACCELERATING,False,none
24.0,394.96,17.17,0.32,39.68,0.0,0.8107,0.0816,0.668,0.8057,0.0694,1.568,-0.6418,3.1958,11.5248,7.35,2.2092,5.936,0.5151,13.0,6.0,0.5217,0.9311,3.1815,-16.0458,3.0897,0.6201,0.5281,STRATA_SYN_SEASONAL_ENVIRONMENTAL_00157,SEASONAL_ENVIRONMENTAL,False,none
13.0,209.88,17.49,0.25,30.58,0.0,0.1566,0.04,0.1013,0.1574,0.031,4.13,0.2465,4.1586,14.9905,3.63,3.8051,8.484,0.566,8.0,7.0,0.5833,0.633,4.157,-32.8156,4.1306,0.2911,0.3091,STRATA_SYN_LOW_QUALITY_00074,LOW_QUALITY,False,none
10.0,56.78,6.31,0.21,37.68,0.0,0.8015,0.0653,0.6818,0.8536,0.0495,2.831,0.365,2.0322,7.715,2.725,2.9176,7.715,1.0,6.0,6.0,0.6667,4.0809,2.022,-720.9729,1.8641,-0.3635,0.9567,STRATA_SYN_ATMOSPHERIC_TRANSIENT_00292,ATMOSPHERIC_TRANSIENT,False,none
20.0,139.6,7.35,0.26,43.54,0.0,0.8049,0.0834,0.6574,0.8139,0.0687,0.517,0.7797,3.2826,15.8212,30.602,2.1315,14.8179,0.9366,11.0,9.0,0.4737,4.7696,3.2355,-100.1746,3.1791,-0.0358,0.9196,STRATA_SYN_ATMOSPHERIC_TRANSIENT_00340,ATMOSPHERIC_TRANSIENT,False,none
14.0,81.57,6.27,0.29,33.1,0.0,0.7918,0.1078,0.6588,0.8096,0.0619,1.149,0.9179,1.6129,6.1241,5.33,1.4142,6.1241,1.0,6.0,3.0,0.6923,0.9959,1.6115,75.3936,1.6035,0.1881,0.4895,STRATA_SYN_STABLE_00367,STABLE,False,none
16.0,92.24,6.15,0.3,39.02,0.0,0.8022,0.1006,0.6539,0.7976,0.0824,2.666,1.5628,2.3392,9.5702,3.59,2.3303,9.5702,1.0,8.0,7.0,0.5333,0.7805,2.3384,77.0603,2.3293,-0.1388,0.2302,STRATA_SYN_STABLE_00292,STABLE,False,none
11.0,121.75,12.18,0.28,30.11,0.0,0.825,0.0763,0.6642,0.8527,0.0596,2.863,0.5214,2.7061,8.4494,2.951,1.9502,4.6476,0.5501,8.0,1.0,0.6,22.2296,1.3368,91.2731,1.2593,0.4926,0.0,STRATA_SYN_SEASONAL_ENVIRONMENTAL_00430,SEASONAL_ENVIRONMENTAL,False,none
18.0,212.61,12.51,0.26,26.2,0.0,0.7892,0.0929,0.6737,0.822,0.0671,2.111,0.8199,2.5707,10.2463,4.854,2.6836,7.0295,0.6861,10.0,8.0,0.5294,3.3051,2.5032,6.6633,2.5014,0.2246,0.9765,STRATA_SYN_STRUCTURAL_MONOTONIC_00356,STRUCTURAL_MONOTONIC,True,noise_reversal_edge
15.0,273.33,19.52,0.28,29.97,0.0,0.7968,0.0897,0.6508,0.8203,0.0477,2.009,-0.7709,3.7105,11.9625,5.954,6.0608,10.3458,0.8649,13.0,12.0,0.5,-6.677,3.3753,-8.0237,3.37,-0.4745,0.6239,STRATA_SYN_TEMPORALLY_INCONSISTENT_00188,TEMPORALLY_INCONSISTENT,False,none
6.0,41.74,8.35,0.25,25.52,0.0,0.7698,0.0732,0.6565,0.786,0.0665,1.634,0.8415,1.509,4.4946,2.751,2.3177,4.4946,1.0,3.0,4.0,0.6,-3.5958,1.5025,-1370.7996,1.2053,-0.5823,0.7505,STRATA_SYN_STRUCTURAL_MONOTONIC_00389,STRUCTURAL_MONOTONIC,True,short_sequence
18.0,131.38,7.73,0.25,33.48,0.0,0.8041,0.0879,0.66,0.8404,0.0706,1.501,3.0572,3.4312,12.0401,8.021,5.7712,8.5514,0.7102,16.0,6.0,0.5294,2.8562,3.4171,-211.7976,3.2231,-0.5213,0.8915,STRATA_SYN_TEMPORALLY_INCONSISTENT_00158,TEMPORALLY_INCONSISTENT,False,none
23.0,500.91,22.77,0.26,44.56,0.0,0.783,0.0952,0.6537,0.8216,0.0695,0.783,-0.103,1.7368,5.7114,7.294,1.1485,2.7984,0.49,12.0,5.0,0.5455,-0.1377,1.7359,6.1713,1.671,0.6563,0.2501,STRATA_SYN_SEASONAL_ENVIRONMENTAL_00245,SEASONAL_ENVIRONMENTAL,False,none
10.0,147.1,16.34,0.28,28.06,0.0,0.7801,0.0724,0.6775,0.8071,0.0713,0.544,-0.8483,0.7652,2.5473,4.683,0.7658,1.6751,0.6576,7.0,3.0,0.5556,-4.5731,0.4886,5.5331,0.487,0.3195,0.4425,STRATA_SYN_STRUCTURAL_ACCELERATING_00005,STRUCTURAL_ACCELERATING,False,none
9.0,106.97,13.37,0.34,41.76,0.0,0.1674,0.0379,0.1151,0.1891,0.0543,2.567,-0.5859,2.2978,6.4407,2.509,3.9267,5.809,0.9019,7.0,6.0,0.5,-6.3327,2.2188,181.2446,2.1014,-0.5509,0.8845,STRATA_SYN_LOW_QUALITY_00198,LOW_QUALITY,False,none
17.0,115.75,7.23,0.25,31.08,0.0,0.8112,0.0935,0.6565,0.8277,0.0658,2.862,0.6183,2.3424,8.4269,2.944,3.6819,8.4269,1.0,12.0,10.0,0.625,-0.8843,2.3408,-12.16,2.3403,-0.5253,0.9038,STRATA_SYN_STABLE_00084,STABLE,False,none
20.0,402.91,21.21,0.31,34.88,0.0,0.9385,0.0306,0.8913,0.8209,0.064,2.781,-1.066,3.7965,16.6217,5.977,4.4326,11.8537,0.7131,11.0,7.0,0.6316,4.3122,3.5112,-27.1906,3.2369,0.0135,0.8259,STRATA_SYN_ATMOSPHERIC_TRANSIENT_00108,ATMOSPHERIC_TRANSIENT,True,high_coherence_atmospheric
6.0,52.34,10.47,0.18,44.98,0.0,0.8117,0.0578,0.6998,0.7881,0.0633,2.531,-0.5038,2.6845,8.2232,3.249,3.4349,7.0797,0.8609,2.0,2.0,0.6,-22.9268,2.44,-556.6786,2.3722,0.013,0.9115,STRATA_SYN_STRUCTURAL_ACCELERATING_00365,STRUCTURAL_ACCELERATING,True,short_sequence
18.0,124.8,7.34,0.26,39.49,0.0,0.7701,0.0767,0.6581,0.8543,0.0491,1.49,-4.5954,4.0066,13.0374,8.75,1.4157,3.6894,0.283,6.0,1.0,0.5882,-31.0494,2.3556,414.578,1.2408,0.7806,0.0,STRATA_SYN_SEASONAL_ENVIRONMENTAL_00220,SEASONAL_ENVIRONMENTAL,False,none
10.0,138.43,15.38,0.2,31.65,0.0,0.7663,0.063,0.6602,0.7831,0.0632,1.764,0.7831,2.8758,9.3137,5.28,4.6587,9.3137,1.0,6.0,7.0,0.5556,-1.1209,2.8725,-22.6117,2.8689,-0.6716,0.3829,STRATA_SYN_ATMOSPHERIC_TRANSIENT_00031,ATMOSPHERIC_TRANSIENT,False,none
19.0,381.91,21.22,0.24,41.17,0.0,0.8213,0.074,0.6952,0.8603,0.0682,2.15,-0.6279,3.6512,13.461,6.261,3.1255,8.8122,0.6546,12.0,7.0,0.5,2.9995,3.5238,-29.3024,3.266,0.3935,0.5691,STRATA_SYN_SEASONAL_ENVIRONMENTAL_00134,SEASONAL_ENVIRONMENTAL,False,none
10.0,112.69,12.52,0.23,38.02,0.0,0.8559,0.0639,0.7076,0.8355,0.0656,0.756,0.6457,1.7864,6.4297,8.505,1.93,6.4297,1.0,6.0,5.0,0.5556,3.4382,1.7541,-38.3328,1.7465,-0.3132,0.9914,STRATA_SYN_ATMOSPHERIC_TRANSIENT_00166,ATMOSPHERIC_TRANSIENT,False,none
7.0,52.14,8.69,0.37,27.16,0.0,0.7777,0.1088,0.6516,0.8495,0.0517,0.628,3.865,2.9268,7.0533,11.231,5.809,7.0533,1.0,5.0,0.0,0.5,6.5701,2.9102,-1014.673,2.734,-0.8359,0.0,STRATA_SYN_TEMPORALLY_INCONSISTENT_00263,TEMPORALLY_INCONSISTENT,False,none
19.0,348.32,19.35,0.31,26.37,0.0,0.7889,0.0755,0.6721,0.8393,0.075,3.154,-1.8897,2.3984,8.0931,2.566,3.3344,8.0931,1.0,12.0,8.0,0.5556,1.4549,2.361,3.1644,2.358,-0.3542,0.6956,STRATA_SYN_STRUCTURAL_ACCELERATING_00085,STRUCTURAL_ACCELERATING,True,accelerating_moderate_noise
12.0,95.61,8.69,0.19,38.49,0.0,0.8015,0.0848,0.657,0.7969,0.0823,1.763,0.1583,1.349,4.4544,2.527,1.7172,3.3351,0.7487,5.0,5.0,0.6364,8.8032,1.1386,25.853,1.136,0.0316,0.5785,STRATA_SYN_STRUCTURAL_MONOTONIC_00152,STRUCTURAL_MONOTONIC,False,none
19.0,292.67,16.26,0.27,26.33,0.0,0.7815,0.095,0.6524,0.853,0.0716,1.326,-0.7783,3.4201,16.9955,12.817,2.8263,16.3597,0.9626,11.0,8.0,0.5556,2.4474,3.3675,1.841,3.3671,-0.119,0.8799,STRATA_SYN_ATMOSPHERIC_TRANSIENT_00192,ATMOSPHERIC_TRANSIENT,False,none
15.0,133.78,9.56,0.25,31.97,0.0,0.1674,0.0347,0.1146,0.1803,0.036,4.732,-0.011,4.1652,18.3224,3.872,5.3198,18.3224,1.0,8.0,7.0,0.5,-4.3446,4.1357,37.6066,4.1302,-0.4176,0.777,STRATA_SYN_LOW_QUALITY_00431,LOW_QUALITY,False,none
18.0,180.17,10.6,0.28,28.46,0.0,0.7782,0.0996,0.6631,0.8258,0.0705,0.665,-0.3368,1.7043,8.0448,12.097,1.3754,7.4453,0.9255,11.0,7.0,0.5294,-2.3008,1.6686,46.2603,1.6023,-0.0636,0.8571,STRATA_SYN_ATMOSPHERIC_TRANSIENT_00349,ATMOSPHERIC_TRANSIENT,False,none
8.0,55.15,7.88,0.35,38.67,0.0,0.8118,0.0882,0.6549,0.7967,0.0577,0.892,4.3887,3.1143,7.6088,8.53,5.8087,7.6088,1.0,6.0,0.0,0.5714,16.4223,3.0055,74.7137,3.0045,-0.7901,0.0,STRATA_SYN_TEMPORALLY_INCONSISTENT_00290,TEMPORALLY_INCONSISTENT,False,none
10.0,146.35,16.26,0.35,26.75,0.0,0.7817,0.0875,0.6828,0.8284,0.0502,1.089,-7.6832,3.0873,9.0358,8.297,2.114,5.6953,0.6303,5.0,0.0,0.5556,-0.0383,3.0873,403.9788,1.0437,0.4046,0.0,STRATA_SYN_SEASONAL_ENVIRONMENTAL_00092,SEASONAL_ENVIRONMENTAL,True,strong_seasonal_amplitude
9.0,192.73,24.09,0.23,26.12,0.0,0.803,0.0794,0.6882,0.8335,0.0809,2.782,0.0333,2.8334,10.5041,3.776,3.1788,6.4066,0.6099,4.0,4.0,0.625,2.8291,2.7919,141.4733,2.1341,0.1842,0.8725,STRATA_SYN_STRUCTURAL_ACCELERATING_00057,STRUCTURAL_ACCELERATING,False,none
6.0,46.91,9.38,0.21,35.24,0.0,0.7932,0.0814,0.6799,0.8197,0.0501,1.259,-0.6278,0.8613,2.6059,2.07,0.9046,2.2136,0.8495,2.0,2.0,0.6,-10.7268,0.7199,-437.9052,0.6241,0.2266,0.7357,STRATA_SYN_STRUCTURAL_MONOTONIC_00308,STRUCTURAL_MONOTONIC,False,none
11.0,224.7,22.47,0.21,35.08,0.0,0.8137,0.0677,0.6727,0.8365,0.0648,2.91,-1.3537,3.1209,12.6015,4.33,2.372,7.9185,0.6284,3.0,3.0,0.5,-9.2268,2.5532,-37.7829,2.4738,0.1042,0.0,STRATA_SYN_STRUCTURAL_MONOTONIC_00462,STRUCTURAL_MONOTONIC,False,none
20.0,373.98,19.68,0.32,38.96,0.0,0.7981,0.069,0.6756,0.832,0.0747,0.812,-0.9605,2.3904,11.0679,13.63,2.2374,8.4552,0.7639,13.0,8.0,0.4737,-0.1928,2.3897,21.2704,2.207,0.0417,0.9911,STRATA_SYN_ATMOSPHERIC_TRANSIENT_00357,ATMOSPHERIC_TRANSIENT,False,none
7.0,104.42,17.4,0.28,26.15,0.0,0.1461,0.0442,0.1004,0.1655,0.036,2.956,-0.4465,2.1601,7.0987,2.401,2.0132,7.0987,1.0,2.0,3.0,0.5,8.9242,1.9866,-217.8126,1.7916,-0.2257,0.1439,STRATA_SYN_LOW_QUALITY_00284,LOW_QUALITY,False,none
20.0,124.24,6.54,0.24,28.88,0.0,0.8101,0.0689,0.6918,0.8575,0.0738,2.972,-0.6269,2.8421,10.1406,3.412,2.8008,7.2173,0.7117,9.0,7.0,0.5789,-1.2797,2.839,4.3202,2.839,0.2598,0.6052,STRATA_SYN_STRUCTURAL_ACCELERATING_00367,STRUCTURAL_ACCELERATING,False,none
9.0,168.39,21.05,0.31,26.41,0.0,0.7859,0.0749,0.6711,0.8745,0.0736,2.908,1.0329,1.3779,3.8918,1.338,1.9303,3.8918,1.0,5.0,5.0,0.5,2.7417,1.316,6.6697,1.3145,-0.4025,0.2855,STRATA_SYN_STABLE_00217,STABLE,False,none
22.0,256.84,12.23,0.26,26.21,0.0,0.8025,0.0737,0.6729,0.8317,0.0646,3.002,0.7314,7.6433,31.0241,10.334,5.0603,14.5501,0.469,9.0,4.0,0.5238,-1.5145,7.6366,312.7806,4.3495,0.5816,0.5353,STRATA_SYN_SEASONAL_ENVIRONMENTAL_00463,SEASONAL_ENVIRONMENTAL,True,seasonal_with_high_noise
10.0,66.58,7.4,0.3,29.35,0.0,0.7928,0.0845,0.6687,0.8612,0.0591,2.413,-0.1956,1.5385,5.6273,2.332,1.7779,3.1741,0.5641,5.0,5.0,0.6667,14.0601,1.3002,-408.9524,1.1496,0.2478,0.7531,STRATA_SYN_STRUCTURAL_ACCELERATING_00424,STRUCTURAL_ACCELERATING,True,accelerating_moderate_noise
14.0,212.8,16.37,0.27,29.53,0.0,0.7548,0.0823,0.6541,0.8484,0.0673,2.527,2.7337,4.3884,14.8447,5.874,7.1652,14.8447,1.0,10.0,9.0,0.5385,1.9586,4.3741,-80.6103,4.216,-0.5854,0.8435,STRATA_SYN_TEMPORALLY_INCONSISTENT_00373,TEMPORALLY_INCONSISTENT,False,none
12.0,84.14,7.65,0.3,34.87,0.0,0.7803,0.0975,0.6662,0.8522,0.0607,1.226,-0.5947,1.4679,4.7629,3.885,1.9207,4.0112,0.8422,7.0,7.0,0.5455,-6.7411,1.3842,-27.7366,1.3827,-0.3266,0.1431,STRATA_SYN_STRUCTURAL_MONOTONIC_00026,STRUCTURAL_MONOTONIC,False,none
6.0,34.8,6.96,0.23,38.08,0.0,0.7219,0.0492,0.66,0.7984,0.0716,1.546,-0.8696,1.0728,3.1365,2.029,1.1042,2.7545,0.8782,3.0,0.0,0.4,-21.1138,0.8246,195.6728,0.8198,0.0541,0.0,STRATA_SYN_STRUCTURAL_ACCELERATING_00256,STRUCTURAL_ACCELERATING,False,none
19.0,134.01,7.45,0.31,34.09,0.0,0.8013,0.0835,0.65,0.8114,0.0745,1.443,-0.0696,1.1804,5.1678,3.581,1.1064,2.3902,0.4625,10.0,8.0,0.5,4.3198,1.0772,-119.5231,0.8526,0.2818,0.5457,STRATA_SYN_STABLE_00309,STABLE,False,none
13.0,111.78,9.32,0.25,42.22,0.0,0.8078,0.0538,0.7059,0.831,0.0793,0.9,0.1651,0.7764,2.4652,2.739,0.9694,2.0752,0.8418,7.0,7.0,0.5833,2.4078,0.7417,27.1272,0.7336,-0.2125,0.0,STRATA_SYN_STABLE_00374,STABLE,False,none
7.0,106.75,17.79,0.14,26.42,0.0,0.8178,0.0924,0.6894,0.84,0.0772,1.311,-0.4415,6.6144,24.4463,18.647,9.478,24.4463,1.0,4.0,4.0,0.5,-5.0229,6.5963,-134.5785,6.5731,-0.5464,0.9802,STRATA_SYN_ATMOSPHERIC_TRANSIENT_00136,ATMOSPHERIC_TRANSIENT,False,none
14.0,234.06,18.0,0.35,30.33,0.0,0.8021,0.0796,0.7132,0.7727,0.0587,1.912,0.5725,3.3159,15.0033,7.847,3.6268,11.8904,0.7925,8.0,7.0,0.6923,2.7741,3.2698,62.1846,3.0828,0.0034,0.8915,STRATA_SYN_ATMOSPHERIC_TRANSIENT_00451,ATMOSPHERIC_TRANSIENT,False,none
13.0,88.64,7.39,0.26,42.77,0.0,0.783,0.0763,0.6527,0.8553,0.0779,1.704,-0.1083,1.0378,3.7242,2.186,1.6971,3.7242,1.0,10.0,9.0,0.5,-4.106,0.9902,13.825,0.9896,-0.5644,0.9784,STRATA_SYN_STRUCTURAL_ACCELERATING_00095,STRUCTURAL_ACCELERATING,False,none
19.0,255.68,14.2,0.3,33.29,0.0,0.7946,0.0853,0.6639,0.8308,0.0823,1.888,0.6077,1.6571,5.8962,3.123,1.761,4.7523,0.806,9.0,7.0,0.5,-2.961,1.5311,11.8151,1.5124,0.166,0.4467,STRATA_SYN_STRUCTURAL_MONOTONIC_00438,STRUCTURAL_MONOTONIC,True,noise_reversal_edge
20.0,442.9,23.31,0.28,34.86,0.0,0.7836,0.075,0.664,0.826,0.0708,2.776,0.8604,3.3476,10.9639,3.95,3.1588,9.7547,0.8897,12.0,9.0,0.5263,0.3401,3.3453,12.5369,3.2587,0.2961,0.7958,STRATA_SYN_SEASONAL_ENVIRONMENTAL_00020,SEASONAL_ENVIRONMENTAL,False,none
17.0,245.69,15.36,0.31,35.44,0.0,0.7642,0.0836,0.6583,0.8284,0.0747,1.677,3.6688,2.927,10.5539,6.293,1.6391,5.1011,0.4833,6.0,3.0,0.75,12.2336,1.4813,38.2883,1.2929,0.596,0.0685,STRATA_SYN_STRUCTURAL_MONOTONIC_00108,STRUCTURAL_MONOTONIC,False,none
20.0,377.02,19.84,0.28,39.35,0.0,0.7863,0.0803,0.679,0.856,0.0677,0.519,-0.2129,1.1998,5.9463,11.457,1.0813,5.9463,1.0,12.0,9.0,0.5789,0.1687,1.1986,3.0463,1.1912,-0.2362,0.8174,STRATA_SYN_ATMOSPHERIC_TRANSIENT_00400,ATMOSPHERIC_TRANSIENT,False,none
20.0,228.93,12.05,0.27,41.67,0.0,0.8157,0.0919,0.6642,0.8304,0.0896,1.384,-0.2078,2.0388,8.2132,5.934,1.6365,4.4225,0.5385,12.0,4.0,0.4737,-6.414,1.6339,38.6354,1.5107,0.5024,0.5848,STRATA_SYN_SEASONAL_ENVIRONMENTAL_00462,SEASONAL_ENVIRONMENTAL,False,none
13.0,148.39,12.37,0.25,36.17,0.0,0.7679,0.0938,0.6513,0.8257,0.0675,1.588,2.1147,1.6307,5.7468,3.619,1.5769,3.3636,0.5853,5.0,1.0,0.5833,8.7786,1.1898,-62.7024,1.1031,0.2214,0.0,STRATA_SYN_STRUCTURAL_MONOTONIC_00220,STRUCTURAL_MONOTONIC,False,none
15.0,232.04,16.57,0.3,33.96,0.0,0.8172,0.0874,0.6706,0.8153,0.0638,2.366,2.0321,2.2254,9.0938,3.844,1.6395,4.1796,0.4596,6.0,2.0,0.4286,5.1312,1.9836,25.5785,1.9351,0.5525,0.3995,STRATA_SYN_STRUCTURAL_ACCELERATING_00244,STRUCTURAL_ACCELERATING,True,accelerating_moderate_noise
12.0,204.03,18.55,0.31,35.66,0.0,0.8467,0.0874,0.6639,0.8286,0.064,1.176,-1.3668,3.4445,14.2236,12.095,3.2317,12.4368,0.8744,5.0,6.0,0.6364,-3.026,3.4031,55.3775,3.3191,0.0013,0.9357,STRATA_SYN_ATMOSPHERIC_TRANSIENT_00475,ATMOSPHERIC_TRANSIENT,False,none
8.0,167.06,23.87,0.22,33.01,0.0,0.837,0.0628,0.7248,0.8092,0.056,0.979,-1.2296,4.8903,17.4365,17.811,6.0364,14.1467,0.8113,5.0,5.0,0.5714,1.9921,4.8812,182.151,4.5444,-0.1449,0.8954,STRATA_SYN_ATMOSPHERIC_TRANSIENT_00112,ATMOSPHERIC_TRANSIENT,False,none
18.0,324.15,19.07,0.27,41.27,0.0,0.1673,0.0469,0.1052,0.1866,0.0321,2.849,-0.5628,3.2474,12.5698,4.412,3.5924,9.8075,0.7802,6.0,8.0,0.5294,0.3182,3.2463,-23.7969,3.1519,-0.0974,0.7623,STRATA_SYN_LOW_QUALITY_00356,LOW_QUALITY,False,none
9.0,144.42,18.05,0.27,39.46,0.0,0.7681,0.0914,0.6581,0.7906,0.0627,0.82,3.5387,2.9033,7.9347,9.676,4.6004,7.1504,0.9012,7.0,3.0,0.5,10.1419,2.5988,-173.5391,2.2847,-0.3178,0.7365,STRATA_SYN_TEMPORALLY_INCONSISTENT_00025,TEMPORALLY_INCONSISTENT,False,none
12.0,178.28,16.21,0.3,35.59,0.0,0.8094,0.0928,0.6744,0.8016,0.0658,0.797,-0.7811,3.6065,13.9836,17.545,3.0506,12.34,0.8825,8.0,6.0,0.5455,-0.3526,3.6061,148.2016,3.2611,0.0249,0.9761,STRATA_SYN_ATMOSPHERIC_TRANSIENT_00383,ATMOSPHERIC_TRANSIENT,False,none
6.0,89.26,17.85,0.24,38.33,0.0,0.7996,0.0871,0.6561,0.829,0.0583,1.108,3.2749,3.9545,10.5688,9.539,6.9848,9.1363,0.8645,4.0,3.0,0.6,23.2045,3.4504,301.8364,3.3307,-0.6204,0.0563,STRATA_SYN_TEMPORALLY_INCONSISTENT_00455,TEMPORALLY_INCONSISTENT,False,none
12.0,123.29,11.21,0.23,25.29,0.0,0.7873,0.1006,0.6523,0.8534,0.0641,2.856,-0.6488,3.9464,14.3044,5.009,3.72,10.613,0.7419,5.0,3.0,0.5455,-0.5938,3.9459,-171.1958,3.8539,0.1974,0.3974,STRATA_SYN_ATMOSPHERIC_TRANSIENT_00472,ATMOSPHERIC_TRANSIENT,False,none
20.0,122.47,6.45,0.25,36.97,0.0,0.1862,0.0415,0.105,0.1819,0.0369,2.619,-0.1884,2.8457,13.0074,4.967,2.4562,6.7929,0.5222,10.0,7.0,0.5263,16.9904,2.2654,122.8666,2.1938,0.1823,0.0,STRATA_SYN_LOW_QUALITY_00173,LOW_QUALITY,False,none
11.0,182.57,18.26,0.32,44.99,0.0,0.7799,0.0985,0.6654,0.8364,0.08,2.388,-1.4528,5.5529,20.8506,8.731,6.9997,17.8007,0.8537,8.0,6.0,0.6,5.2712,5.4904,214.3546,4.9552,-0.2737,0.9365,STRATA_SYN_ATMOSPHERIC_TRANSIENT_00041,ATMOSPHERIC_TRANSIENT,False,none
14.0,135.37,10.41,0.23,28.23,0.0,0.7602,0.0758,0.6626,0.8156,0.0865,2.677,-2.7404,3.7954,12.2155,4.563,2.446,5.5956,0.4581,11.0,3.0,0.5385,25.7651,2.3746,264.7728,1.7937,0.5479,0.2945,STRATA_SYN_SEASONAL_ENVIRONMENTAL_00268,SEASONAL_ENVIRONMENTAL,False,none
6.0,72.38,14.48,0.27,40.85,0.0,0.8019,0.0414,0.7609,0.833,0.0672,0.608,-0.0456,0.5452,1.7089,2.811,0.6524,1.3835,0.8096,2.0,2.0,0.6,-3.5157,0.4906,-119.4507,0.431,0.1631,0.9087,STRATA_SYN_STRUCTURAL_ACCELERATING_00118,STRUCTURAL_ACCELERATING,False,none
12.0,75.32,6.85,0.24,37.97,0.0,0.7775,0.0796,0.668,0.8256,0.0622,0.619,0.098,0.6356,2.2182,3.584,0.7221,2.2182,1.0,5.0,6.0,0.4545,-1.3793,0.6292,-129.4063,0.5811,-0.2211,0.9693,STRATA_SYN_STABLE_00449,STABLE,False,none
13.0,255.64,21.3,0.33,34.41,0.0,0.8196,0.0662,0.7006,0.8015,0.069,2.666,1.1147,2.1789,7.4948,2.811,2.2049,5.1273,0.6841,5.0,3.0,0.5833,5.085,1.8747,-24.355,1.8028,0.182,0.2563,STRATA_SYN_STABLE_00062,STABLE,False,none
10.0,177.61,19.73,0.27,31.58,0.0,0.7499,0.0884,0.6506,0.813,0.073,0.727,-1.5533,1.1711,3.6876,5.072,0.9023,2.6712,0.7244,6.0,2.0,0.5556,-6.1198,0.6843,-4.2479,0.6828,0.2811,0.0582,STRATA_SYN_STRUCTURAL_ACCELERATING_00427,STRUCTURAL_ACCELERATING,False,none
14.0,281.93,21.69,0.27,30.42,0.0,0.8147,0.0749,0.6809,0.838,0.0704,2.174,-0.3356,1.8706,6.9545,3.199,1.8074,4.388,0.631,6.0,4.0,0.5385,-1.9159,1.8136,-22.4651,1.7214,0.1856,0.3893,STRATA_SYN_STABLE_00458,STABLE,False,none
20.0,289.06,15.21,0.29,29.46,0.0,0.8044,0.0972,0.662,0.8229,0.0682,1.969,-0.0144,2.2508,10.6127,5.39,2.1121,8.923,0.8408,8.0,7.0,0.5263,0.4488,2.2483,-25.9241,2.1473,-0.0934,0.7763,STRATA_SYN_ATMOSPHERIC_TRANSIENT_00312,ATMOSPHERIC_TRANSIENT,False,none
17.0,240.65,15.04,0.34,27.01,0.0,0.1719,0.0286,0.1262,0.2007,0.036,4.924,-1.3635,3.6417,13.9074,2.824,4.3366,8.346,0.6001,9.0,8.0,0.5625,1.4103,3.6306,-59.753,3.4656,-0.0703,0.3883,STRATA_SYN_LOW_QUALITY_00093,LOW_QUALITY,False,none
9.0,176.64,22.08,0.3,33.25,0.0,0.762,0.0696,0.6579,0.8191,0.0698,0.824,-1.178,2.3376,8.29,10.061,2.7548,7.0314,0.8482,5.0,3.0,0.625,-7.2508,2.0471,12.7346,2.0426,-0.1858,0.8739,STRATA_SYN_ATMOSPHERIC_TRANSIENT_00189,ATMOSPHERIC_TRANSIENT,False,none
20.0,403.26,21.22,0.32,43.48,0.0,0.8121,0.0767,0.6598,0.817,0.0695,0.595,-2.9195,1.9562,6.1938,10.41,0.4789,1.4013,0.2262,6.0,0.0,0.6842,-5.7144,0.4202,-5.0958,0.3343,0.8281,0.0,STRATA_SYN_STRUCTURAL_ACCELERATING_00303,STRUCTURAL_ACCELERATING,False,none
6.0,45.02,9.0,0.31,41.29,0.0,0.8004,0.0699,0.7084,0.8544,0.0562,1.894,1.4057,4.1211,12.7912,6.754,5.7678,11.2886,0.8825,3.0,2.0,0.6,37.5916,3.8038,-2722.8831,3.1976,-0.3165,0.8825,STRATA_SYN_ATMOSPHERIC_TRANSIENT_00231,ATMOSPHERIC_TRANSIENT,False,none
11.0,97.7,9.77,0.19,33.0,0.0,0.8108,0.0889,0.6766,0.7974,0.0714,1.095,2.0009,3.3863,10.2305,9.343,1.3281,2.7392,0.2677,4.0,1.0,0.7,-37.4881,1.159,-267.6254,0.793,0.6756,0.0,STRATA_SYN_SEASONAL_ENVIRONMENTAL_00426,SEASONAL_ENVIRONMENTAL,False,none
17.0,160.92,10.06,0.32,37.48,0.0,0.828,0.1092,0.6589,0.821,0.0769,1.098,0.2678,1.21,4.3062,3.922,1.0562,3.0311,0.7039,7.0,5.0,0.5625,-2.085,1.1771,49.345,1.1072,0.3233,0.4552,STRATA_SYN_STABLE_00137,STABLE,False,none
17.0,185.58,11.6,0.22,43.7,0.0,0.7994,0.0906,0.65,0.8308,0.0737,2.281,0.6281,1.2855,5.1864,2.274,1.3854,3.2568,0.628,8.0,5.0,0.5625,2.7687,1.211,-36.8583,1.1445,0.1079,0.7075,STRATA_SYN_STABLE_00178,STABLE,False,none
18.0,399.53,23.5,0.24,43.54,0.0,0.7954,0.0801,0.6584,0.8129,0.0754,1.504,-2.5034,3.2318,11.3819,7.568,4.4076,10.6955,0.9397,16.0,6.0,0.5294,-5.3368,2.6965,-1.2106,2.6958,-0.2056,0.5389,STRATA_SYN_TEMPORALLY_INCONSISTENT_00064,TEMPORALLY_INCONSISTENT,False,none
12.0,207.79,18.89,0.32,26.09,0.0,0.8309,0.083,0.6511,0.816,0.0476,2.333,-0.5406,3.5686,11.6546,4.996,4.5239,11.6546,1.0,7.0,6.0,0.5455,-1.7858,3.5543,-6.7803,3.553,-0.3921,0.8204,STRATA_SYN_ATMOSPHERIC_TRANSIENT_00023,ATMOSPHERIC_TRANSIENT,False,none
7.0,67.27,11.21,0.27,25.66,0.0,0.1627,0.0432,0.1156,0.1559,0.0381,3.624,-1.3339,3.3256,10.4316,2.878,4.7487,9.6969,0.9296,3.0,3.0,0.6667,-24.5943,2.9674,665.2581,2.7605,-0.3396,0.6108,STRATA_SYN_LOW_QUALITY_00031,LOW_QUALITY,False,none
17.0,159.82,9.99,0.34,44.27,0.0,0.8015,0.0808,0.6578,0.8518,0.0755,2.49,3.1371,3.0243,11.4587,4.602,4.3003,7.0799,0.6179,15.0,5.0,0.5,-10.1698,2.7011,-93.0906,2.5973,-0.2057,0.6528,STRATA_SYN_TEMPORALLY_INCONSISTENT_00118,TEMPORALLY_INCONSISTENT,False,none
19.0,431.08,23.95,0.27,33.99,0.0,0.8066,0.0838,0.6507,0.8326,0.0757,1.371,-0.1863,1.0614,4.2989,3.136,1.4301,2.8995,0.6745,12.0,12.0,0.5556,-0.7159,1.0299,-2.1262,1.0226,-0.0329,0.8711,STRATA_SYN_STABLE_00045,STABLE,False,none
22.0,284.0,13.52,0.32,39.51,0.0,0.7899,0.0835,0.66,0.8509,0.0551,2.245,-0.1172,4.0817,14.9633,6.665,2.6791,7.1766,0.4796,13.0,4.0,0.4762,-6.9989,3.7372,-132.4756,1.8417,0.5667,0.3596,STRATA_SYN_SEASONAL_ENVIRONMENTAL_00454,SEASONAL_ENVIRONMENTAL,False,none
10.0,187.41,20.82,0.26,40.58,0.0,0.7965,0.0536,0.7078,0.8444,0.0767,0.533,-2.2023,1.2635,3.9629,7.435,0.8031,1.944,0.4905,5.0,1.0,0.5556,-6.8679,0.5782,26.7628,0.4843,0.5297,0.0,STRATA_SYN_STRUCTURAL_MONOTONIC_00251,STRUCTURAL_MONOTONIC,False,none
8.0,97.22,13.89,0.34,35.25,0.0,0.8309,0.0673,0.7169,0.8258,0.0684,2.062,0.2655,1.0347,3.2481,1.575,1.1842,2.1587,0.6646,3.0,4.0,0.5714,-2.4797,1.0117,87.1852,0.9697,0.1853,0.9401,STRATA_SYN_STABLE_00165,STABLE,False,none
10.0,119.8,13.31,0.28,33.76,0.0,0.8162,0.0907,0.6861,0.8044,0.0709,0.622,0.6065,0.7594,2.5515,4.102,0.9112,1.9948,0.7818,4.0,4.0,0.5556,2.3693,0.7174,-37.8772,0.6938,0.0941,0.9941,STRATA_SYN_STRUCTURAL_ACCELERATING_00266,STRUCTURAL_ACCELERATING,False,none
8.0,47.42,6.77,0.22,31.93,0.0,0.7924,0.0901,0.6918,0.827,0.0787,3.0,1.109,1.8669,5.3684,1.789,2.2372,5.2269,0.9736,2.0,3.0,0.5714,7.7431,1.8377,-579.4942,1.7802,-0.1266,0.0828,STRATA_SYN_STABLE_00363,STABLE,True,elevated_noise_stable
17.0,270.17,16.89,0.22,41.61,0.0,0.7809,0.0937,0.6628,0.8116,0.0658,2.061,-1.637,4.5422,18.1191,8.791,5.7719,16.3132,0.9003,12.0,10.0,0.5,0.3835,4.5414,78.1936,4.1761,-0.3773,0.9242,STRATA_SYN_ATMOSPHERIC_TRANSIENT_00183,ATMOSPHERIC_TRANSIENT,False,none
10.0,177.65,19.74,0.24,41.83,0.0,0.7996,0.0851,0.672,0.8623,0.0526,1.225,5.7438,3.478,9.7886,7.991,6.2794,8.0423,0.8216,8.0,0.0,0.5556,10.2647,3.0911,-39.2494,3.0628,-0.6377,0.0,STRATA_SYN_TEMPORALLY_INCONSISTENT_00375,TEMPORALLY_INCONSISTENT,False,none
9.0,173.96,21.75,0.25,39.94,0.0,0.7858,0.0989,0.6563,0.8062,0.0646,1.765,-1.6269,4.606,15.1923,8.608,4.7738,15.1923,1.0,3.0,4.0,0.625,7.713,4.4503,17.7903,4.4465,-0.2352,0.8762,STRATA_SYN_ATMOSPHERIC_TRANSIENT_00098,ATMOSPHERIC_TRANSIENT,False,none
8.0,112.15,16.02,0.26,27.0,0.0,0.8164,0.0736,0.714,0.8817,0.0484,1.559,-0.0194,1.044,3.6005,2.309,1.6122,3.6005,1.0,4.0,5.0,0.4286,-0.7829,1.041,-51.1334,1.0162,-0.6137,0.6551,STRATA_SYN_STRUCTURAL_MONOTONIC_00425,STRUCTURAL_MONOTONIC,False,none
7.0,61.84,10.31,0.27,32.77,0.0,0.7346,0.0377,0.666,0.7779,0.0454,1.717,0.0103,2.2966,7.4324,4.329,3.7687,6.7613,0.9097,4.0,5.0,0.6667,-3.9669,2.2857,452.133,2.1991,-0.4505,0.6905,STRATA_SYN_STRUCTURAL_MONOTONIC_00243,STRUCTURAL_MONOTONIC,False,none
6.0,79.66,15.93,0.34,30.98,0.0,0.8348,0.1001,0.6748,0.8613,0.0698,2.454,1.2852,3.7198,10.5461,4.298,4.2258,9.6714,0.9171,3.0,2.0,0.6,20.088,3.4045,793.0273,2.8382,0.0872,0.6715,STRATA_SYN_ATMOSPHERIC_TRANSIENT_00209,ATMOSPHERIC_TRANSIENT,False,none
13.0,88.14,7.34,0.34,34.38,0.0,0.786,0.0889,0.6506,0.8561,0.0614,2.606,-0.8507,4.1772,17.0994,6.562,4.5153,12.4161,0.7261,6.0,3.0,0.5833,9.2266,4.1191,427.9484,3.9772,0.0164,0.5378,STRATA_SYN_ATMOSPHERIC_TRANSIENT_00248,ATMOSPHERIC_TRANSIENT,False,none
12.0,159.41,14.49,0.26,44.37,0.0,0.7856,0.0734,0.6655,0.8441,0.0761,0.743,1.8196,2.8503,7.9508,10.701,5.5839,7.2329,0.9097,10.0,11.0,0.5455,0.1291,2.8503,-23.9432,2.8433,-0.8502,0.4945,STRATA_SYN_TEMPORALLY_INCONSISTENT_00206,TEMPORALLY_INCONSISTENT,False,none
11.0,105.5,10.55,0.33,27.2,0.0,0.7942,0.0639,0.6654,0.8561,0.0582,2.021,2.5797,3.1465,10.9939,5.44,4.9834,10.9939,1.0,9.0,3.0,0.5,4.8289,3.1157,-193.3232,3.033,-0.7154,0.5731,STRATA_SYN_TEMPORALLY_INCONSISTENT_00326,TEMPORALLY_INCONSISTENT,False,none
11.0,72.37,7.24,0.31,33.6,0.0,0.7761,0.0974,0.6628,0.8226,0.0707,0.915,-0.4778,0.757,2.3183,2.534,0.6084,1.1445,0.4937,4.0,4.0,0.6,-6.3055,0.6451,-226.7753,0.511,0.5744,0.7613,STRATA_SYN_STRUCTURAL_ACCELERATING_00489,STRUCTURAL_ACCELERATING,False,none
12.0,155.31,14.12,0.26,41.34,0.0,0.7612,0.0858,0.6535,0.846,0.0736,2.607,-0.4222,2.3608,8.21,3.149,2.9712,5.5174,0.672,5.0,6.0,0.6364,6.4083,2.1994,-17.4069,2.1951,-0.1241,0.8371,STRATA_SYN_STRUCTURAL_ACCELERATING_00041,STRUCTURAL_ACCELERATING,False,none
10.0,107.33,11.93,0.18,41.19,0.0,0.8113,0.0812,0.6529,0.813,0.0661,2.386,-1.9854,4.3246,14.5646,6.104,6.048,10.6309,0.7299,6.0,4.0,0.5556,-16.1562,4.05,354.9247,3.809,-0.1416,0.9353,STRATA_SYN_ATMOSPHERIC_TRANSIENT_00145,ATMOSPHERIC_TRANSIENT,False,none
14.0,295.94,22.76,0.29,43.46,0.0,0.783,0.1053,0.6517,0.8381,0.0713,2.482,0.6481,6.6766,22.866,9.213,4.6354,9.324,0.4078,5.0,3.0,0.5385,11.2946,6.0431,30.3453,5.9831,0.6803,0.5011,STRATA_SYN_SEASONAL_ENVIRONMENTAL_00383,SEASONAL_ENVIRONMENTAL,True,strong_seasonal_amplitude
16.0,281.25,18.75,0.26,27.15,0.0,0.7585,0.0924,0.6528,0.8128,0.0673,1.673,0.2178,3.3824,13.9645,8.347,5.4204,9.4688,0.6781,14.0,14.0,0.5333,-5.4556,3.1273,24.3565,3.0681,-0.4212,0.9684,STRATA_SYN_TEMPORALLY_INCONSISTENT_00465,TEMPORALLY_INCONSISTENT,False,none
12.0,156.27,14.21,0.24,29.32,0.0,0.7861,0.0674,0.6774,0.8422,0.0743,1.701,3.66,7.2446,22.4462,13.196,3.4173,5.7752,0.2573,3.0,2.0,0.5455,25.5715,6.3801,-779.9142,1.4753,0.6912,0.3347,STRATA_SYN_SEASONAL_ENVIRONMENTAL_00062,SEASONAL_ENVIRONMENTAL,True,strong_seasonal_amplitude
17.0,183.12,11.45,0.3,42.13,0.0,0.8301,0.1073,0.654,0.8452,0.0724,2.421,-2.0822,2.2279,7.3987,3.056,2.5931,5.0044,0.6764,9.0,5.0,0.5,-5.8967,2.0353,43.0089,1.9848,0.0303,0.4273,STRATA_SYN_STRUCTURAL_MONOTONIC_00114,STRUCTURAL_MONOTONIC,False,none
8.0,103.59,14.8,0.36,38.6,0.0,0.8135,0.0747,0.6757,0.814,0.065,1.034,-0.7581,0.5649,1.5038,1.454,0.7335,1.3912,0.9251,3.0,4.0,0.4286,-2.0984,0.5305,7.8231,0.5296,-0.0478,0.707,STRATA_SYN_STRUCTURAL_ACCELERATING_00377,STRUCTURAL_ACCELERATING,False,none
16.0,199.81,13.32,0.3,38.01,0.0,0.7858,0.0995,0.652,0.8145,0.0704,0.812,-0.8029,1.03,3.749,4.617,1.0784,2.7112,0.7232,7.0,5.0,0.6,-3.3315,0.8636,-23.1554,0.8133,0.0922,0.1472,STRATA_SYN_STRUCTURAL_MONOTONIC_00047,STRUCTURAL_MONOTONIC,False,none
15.0,256.43,18.32,0.22,42.19,0.0,0.7956,0.08,0.6533,0.8341,0.0651,2.043,-0.3217,2.6041,9.8536,4.823,3.7602,6.9672,0.7071,9.0,10.0,0.5,-0.7619,2.5989,-36.3709,2.4856,-0.5062,0.8269,STRATA_SYN_STABLE_00179,STABLE,False,none
20.0,285.44,15.02,0.32,41.47,0.0,0.8029,0.0758,0.6699,0.8125,0.0715,0.921,0.9564,3.9623,11.9595,12.985,1.2447,2.9233,0.2444,7.0,2.0,0.4737,-5.6529,3.7271,-138.2897,1.3693,0.8468,0.2561,STRATA_SYN_SEASONAL_ENVIRONMENTAL_00263,SEASONAL_ENVIRONMENTAL,False,none
14.0,257.61,19.82,0.27,44.25,0.0,0.824,0.092,0.6756,0.7992,0.0825,0.975,0.1361,0.9655,2.8785,2.952,1.1689,2.7458,0.9539,6.0,6.0,0.4615,-1.0454,0.938,18.5487,0.8513,-0.0378,0.6799,STRATA_SYN_STABLE_00089,STABLE,False,none
20.0,396.82,20.89,0.25,25.3,0.0,0.8051,0.0937,0.652,0.8492,0.069,1.705,-0.253,1.6159,6.3911,3.748,1.6847,4.1699,0.6525,14.0,11.0,0.5789,-1.6905,1.5166,7.3876,1.4737,0.1146,0.1623,STRATA_SYN_STABLE_00277,STABLE,False,none
6.0,54.31,10.86,0.29,27.55,0.0,0.8121,0.0557,0.7216,0.8427,0.0855,1.835,-0.9858,1.9644,6.5694,3.58,1.8821,4.0456,0.6158,2.0,2.0,0.6,-19.6983,1.6892,-1199.6904,1.0537,0.0648,0.3108,STRATA_SYN_STRUCTURAL_ACCELERATING_00447,STRUCTURAL_ACCELERATING,False,none
15.0,171.69,12.26,0.27,31.9,0.0,0.9374,0.0295,0.885,0.8303,0.0483,0.51,-1.1762,3.4015,14.0937,27.635,3.0151,13.318,0.945,8.0,8.0,0.5714,0.5224,3.4006,56.9391,3.3586,-0.0721,0.9744,STRATA_SYN_ATMOSPHERIC_TRANSIENT_00382,ATMOSPHERIC_TRANSIENT,True,high_coherence_atmospheric
19.0,279.91,15.55,0.24,43.16,0.0,0.7865,0.1002,0.651,0.8194,0.0719,2.596,-0.8331,3.6919,13.4526,5.182,5.5009,11.2732,0.838,17.0,13.0,0.5,-0.3885,3.6908,34.1029,3.5969,-0.3796,0.6188,STRATA_SYN_TEMPORALLY_INCONSISTENT_00292,TEMPORALLY_INCONSISTENT,False,none
15.0,247.01,17.64,0.31,32.66,0.0,0.8226,0.0894,0.6735,0.8083,0.0624,1.939,-0.1485,1.8085,6.4388,3.321,2.151,6.4388,1.0,7.0,8.0,0.5714,0.2105,1.808,-0.1421,1.808,-0.0988,0.9224,STRATA_SYN_STABLE_00193,STABLE,False,none
19.0,133.98,7.44,0.31,41.8,0.0,0.793,0.0814,0.6672,0.8374,0.0657,2.755,-0.4977,1.898,6.4173,2.329,2.0286,5.5408,0.8634,12.0,7.0,0.5,3.985,1.8459,-89.8455,1.7779,0.143,0.6308,STRATA_SYN_STRUCTURAL_ACCELERATING_00400,STRUCTURAL_ACCELERATING,False,none
20.0,286.93,15.1,0.27,34.8,0.0,0.7854,0.0911,0.6576,0.8387,0.0704,1.211,0.0639,5.8369,18.7386,15.474,1.8895,4.5056,0.2404,9.0,2.0,0.5263,-15.8566,4.4518,-136.2403,2.8214,0.8615,0.2268,STRATA_SYN_SEASONAL_ENVIRONMENTAL_00040,SEASONAL_ENVIRONMENTAL,False,none
8.0,130.93,18.7,0.34,40.35,0.0,0.7672,0.0691,0.6746,0.8027,0.0571,1.363,-0.1687,2.6124,6.9464,5.096,5.0598,6.9464,1.0,6.0,7.0,0.5714,2.0303,2.6015,46.858,2.5862,-0.8399,0.4197,STRATA_SYN_TEMPORALLY_INCONSISTENT_00166,TEMPORALLY_INCONSISTENT,False,none
11.0,57.88,5.79,0.22,29.16,0.0,0.8435,0.0885,0.6864,0.8599,0.0646,1.045,-0.3928,1.0073,3.3549,3.21,0.696,1.8391,0.5482,3.0,3.0,0.6,9.3823,0.8885,518.3072,0.6782,0.3539,0.0095,STRATA_SYN_STABLE_00360,STABLE,False,none
10.0,196.97,21.89,0.26,25.14,0.0,0.7906,0.0877,0.6555,0.7915,0.0676,2.479,1.7585,4.0972,15.0858,6.085,6.087,13.32,0.8829,6.0,7.0,0.5556,-3.2682,4.0583,-12.9172,4.0548,-0.5083,0.5063,STRATA_SYN_TEMPORALLY_INCONSISTENT_00344,TEMPORALLY_INCONSISTENT,False,none
19.0,219.23,12.18,0.28,40.49,0.0,0.8074,0.0833,0.6738,0.8215,0.0707,2.039,-2.2461,1.9392,8.3092,4.075,1.6473,4.916,0.5916,8.0,4.0,0.6111,-3.1997,1.8495,-15.9848,1.8343,0.417,0.6203,STRATA_SYN_STRUCTURAL_ACCELERATING_00454,STRUCTURAL_ACCELERATING,False,none
18.0,201.85,11.87,0.3,29.51,0.0,0.8092,0.0847,0.6607,0.8005,0.0838,2.669,-0.889,2.5903,10.0033,3.748,2.852,7.8556,0.7853,10.0,9.0,0.5294,3.641,2.5162,66.6079,2.371,0.1824,0.4571,STRATA_SYN_STRUCTURAL_MONOTONIC_00226,STRUCTURAL_MONOTONIC,False,none
19.0,188.73,10.49,0.3,31.09,0.0,0.7697,0.0747,0.6555,0.8369,0.0734,2.435,0.2074,9.1114,29.9285,12.291,4.0375,8.9697,0.2997,9.0,2.0,0.5,3.0406,9.0988,-788.303,2.6656,0.7244,0.3143,STRATA_SYN_SEASONAL_ENVIRONMENTAL_00338,SEASONAL_ENVIRONMENTAL,True,strong_seasonal_amplitude
19.0,336.13,18.67,0.23,43.72,0.0,0.9346,0.0265,0.8851,0.8354,0.0736,0.543,0.3241,1.875,9.0081,16.59,1.3215,8.2925,0.9206,10.0,9.0,0.5556,2.2887,1.7617,3.0171,1.7585,0.1054,0.9111,STRATA_SYN_ATMOSPHERIC_TRANSIENT_00050,ATMOSPHERIC_TRANSIENT,True,high_coherence_atmospheric
12.0,132.56,12.05,0.19,35.7,0.0,0.8289,0.0783,0.6848,0.8333,0.0632,1.516,0.8953,3.5956,12.4122,8.187,5.4434,9.5554,0.7698,10.0,6.0,0.5455,-16.1177,3.0939,-55.9001,3.0772,-0.1447,0.9309,STRATA_SYN_TEMPORALLY_INCONSISTENT_00325,TEMPORALLY_INCONSISTENT,False,none
21.0,477.08,23.85,0.3,40.23,0.0,0.7835,0.0658,0.6631,0.8341,0.0692,2.204,-0.121,3.3741,12.3125,5.586,2.6981,8.6585,0.7032,15.0,3.0,0.5,3.1415,3.1369,-12.2455,3.0189,0.4126,0.132,STRATA_SYN_SEASONAL_ENVIRONMENTAL_00313,SEASONAL_ENVIRONMENTAL,False,none
14.0,215.32,16.56,0.3,35.25,0.0,0.1638,0.0353,0.1094,0.1559,0.046,3.726,-1.2427,3.0193,12.1491,3.261,3.1087,12.1491,1.0,7.0,4.0,0.4615,-2.694,2.9789,98.4659,2.596,-0.3722,0.7883,STRATA_SYN_LOW_QUALITY_00002,LOW_QUALITY,False,none
11.0,59.92,5.99,0.33,44.3,0.0,0.7836,0.0569,0.7157,0.8472,0.0687,1.722,2.9823,3.0812,11.0608,6.423,5.0847,9.5665,0.8649,9.0,4.0,0.5,13.2146,3.0044,-690.0785,2.8903,-0.5356,0.9716,STRATA_SYN_TEMPORALLY_INCONSISTENT_00151,TEMPORALLY_INCONSISTENT,False,none
20.0,339.09,17.85,0.29,36.15,0.0,0.8269,0.0955,0.6548,0.8158,0.0603,0.692,-2.4725,2.016,7.2686,10.504,1.0592,2.9733,0.4091,13.0,1.0,0.5263,-6.6873,0.7161,-4.4804,0.6984,0.6983,0.0,STRATA_SYN_STRUCTURAL_ACCELERATING_00431,STRUCTURAL_ACCELERATING,False,none
13.0,124.59,10.38,0.3,26.9,0.0,0.8039,0.0915,0.6891,0.7932,0.067,2.875,1.3839,4.6164,16.9571,5.898,6.3381,14.0734,0.8299,9.0,6.0,0.5833,-19.4458,4.1283,1.6285,4.1283,-0.2173,0.9397,STRATA_SYN_TEMPORALLY_INCONSISTENT_00322,TEMPORALLY_INCONSISTENT,False,none
15.0,332.32,23.74,0.28,26.0,0.0,0.802,0.0895,0.6574,0.7827,0.0661,1.258,-5.2228,3.572,13.0433,10.368,2.3118,5.1335,0.3936,9.0,2.0,0.6429,-11.4628,1.5541,-8.7854,1.5235,0.5519,0.0766,STRATA_SYN_STRUCTURAL_MONOTONIC_00328,STRUCTURAL_MONOTONIC,False,none
17.0,381.15,23.82,0.32,34.87,0.0,0.7914,0.0851,0.6515,0.8289,0.0602,2.103,0.2803,2.2224,7.5682,3.599,2.758,5.9619,0.7878,8.0,8.0,0.5625,-0.352,2.2196,9.8037,2.1746,-0.0036,0.9263,STRATA_SYN_STABLE_00172,STABLE,False,none
7.0,103.29,17.21,0.28,25.16,0.0,0.8104,0.0843,0.6893,0.827,0.0761,2.34,-1.725,4.6832,14.6755,6.272,6.9812,12.2157,0.8324,5.0,5.0,0.5,-26.3812,3.9698,-463.4783,3.547,-0.4571,0.265,STRATA_SYN_TEMPORALLY_INCONSISTENT_00294,TEMPORALLY_INCONSISTENT,False,none
18.0,245.51,14.44,0.25,25.52,0.0,0.8276,0.0947,0.651,0.834,0.0774,3.408,0.418,2.8996,9.9198,2.911,2.4955,7.1896,0.7248,9.0,8.0,0.5882,-8.0575,2.3823,43.5129,2.2385,0.3117,0.9519,STRATA_SYN_SEASONAL_ENVIRONMENTAL_00165,SEASONAL_ENVIRONMENTAL,True,seasonal_with_high_noise
16.0,282.76,18.85,0.24,27.97,0.0,0.7883,0.0906,0.666,0.8217,0.059,2.39,-0.2375,3.6781,12.5107,5.235,3.4065,8.5579,0.684,8.0,6.0,0.5333,-6.4955,3.3367,-76.9458,2.7173,0.3479,0.8427,STRATA_SYN_SEASONAL_ENVIRONMENTAL_00063,SEASONAL_ENVIRONMENTAL,False,none
12.0,94.5,8.59,0.21,44.62,0.0,0.7952,0.081,0.6631,0.8345,0.0733,1.389,0.1161,1.6361,5.4102,3.895,2.017,5.4102,1.0,6.0,7.0,0.5455,1.7868,1.6297,-6.4607,1.6296,-0.2449,0.0397,STRATA_SYN_STABLE_00298,STABLE,False,none
20.0,306.0,16.11,0.33,37.37,0.0,0.8121,0.0875,0.6568,0.8115,0.0702,2.72,2.0491,3.0104,13.5422,4.979,3.4573,7.6652,0.566,11.0,7.0,0.5263,5.6738,2.6403,-6.9619,2.6327,-0.0397,0.5111,STRATA_SYN_STRUCTURAL_MONOTONIC_00027,STRUCTURAL_MONOTONIC,False,none
17.0,295.12,18.45,0.26,32.69,0.0,0.1884,0.0412,0.1033,0.1705,0.0439,4.566,-1.7702,4.7575,16.8699,3.695,6.7778,14.0314,0.8317,13.0,10.0,0.5625,3.1359,4.6938,35.5288,4.5929,-0.4003,0.9014,STRATA_SYN_LOW_QUALITY_00055,LOW_QUALITY,False,none
12.0,77.66,7.06,0.18,39.88,0.0,0.2057,0.0244,0.1694,0.1961,0.0434,3.738,-0.3329,2.8893,8.8327,2.363,4.0168,8.8327,1.0,6.0,6.0,0.6364,-9.4425,2.82,-570.4323,2.5851,-0.4169,0.5572,STRATA_SYN_LOW_QUALITY_00036,LOW_QUALITY,False,none
15.0,142.91,10.21,0.28,29.49,0.0,0.7972,0.0932,0.6647,0.7974,0.0566,2.675,8.8817,4.4701,16.153,6.039,4.6153,12.224,0.7568,9.0,1.0,0.5714,19.1016,3.8305,-282.8308,3.3666,0.0842,0.0,STRATA_SYN_TEMPORALLY_INCONSISTENT_00497,TEMPORALLY_INCONSISTENT,False,none
6.0,67.11,13.42,0.33,41.32,0.0,0.7729,0.1161,0.654,0.8153,0.0759,2.315,-0.352,3.8329,11.901,5.141,6.2443,11.901,1.0,4.0,3.0,0.6,-24.4062,3.5111,-132.412,3.504,-0.4166,0.9368,STRATA_SYN_TEMPORALLY_INCONSISTENT_00184,TEMPORALLY_INCONSISTENT,False,none
18.0,401.22,23.6,0.27,28.14,0.0,0.8057,0.107,0.6557,0.8219,0.0707,2.838,-1.0436,2.6485,11.5977,4.087,2.9722,6.9459,0.5989,10.0,10.0,0.4706,-3.3436,2.4002,-8.9839,2.3578,0.1111,0.9651,STRATA_SYN_STRUCTURAL_MONOTONIC_00221,STRUCTURAL_MONOTONIC,False,none
8.0,99.01,14.14,0.2,30.49,0.0,0.7431,0.0288,0.7024,0.8181,0.0757,0.757,3.5937,3.3896,8.0735,10.665,6.7344,8.0735,1.0,6.0,0.0,0.5714,3.2614,3.3772,43.5231,3.3739,-0.8601,0.0,STRATA_SYN_TEMPORALLY_INCONSISTENT_00365,TEMPORALLY_INCONSISTENT,False,none
7.0,73.95,12.32,0.29,32.18,0.0,0.145,0.0204,0.1138,0.1877,0.0252,2.689,0.2604,1.513,4.3167,1.605,1.4292,3.1625,0.7326,3.0,2.0,0.5,-5.8602,1.4601,674.3253,0.6094,0.0036,0.628,STRATA_SYN_LOW_QUALITY_00140,LOW_QUALITY,False,none
19.0,273.51,15.19,0.27,26.37,0.0,0.7782,0.0848,0.6526,0.8445,0.0753,2.188,-2.6656,1.9227,7.9607,3.638,1.8262,5.7544,0.7229,10.0,3.0,0.5,-4.9397,1.5596,10.0688,1.5423,0.1576,0.1981,STRATA_SYN_STRUCTURAL_MONOTONIC_00323,STRUCTURAL_MONOTONIC,False,none
6.0,47.78,9.56,0.18,25.16,0.0,0.781,0.0955,0.6708,0.8212,0.0731,0.852,-0.1867,0.597,1.6045,1.883,0.6047,1.6045,1.0,2.0,2.0,0.8,6.7857,0.5145,-119.6595,0.5042,0.2181,0.8845,STRATA_SYN_STRUCTURAL_ACCELERATING_00479,STRUCTURAL_ACCELERATING,False,none
16.0,94.79,6.32,0.24,26.74,0.0,0.8077,0.0943,0.6582,0.8251,0.0717,2.022,7.4197,3.8548,14.7566,7.298,5.3788,10.6528,0.7219,14.0,0.0,0.5333,27.0144,3.2025,184.7974,3.1597,-0.2103,0.0,STRATA_SYN_TEMPORALLY_INCONSISTENT_00390,TEMPORALLY_INCONSISTENT,False,none
8.0,124.17,17.74,0.15,42.73,0.0,0.8002,0.0965,0.6728,0.8563,0.0691,1.308,-0.5168,1.7086,5.0738,3.879,1.4483,2.939,0.5793,4.0,3.0,0.5714,-11.6307,1.1165,46.1652,1.0883,0.5159,0.6412,STRATA_SYN_STRUCTURAL_ACCELERATING_00128,STRUCTURAL_ACCELERATING,False,none
15.0,121.8,8.7,0.34,38.51,0.0,0.8148,0.0885,0.6722,0.8427,0.077,2.975,8.1532,4.9775,18.7536,6.304,5.3234,12.2733,0.6545,9.0,1.0,0.5714,32.3396,3.7023,-64.3123,3.6898,0.0406,0.0,STRATA_SYN_TEMPORALLY_INCONSISTENT_00055,TEMPORALLY_INCONSISTENT,False,none
9.0,92.57,11.57,0.27,44.6,0.0,0.832,0.0992,0.663,0.7759,0.0387,2.554,-1.9615,3.218,11.3777,4.455,4.0144,7.8812,0.6927,4.0,5.0,0.625,-7.2816,3.1618,-497.6544,2.804,-0.1143,0.3471,STRATA_SYN_STRUCTURAL_MONOTONIC_00068,STRUCTURAL_MONOTONIC,False,none
8.0,114.77,16.4,0.27,37.08,0.0,0.1798,0.0369,0.1062,0.1343,0.0397,2.756,0.0085,3.8003,11.874,4.308,4.4771,8.0986,0.682,2.0,3.0,0.5714,2.1344,3.7939,101.4853,3.7649,0.0959,0.3606,STRATA_SYN_LOW_QUALITY_00468,LOW_QUALITY,False,none
13.0,266.42,22.2,0.14,37.78,0.0,0.7989,0.078,0.6693,0.8247,0.0513,1.756,0.4637,2.4474,7.4014,4.215,3.0018,6.6937,0.9044,7.0,7.0,0.5833,-1.003,2.4368,-7.1974,2.4312,-0.0345,0.6339,STRATA_SYN_STABLE_00473,STABLE,False,none
12.0,118.24,10.75,0.28,30.4,0.0,0.7621,0.0832,0.6503,0.8299,0.0897,1.272,0.1668,1.2682,4.8197,3.789,1.7566,3.2487,0.674,7.0,7.0,0.5455,0.5607,1.2669,-103.2669,1.1755,-0.17,0.8367,STRATA_SYN_STRUCTURAL_ACCELERATING_00158,STRUCTURAL_ACCELERATING,False,none
7.0,133.99,22.33,0.25,25.94,0.0,0.1643,0.047,0.1016,0.1875,0.035,4.106,-1.9833,2.9783,9.3677,2.281,3.782,9.3677,1.0,2.0,2.0,0.5,1.5337,2.9724,-78.9383,2.928,-0.2324,0.3342,STRATA_SYN_LOW_QUALITY_00314,LOW_QUALITY,False,none
7.0,139.33,23.22,0.33,31.35,0.0,0.8562,0.0525,0.7585,0.8773,0.0399,2.725,1.0481,5.6145,20.0803,7.369,7.5328,12.4017,0.6176,4.0,4.0,0.5,-22.4059,4.8428,197.9195,4.6397,-0.0114,0.9999,STRATA_SYN_ATMOSPHERIC_TRANSIENT_00412,ATMOSPHERIC_TRANSIENT,False,none
13.0,220.76,18.4,0.23,32.53,0.0,0.803,0.0792,0.6715,0.8347,0.07,0.724,-0.519,2.0699,8.6347,11.926,2.4229,7.8699,0.9114,8.0,8.0,0.5833,1.0266,2.0608,53.6141,1.8798,-0.2209,0.7922,STRATA_SYN_ATMOSPHERIC_TRANSIENT_00252,ATMOSPHERIC_TRANSIENT,False,none
10.0,149.29,16.59,0.33,40.24,0.0,0.7965,0.0627,0.7007,0.8202,0.0637,3.425,-0.2935,3.3363,11.5698,3.378,4.1738,5.5152,0.4767,6.0,5.0,0.5556,-4.767,3.2777,306.4221,2.3386,0.0351,0.4703,STRATA_SYN_SEASONAL_ENVIRONMENTAL_00211,SEASONAL_ENVIRONMENTAL,True,seasonal_with_high_noise
20.0,168.15,8.85,0.23,28.01,0.0,0.7853,0.0698,0.6561,0.8084,0.0724,1.687,-0.6199,1.3631,5.5469,3.288,1.5817,3.4552,0.6229,13.0,8.0,0.5263,-0.1957,1.3628,37.8258,1.3225,0.1059,0.9696,STRATA_SYN_STRUCTURAL_MONOTONIC_00135,STRUCTURAL_MONOTONIC,False,none
14.0,115.67,8.9,0.23,34.52,0.0,0.8032,0.1038,0.6607,0.8601,0.0714,2.033,1.8924,5.2419,17.0734,8.398,8.4315,15.6325,0.9156,12.0,7.0,0.5385,14.9456,5.0327,185.7296,4.9697,-0.504,0.4608,STRATA_SYN_TEMPORALLY_INCONSISTENT_00023,TEMPORALLY_INCONSISTENT,False,none
6.0,36.18,7.24,0.13,43.94,0.0,0.7948,0.0917,0.6827,0.8545,0.0719,1.548,0.7479,1.0538,3.3938,2.192,1.3076,3.3938,1.0,2.0,1.0,0.4,-12.0783,0.971,-523.6158,0.9366,-0.4586,0.0,STRATA_SYN_STRUCTURAL_ACCELERATING_00021,STRUCTURAL_ACCELERATING,True,accelerating_subtle_onset
12.0,220.08,20.01,0.3,38.68,0.0,0.8077,0.0833,0.665,0.8186,0.0806,0.935,-0.1491,0.9876,3.4201,3.658,0.7938,1.8023,0.527,7.0,2.0,0.6364,3.0527,0.8005,43.0255,0.4219,0.3781,0.3177,STRATA_SYN_STABLE_00452,STABLE,False,none
21.0,264.83,13.24,0.27,28.08,0.0,0.7837,0.0808,0.6531,0.7931,0.07,0.832,0.8503,6.1113,18.4359,22.159,2.4837,4.409,0.2392,4.0,3.0,0.55,6.7341,5.93,86.0752,5.6344,0.8579,0.1681,STRATA_SYN_SEASONAL_ENVIRONMENTAL_00441,SEASONAL_ENVIRONMENTAL,True,strong_seasonal_amplitude
6.0,58.83,11.77,0.27,30.4,0.0,0.9349,0.0325,0.8809,0.7612,0.0402,2.187,-0.9345,4.5652,14.6783,6.712,7.6,11.3371,0.7724,3.0,4.0,0.6,-9.236,4.5368,217.5842,4.5281,-0.3392,0.8702,STRATA_SYN_ATMOSPHERIC_TRANSIENT_00316,ATMOSPHERIC_TRANSIENT,True,high_coherence_atmospheric
12.0,238.01,21.64,0.26,26.51,0.0,0.7547,0.0777,0.6535,0.7967,0.0691,1.789,4.3188,3.4385,10.6444,5.95,6.1846,9.646,0.9062,10.0,2.0,0.5455,2.2378,3.4078,-18.056,3.3914,-0.7114,0.3339,STRATA_SYN_TEMPORALLY_INCONSISTENT_00208,TEMPORALLY_INCONSISTENT,False,none
16.0,162.58,10.84,0.25,26.09,0.0,0.8159,0.0682,0.7006,0.8315,0.0778,1.099,-0.4188,3.6987,11.1781,10.171,5.4607,9.487,0.8487,14.0,10.0,0.5333,4.9087,3.6378,226.2196,3.1153,-0.2127,0.7845,STRATA_SYN_TEMPORALLY_INCONSISTENT_00181,TEMPORALLY_INCONSISTENT,False,none
16.0,222.82,14.85,0.28,27.72,0.0,0.7875,0.0679,0.665,0.8136,0.0569,2.154,-0.1469,2.1369,9.1433,4.245,2.8272,7.8183,0.8551,11.0,9.0,0.6,2.9711,2.0625,1.0246,2.0624,-0.2021,0.9778,STRATA_SYN_STABLE_00329,STABLE,False,none
10.0,147.53,16.39,0.29,34.38,0.0,0.7769,0.092,0.6541,0.7859,0.0713,1.973,-1.8552,5.4227,17.487,8.863,3.1871,6.3932,0.3656,5.0,1.0,0.5556,33.8036,3.2313,342.9455,2.0373,0.6035,0.0,STRATA_SYN_SEASONAL_ENVIRONMENTAL_00185,SEASONAL_ENVIRONMENTAL,False,none
19.0,404.97,22.5,0.23,41.89,0.0,0.1635,0.0385,0.1033,0.1801,0.0429,4.457,0.8518,4.4459,13.4705,3.022,4.1091,10.7355,0.797,10.0,7.0,0.6111,-1.4534,4.4188,29.8326,4.1522,0.3047,0.364,STRATA_SYN_LOW_QUALITY_00125,LOW_QUALITY,False,none
6.0,79.3,15.86,0.33,31.73,0.0,0.7441,0.048,0.6561,0.8448,0.0722,0.543,1.7798,4.8433,13.269,24.436,5.3789,13.1537,0.9913,2.0,2.0,0.6,9.8069,4.7881,-996.1341,4.1791,-0.1855,0.9725,STRATA_SYN_ATMOSPHERIC_TRANSIENT_00169,ATMOSPHERIC_TRANSIENT,False,none
14.0,202.57,15.58,0.3,31.86,0.0,0.8376,0.0796,0.6767,0.8517,0.0706,1.745,-2.8944,1.7347,5.6224,3.222,2.1108,4.5154,0.8031,7.0,0.0,0.5385,-4.5145,1.5518,0.9825,1.5517,0.1549,0.0,STRATA_SYN_STRUCTURAL_MONOTONIC_00099,STRUCTURAL_MONOTONIC,False,none
18.0,155.49,9.15,0.32,33.77,0.0,0.8271,0.0829,0.6648,0.8201,0.0739,2.081,2.0,1.7348,7.3653,3.539,2.1487,6.7275,0.9134,11.0,2.0,0.5294,-0.0106,1.7348,-41.9404,1.7061,-0.1514,0.2424,STRATA_SYN_STRUCTURAL_MONOTONIC_00238,STRUCTURAL_MONOTONIC,False,none
16.0,268.26,17.88,0.25,26.69,0.0,0.7809,0.0609,0.6714,0.8156,0.0681,2.545,-0.8733,6.1723,29.4054,11.554,6.7893,24.4939,0.833,10.0,6.0,0.5333,7.2197,5.9547,-4.5785,5.9538,-0.0618,0.945,STRATA_SYN_ATMOSPHERIC_TRANSIENT_00222,ATMOSPHERIC_TRANSIENT,False,none
7.0,112.15,18.69,0.23,38.74,0.0,0.8176,0.0652,0.7217,0.7976,0.0692,1.723,0.7192,1.3843,4.2005,2.438,2.0574,3.5418,0.8432,4.0,5.0,0.5,-6.548,1.2104,6.4947,1.2101,-0.5158,0.0,STRATA_SYN_STRUCTURAL_ACCELERATING_00193,STRUCTURAL_ACCELERATING,False,none
18.0,266.15,15.66,0.27,27.74,0.0,0.8054,0.0959,0.6573,0.8386,0.095,0.627,-4.4749,2.5795,7.7173,12.308,0.6581,2.3527,0.3049,6.0,0.0,0.7647,-11.3948,0.4717,5.2316,0.4574,0.8245,0.0,STRATA_SYN_STRUCTURAL_MONOTONIC_00183,STRUCTURAL_MONOTONIC,False,none
16.0,355.3,23.69,0.3,41.32,0.0,0.8222,0.0657,0.7056,0.8268,0.0616,2.875,-3.6727,3.0662,10.5375,3.665,2.254,5.0987,0.4839,11.0,2.0,0.6,-7.2573,2.1652,-7.5419,2.1443,0.5462,0.1879,STRATA_SYN_STRUCTURAL_ACCELERATING_00332,STRUCTURAL_ACCELERATING,False,none
14.0,273.58,21.04,0.29,30.54,0.0,0.7871,0.0771,0.6649,0.84,0.0686,1.663,-0.0216,4.2878,13.4638,8.096,2.5918,5.5055,0.4089,6.0,1.0,0.5385,-14.0425,2.7844,-13.3066,2.766,0.7636,0.0,STRATA_SYN_SEASONAL_ENVIRONMENTAL_00219,SEASONAL_ENVIRONMENTAL,False,none
10.0,60.67,6.74,0.28,41.14,0.0,0.7824,0.0642,0.6657,0.8423,0.0801,2.187,0.0434,1.7521,5.3421,2.443,1.9291,4.814,0.9011,6.0,2.0,0.6667,0.3742,1.752,-1013.8386,1.2143,0.0223,0.4768,STRATA_SYN_STRUCTURAL_MONOTONIC_00357,STRUCTURAL_MONOTONIC,True,noise_reversal_edge
11.0,198.82,19.88,0.23,30.96,0.0,0.8191,0.1032,0.6712,0.8597,0.0675,2.793,1.7171,5.0036,13.9854,5.007,3.1573,7.3256,0.5238,5.0,2.0,0.6,-2.1707,4.9897,310.3127,2.8956,0.6384,0.4822,STRATA_SYN_SEASONAL_ENVIRONMENTAL_00068,SEASONAL_ENVIRONMENTAL,False,none
12.0,86.79,7.89,0.25,44.69,0.0,0.7843,0.0871,0.6755,0.8489,0.0816,0.809,0.1715,0.6523,2.2828,2.822,0.7836,1.5363,0.673,6.0,7.0,0.5455,-3.9928,0.5801,7.6094,0.5798,-0.0184,0.3375,STRATA_SYN_STABLE_00113,STABLE,False,none
20.0,415.79,21.88,0.23,35.19,0.0,0.7999,0.0811,0.6574,0.789,0.067,0.762,-0.3452,1.2791,6.1958,8.131,0.9082,4.2105,0.6796,9.0,6.0,0.4211,-1.5942,1.1542,-3.0909,1.1424,0.3675,0.7664,STRATA_SYN_ATMOSPHERIC_TRANSIENT_00102,ATMOSPHERIC_TRANSIENT,False,none
6.0,50.19,10.04,0.21,41.84,0.0,0.1498,0.0212,0.1193,0.1715,0.0406,4.099,-3.3227,3.4581,9.9749,2.433,3.2847,8.117,0.8137,3.0,0.0,0.6,-53.6714,2.3781,-1215.0101,2.0822,-0.0652,0.0,STRATA_SYN_LOW_QUALITY_00335,LOW_QUALITY,False,none
20.0,291.41,15.34,0.29,33.53,0.0,0.809,0.0753,0.6634,0.8217,0.0776,0.869,7.6667,3.4859,12.7943,14.723,4.94,8.1845,0.6397,18.0,0.0,0.5263,6.7844,3.0754,-48.0242,2.8078,-0.1798,0.0,STRATA_SYN_TEMPORALLY_INCONSISTENT_00036,TEMPORALLY_INCONSISTENT,False,none
17.0,188.65,11.79,0.25,36.94,0.0,0.8101,0.088,0.6585,0.8365,0.0757,2.537,0.7947,4.7949,15.5206,6.118,4.3795,11.9967,0.773,9.0,6.0,0.5,8.7481,4.5913,-316.57,2.9455,0.335,0.9292,STRATA_SYN_SEASONAL_ENVIRONMENTAL_00443,SEASONAL_ENVIRONMENTAL,False,none
20.0,315.46,16.6,0.28,42.29,0.0,0.7848,0.0768,0.6747,0.8222,0.0882,2.937,-2.0956,3.8749,14.8323,5.05,3.0231,7.849,0.5292,13.0,3.0,0.5263,-11.8129,2.3318,1.6045,2.3313,0.4636,0.1756,STRATA_SYN_STRUCTURAL_ACCELERATING_00039,STRUCTURAL_ACCELERATING,False,none
16.0,114.89,7.66,0.28,39.54,0.0,0.7967,0.0832,0.6548,0.8489,0.0762,0.986,3.2874,2.4795,7.0948,7.196,4.3716,6.9606,0.9811,14.0,3.0,0.5333,5.2561,2.4263,-44.6819,2.4193,-0.6907,0.0327,STRATA_SYN_TEMPORALLY_INCONSISTENT_00320,TEMPORALLY_INCONSISTENT,False,none
18.0,211.02,12.41,0.27,41.64,0.0,0.7864,0.0773,0.6517,0.8477,0.0604,1.206,-1.8238,1.1032,3.6932,3.062,1.1665,2.6134,0.7076,10.0,1.0,0.4706,-3.1666,0.9518,10.801,0.94,0.2146,0.0,STRATA_SYN_STRUCTURAL_ACCELERATING_00442,STRUCTURAL_ACCELERATING,False,none
13.0,119.99,10.0,0.25,41.47,0.0,0.8397,0.0826,0.7097,0.8147,0.0629,0.901,-3.3082,4.9654,15.0314,16.683,1.6018,3.4162,0.2273,3.0,1.0,0.75,-41.4323,2.5641,534.5638,0.6659,0.7706,0.0,STRATA_SYN_SEASONAL_ENVIRONMENTAL_00374,SEASONAL_ENVIRONMENTAL,False,none
20.0,387.29,20.38,0.32,43.9,0.0,0.8128,0.0754,0.6818,0.8489,0.0603,1.508,0.0763,1.4822,5.7331,3.802,1.5756,5.2397,0.9139,10.0,7.0,0.4737,-1.5794,1.3921,1.9613,1.3892,-0.1614,0.3202,STRATA_SYN_STABLE_00235,STABLE,False,none
6.0,96.55,19.31,0.3,42.98,0.0,0.7992,0.0942,0.6559,0.813,0.0896,0.713,-0.7353,0.6701,2.0735,2.908,0.6992,1.1748,0.5666,3.0,1.0,0.6,-5.1201,0.4835,103.9778,0.3213,0.1172,0.0,STRATA_SYN_STRUCTURAL_MONOTONIC_00451,STRUCTURAL_MONOTONIC,True,short_sequence
7.0,86.99,14.5,0.33,41.17,0.0,0.8262,0.082,0.6921,0.8057,0.0562,1.93,2.3138,3.2689,9.8583,5.108,4.7165,9.8583,1.0,5.0,2.0,0.5,16.0332,3.012,-387.5092,2.8198,-0.233,0.8122,STRATA_SYN_TEMPORALLY_INCONSISTENT_00011,TEMPORALLY_INCONSISTENT,False,none
20.0,217.57,11.45,0.31,29.27,0.0,0.1701,0.0389,0.1015,0.1779,0.0404,4.965,2.5962,4.3086,18.3247,3.691,4.0664,11.8243,0.6453,8.0,6.0,0.5263,11.5721,3.7637,83.9727,3.5606,0.3067,0.7408,STRATA_SYN_LOW_QUALITY_00328,LOW_QUALITY,False,none
8.0,100.94,14.42,0.32,33.4,0.0,0.7665,0.0701,0.6945,0.842,0.0612,2.344,-0.3847,2.0303,6.1461,2.622,1.6948,4.0169,0.6536,3.0,2.0,0.7143,16.2234,1.3979,-178.7084,1.2443,0.477,0.4902,STRATA_SYN_STABLE_00108,STABLE,False,none
7.0,128.87,21.48,0.31,39.38,0.0,0.7904,0.1005,0.6814,0.8037,0.0701,2.409,-1.4659,1.7071,5.2283,2.17,2.7132,5.2283,1.0,4.0,3.0,0.6667,-3.4658,1.6573,69.0213,1.6052,-0.6283,0.2264,STRATA_SYN_STRUCTURAL_ACCELERATING_00418,STRUCTURAL_ACCELERATING,False,none
17.0,137.77,8.61,0.27,30.72,0.0,0.8398,0.0805,0.6668,0.8456,0.0785,0.911,-4.4192,2.1749,8.9464,9.82,1.2454,3.8658,0.4321,7.0,1.0,0.625,-11.3682,1.7333,227.9763,1.0855,0.5226,0.0,STRATA_SYN_SEASONAL_ENVIRONMENTAL_00421,SEASONAL_ENVIRONMENTAL,False,none
12.0,194.43,17.68,0.27,40.68,0.0,0.8097,0.0593,0.7089,0.8128,0.0675,1.585,0.7047,2.234,7.2863,4.597,2.1465,4.3643,0.599,6.0,3.0,0.5455,-8.8644,1.676,-53.6166,1.5402,0.3545,0.4926,STRATA_SYN_ATMOSPHERIC_TRANSIENT_00155,ATMOSPHERIC_TRANSIENT,False,none
15.0,326.44,23.32,0.31,30.1,0.0,0.3804,0.0431,0.2955,0.3987,0.0674,2.033,-3.4242,2.9566,10.2208,5.027,2.5717,8.0436,0.787,9.0,3.0,0.5,-5.4165,2.5514,42.3422,2.1121,0.2706,0.4915,STRATA_SYN_STRUCTURAL_MONOTONIC_00031,STRUCTURAL_MONOTONIC,True,low_coherence_structural
15.0,159.67,11.41,0.32,36.91,0.0,0.7828,0.069,0.6656,0.8271,0.0756,1.052,-0.3747,1.327,5.2026,4.945,1.593,4.7191,0.9071,10.0,7.0,0.5714,0.0459,1.327,-14.336,1.322,-0.1616,0.6104,STRATA_SYN_ATMOSPHERIC_TRANSIENT_00306,ATMOSPHERIC_TRANSIENT,False,none
10.0,83.58,9.29,0.3,30.13,0.0,0.828,0.0705,0.6856,0.8175,0.0639,2.026,0.3782,3.3427,12.0931,5.969,3.396,11.2792,0.9327,5.0,5.0,0.5556,-1.6403,3.3406,-540.2474,3.092,0.044,0.9487,STRATA_SYN_ATMOSPHERIC_TRANSIENT_00410,ATMOSPHERIC_TRANSIENT,False,none
20.0,249.89,13.15,0.31,42.28,0.0,0.1889,0.0344,0.1295,0.1622,0.0391,3.419,0.6331,2.6729,9.9317,2.905,3.4326,9.5067,0.9572,12.0,12.0,0.5263,2.8107,2.6086,17.7232,2.5864,-0.229,0.6541,STRATA_SYN_LOW_QUALITY_00119,LOW_QUALITY,False,none
10.0,74.76,8.31,0.23,37.81,0.0,0.7789,0.0725,0.6622,0.8105,0.0736,0.85,-0.8936,1.0208,4.1217,4.849,1.1379,2.0059,0.4867,5.0,2.0,0.5556,-8.3886,0.8611,-26.5439,0.8597,0.3292,0.557,STRATA_SYN_STRUCTURAL_MONOTONIC_00257,STRUCTURAL_MONOTONIC,False,none
11.0,219.92,21.99,0.32,33.95,0.0,0.1724,0.0458,0.1077,0.1834,0.0369,4.79,-1.3829,5.0194,16.6758,3.481,4.9889,16.6758,1.0,7.0,3.0,0.6,10.6402,4.5933,64.1455,4.4771,0.1977,0.7409,STRATA_SYN_LOW_QUALITY_00089,LOW_QUALITY,False,none
16.0,105.0,7.0,0.28,30.2,0.0,0.7783,0.0966,0.6633,0.8256,0.0752,2.075,1.2203,3.8098,14.5993,7.036,3.9077,10.6718,0.731,14.0,1.0,0.5333,-26.0772,3.0475,-420.8187,2.6773,0.2111,0.0,STRATA_SYN_TEMPORALLY_INCONSISTENT_00034,TEMPORALLY_INCONSISTENT,False,none
9.0,147.26,18.41,0.25,32.23,0.0,0.76,0.0791,0.651,0.8363,0.0701,1.857,0.2196,2.5123,8.2277,4.431,2.5081,5.6104,0.6819,5.0,5.0,0.5,4.1191,2.4542,-124.7069,2.2721,0.2644,0.7573,STRATA_SYN_STABLE_00247,STABLE,False,none
19.0,199.3,11.07,0.27,32.4,0.0,0.8159,0.0867,0.6703,0.8164,0.0702,0.74,3.9335,3.0115,10.3647,14.006,1.0205,2.7137,0.2618,5.0,1.0,0.6667,8.8879,2.625,-208.0896,0.6423,0.784,0.0,STRATA_SYN_SEASONAL_ENVIRONMENTAL_00119,SEASONAL_ENVIRONMENTAL,False,none
11.0,194.69,19.47,0.19,37.66,0.0,0.7766,0.1033,0.6587,0.8142,0.0838,1.221,6.0257,4.1717,13.3864,10.963,5.9705,8.7872,0.6564,9.0,3.0,0.5,15.4962,3.2501,-85.8423,3.066,-0.1265,0.3891,STRATA_SYN_TEMPORALLY_INCONSISTENT_00050,TEMPORALLY_INCONSISTENT,False,none
19.0,197.35,10.96,0.34,34.04,0.0,0.8222,0.0895,0.6656,0.8502,0.0654,2.931,-1.423,3.4524,11.3495,3.872,3.8653,8.695,0.7661,11.0,6.0,0.5,-1.9846,3.4368,-139.6259,2.9978,0.1535,0.6343,STRATA_SYN_STRUCTURAL_ACCELERATING_00216,STRUCTURAL_ACCELERATING,False,none
20.0,373.59,19.66,0.31,37.79,0.0,0.7835,0.0834,0.6618,0.8246,0.0776,0.832,-1.6381,1.1804,4.3825,5.267,1.1098,1.9305,0.4405,13.0,3.0,0.5789,-2.9283,0.7533,-1.626,0.7501,0.4182,0.1962,STRATA_SYN_STRUCTURAL_ACCELERATING_00032,STRUCTURAL_ACCELERATING,False,none
7.0,70.63,11.77,0.27,31.47,0.0,0.829,0.0846,0.7279,0.8262,0.0648,0.755,0.3026,0.8244,2.3499,3.112,0.8201,1.4885,0.6334,3.0,1.0,0.5,-8.5799,0.6116,-259.9492,0.3955,0.2575,0.0,STRATA_SYN_STRUCTURAL_ACCELERATING_00215,STRUCTURAL_ACCELERATING,False,none
20.0,183.99,9.68,0.28,38.18,0.0,0.8077,0.0863,0.674,0.8109,0.0729,1.457,-0.8799,1.6572,5.9723,4.099,1.6556,4.0515,0.6784,12.0,8.0,0.5263,-4.4084,1.5141,-58.0276,1.3892,0.1964,0.7127,STRATA_SYN_STRUCTURAL_ACCELERATING_00008,STRUCTURAL_ACCELERATING,False,none
19.0,384.27,21.35,0.34,37.29,0.0,0.8317,0.0748,0.6831,0.7845,0.0647,2.025,-1.4974,2.268,8.4887,4.192,2.0169,5.6146,0.6614,10.0,5.0,0.5,-4.7227,1.6919,-4.2477,1.6808,0.3056,0.2244,STRATA_SYN_STRUCTURAL_ACCELERATING_00487,STRUCTURAL_ACCELERATING,False,none
19.0,315.4,17.52,0.23,28.71,0.0,0.8059,0.0983,0.6531,0.8068,0.0567,0.664,5.1268,4.1737,17.1752,25.866,5.3525,8.7359,0.5086,17.0,2.0,0.5,10.5267,3.1275,14.414,3.0959,0.1054,0.2219,STRATA_SYN_TEMPORALLY_INCONSISTENT_00288,TEMPORALLY_INCONSISTENT,False,none
18.0,257.72,15.16,0.28,37.76,0.0,0.7898,0.094,0.6554,0.8301,0.0749,1.265,1.8225,1.9405,5.9392,4.695,1.4931,4.676,0.7873,10.0,5.0,0.5882,6.7391,1.2907,-7.2345,1.282,0.3678,0.0012,STRATA_SYN_STRUCTURAL_ACCELERATING_00457,STRUCTURAL_ACCELERATING,False,none
19.0,303.8,16.88,0.28,44.39,0.0,0.7931,0.0737,0.6503,0.8364,0.0701,2.603,-0.7336,3.8004,16.2204,6.231,4.4816,11.5735,0.7135,11.0,10.0,0.5556,-1.4304,3.7831,32.1676,3.6704,-0.1972,0.8168,STRATA_SYN_ATMOSPHERIC_TRANSIENT_00090,ATMOSPHERIC_TRANSIENT,False,none
7.0,105.07,17.51,0.25,36.11,0.0,0.7949,0.0972,0.6637,0.7762,0.049,0.756,-0.6186,0.7034,2.3596,3.121,0.7821,1.8474,0.7829,4.0,2.0,0.3333,-3.2803,0.6291,-18.5657,0.6248,0.1025,0.8011,STRATA_SYN_STRUCTURAL_ACCELERATING_00302,STRUCTURAL_ACCELERATING,False,none
18.0,407.92,24.0,0.3,28.67,0.0,0.7759,0.0592,0.6749,0.8237,0.0688,1.835,8.1644,5.161,17.6885,9.64,6.8011,11.3001,0.6388,15.0,3.0,0.5294,10.1869,3.8204,0.2728,3.8204,-0.0963,0.0949,STRATA_SYN_TEMPORALLY_INCONSISTENT_00256,TEMPORALLY_INCONSISTENT,False,none
19.0,402.9,22.38,0.27,31.02,0.0,0.1533,0.039,0.106,0.1838,0.0386,3.37,-1.9891,2.7377,11.7153,3.476,3.2141,8.4258,0.7192,11.0,7.0,0.5,2.9693,2.5498,-7.7447,2.5199,-0.0447,0.4564,STRATA_SYN_LOW_QUALITY_00423,LOW_QUALITY,False,none
17.0,268.23,16.76,0.24,34.75,0.0,0.1577,0.0329,0.1052,0.1829,0.0519,2.912,-0.2818,2.1556,7.6792,2.637,2.7362,7.0703,0.9207,11.0,9.0,0.5,2.8894,2.056,-0.0406,2.056,-0.0715,0.7734,STRATA_SYN_LOW_QUALITY_00203,LOW_QUALITY,False,none
19.0,277.72,15.43,0.29,37.8,0.0,0.7974,0.1002,0.6517,0.8155,0.0735,2.695,2.6968,4.4509,15.0841,5.597,6.0783,11.5575,0.7662,17.0,9.0,0.5,-10.266,3.763,-26.4677,3.7099,-0.2149,0.7027,STRATA_SYN_TEMPORALLY_INCONSISTENT_00241,TEMPORALLY_INCONSISTENT,False,none
7.0,105.83,17.64,0.2,43.1,0.0,0.9109,0.0273,0.8838,0.816,0.0945,2.056,-2.504,3.3029,10.0606,4.893,4.9485,9.9636,0.9904,3.0,3.0,0.5,5.1354,3.2655,140.8455,3.2154,-0.315,0.8931,STRATA_SYN_ATMOSPHERIC_TRANSIENT_00336,ATMOSPHERIC_TRANSIENT,True,high_coherence_atmospheric
20.0,243.07,12.79,0.29,30.73,0.0,0.8255,0.0752,0.6933,0.8432,0.0851,0.517,0.7589,3.0592,14.4418,27.934,1.9182,14.1967,0.983,13.0,12.0,0.5263,5.2528,2.8702,44.1943,2.7552,-0.0859,0.9968,STRATA_SYN_ATMOSPHERIC_TRANSIENT_00196,ATMOSPHERIC_TRANSIENT,False,none
10.0,150.67,16.74,0.29,29.71,0.0,0.8076,0.0826,0.6559,0.7989,0.0495,2.017,-1.7113,3.6733,13.5715,6.729,3.7147,12.8114,0.944,4.0,5.0,0.5556,-7.996,3.5191,-84.326,3.4598,-0.2419,0.7588,STRATA_SYN_ATMOSPHERIC_TRANSIENT_00116,ATMOSPHERIC_TRANSIENT,False,none
19.0,246.29,13.68,0.33,26.16,0.0,0.7702,0.0851,0.6575,0.8325,0.0556,2.992,2.3368,3.0673,13.4583,4.498,2.3461,5.3831,0.4,11.0,3.0,0.5,10.2298,2.2469,16.4742,2.2257,0.4178,0.1276,STRATA_SYN_STRUCTURAL_ACCELERATING_00246,STRUCTURAL_ACCELERATING,False,none
11.0,237.79,23.78,0.25,35.34,0.0,0.8018,0.0901,0.6524,0.8724,0.0583,1.262,-0.6646,3.3464,11.6725,9.249,5.1412,7.9585,0.6818,9.0,7.0,0.5,-8.6104,2.8371,2.7164,2.8367,-0.252,0.5916,STRATA_SYN_TEMPORALLY_INCONSISTENT_00138,TEMPORALLY_INCONSISTENT,False,none
19.0,137.17,7.62,0.33,34.34,0.0,0.1792,0.039,0.1136,0.1667,0.0384,4.354,2.1694,4.2509,16.1985,3.72,5.1139,10.9711,0.6773,12.0,9.0,0.6111,-15.1676,3.8797,12.3649,3.879,0.0265,0.7175,STRATA_SYN_LOW_QUALITY_00478,LOW_QUALITY,False,none
16.0,238.64,15.91,0.3,41.44,0.0,0.8062,0.0945,0.6791,0.8196,0.082,2.02,-0.6085,1.7737,6.6408,3.288,1.6275,3.696,0.5566,5.0,6.0,0.4667,-1.3712,1.7521,12.165,1.7385,0.3957,0.865,STRATA_SYN_STRUCTURAL_ACCELERATING_00391,STRUCTURAL_ACCELERATING,True,accelerating_subtle_onset
11.0,209.75,20.97,0.23,26.53,0.0,0.7621,0.0731,0.6554,0.8151,0.0758,2.522,-3.4781,2.1707,7.0551,2.797,2.2805,5.8505,0.8293,5.0,2.0,0.5,-6.3779,1.8361,-10.7096,1.8294,0.0908,0.0958,STRATA_SYN_STRUCTURAL_MONOTONIC_00177,STRUCTURAL_MONOTONIC,False,none
16.0,210.75,14.05,0.33,29.58,0.0,0.7887,0.0994,0.6604,0.8174,0.0649,1.759,0.6659,2.2991,8.9933,5.113,2.7454,6.7435,0.7498,10.0,9.0,0.5333,-3.6119,2.2074,-27.314,2.1741,0.0136,0.5358,STRATA_SYN_ATMOSPHERIC_TRANSIENT_00356,ATMOSPHERIC_TRANSIENT,False,none
11.0,70.6,7.06,0.27,42.93,0.0,0.8175,0.0906,0.6581,0.8189,0.0783,2.469,-0.39,1.7738,5.579,2.26,1.5738,5.579,1.0,4.0,5.0,0.4,-2.6642,1.7663,-79.9792,1.7613,0.0447,0.4071,STRATA_SYN_STRUCTURAL_ACCELERATING_00036,STRUCTURAL_ACCELERATING,False,none
12.0,195.74,17.79,0.3,43.99,0.0,0.1607,0.0387,0.1017,0.1742,0.0351,4.857,-0.6447,4.6883,20.026,4.123,5.0067,20.026,1.0,5.0,5.0,0.7273,0.5465,4.6874,-93.9216,4.5373,-0.2074,0.9417,STRATA_SYN_LOW_QUALITY_00387,LOW_QUALITY,False,none
11.0,229.83,22.98,0.36,38.76,0.0,0.8294,0.074,0.6771,0.8441,0.0678,0.785,-0.6211,3.066,9.0459,11.523,1.5345,3.2873,0.3634,2.0,2.0,0.5,-8.8841,2.5039,123.0649,1.2793,0.7325,0.3799,STRATA_SYN_SEASONAL_ENVIRONMENTAL_00365,SEASONAL_ENVIRONMENTAL,False,none
7.0,77.47,12.91,0.28,39.56,0.0,0.7911,0.0915,0.6507,0.7989,0.0577,1.878,-0.3365,0.6972,2.1533,1.147,0.6847,1.5239,0.7077,3.0,4.0,0.5,5.5465,0.5764,-221.2918,0.3227,0.1839,0.4517,STRATA_SYN_STRUCTURAL_MONOTONIC_00013,STRUCTURAL_MONOTONIC,False,none
18.0,210.2,12.36,0.26,35.54,0.0,0.836,0.0717,0.7304,0.8773,0.0649,1.519,0.3247,1.4889,5.1462,3.388,2.0122,3.9238,0.7625,12.0,11.0,0.5882,1.5472,1.4638,-11.7716,1.4549,-0.1968,0.806,STRATA_SYN_STABLE_00481,STABLE,False,none
13.0,189.46,15.79,0.31,25.55,0.0,0.7421,0.0701,0.652,0.822,0.0701,0.951,-0.1636,0.6993,2.8293,2.975,0.8242,1.986,0.7019,7.0,5.0,0.5833,2.3991,0.5812,15.5024,0.5527,0.0421,0.6263,STRATA_SYN_STABLE_00489,STABLE,False,none
13.0,221.83,18.49,0.26,44.27,0.0,0.8157,0.0957,0.6602,0.8435,0.0601,3.0,0.2836,4.2244,13.4352,4.478,6.4718,10.3595,0.7711,8.0,9.0,0.6667,-8.3735,3.9161,5.3185,3.9152,-0.3813,0.4129,STRATA_SYN_STABLE_00118,STABLE,True,elevated_noise_stable
18.0,139.94,8.23,0.22,33.98,0.0,0.1671,0.0343,0.1054,0.1686,0.0391,3.871,2.058,3.658,14.6847,3.794,4.6578,10.6503,0.7253,13.0,10.0,0.5294,1.7442,3.6523,166.2561,3.51,-0.148,0.5985,STRATA_SYN_LOW_QUALITY_00351,LOW_QUALITY,False,none
7.0,39.43,6.57,0.23,27.75,0.0,0.7683,0.0831,0.6864,0.8705,0.0473,2.845,6.1623,4.0492,12.0379,4.231,3.6607,7.1389,0.593,5.0,0.0,0.5,90.0996,2.4169,-1804.9834,2.1961,0.3834,0.0,STRATA_SYN_TEMPORALLY_INCONSISTENT_00346,TEMPORALLY_INCONSISTENT,False,none
6.0,79.28,15.86,0.18,29.82,0.0,0.8304,0.0835,0.6566,0.763,0.0691,1.801,0.5702,0.4213,1.1831,0.657,0.4601,0.9847,0.8323,2.0,2.0,0.6,2.8783,0.3633,81.1045,0.3093,0.2335,0.9446,STRATA_SYN_STRUCTURAL_MONOTONIC_00364,STRUCTURAL_MONOTONIC,True,short_sequence
17.0,367.86,22.99,0.26,34.4,0.0,0.7486,0.0906,0.6533,0.8196,0.0675,2.306,0.7992,1.5145,5.4919,2.382,1.7971,4.7751,0.8695,7.0,7.0,0.5,-0.1684,1.5136,1.3785,1.5125,-0.1881,0.4179,STRATA_SYN_STABLE_00163,STABLE,False,none
15.0,91.9,6.56,0.3,39.1,0.0,0.8244,0.0572,0.7341,0.8373,0.0739,1.588,-0.1114,1.2475,4.9538,3.12,1.0803,2.3888,0.4822,5.0,5.0,0.5,3.5619,1.2167,-113.5356,1.1777,0.5489,0.8353,STRATA_SYN_STRUCTURAL_ACCELERATING_00097,STRUCTURAL_ACCELERATING,False,none
8.0,140.68,20.1,0.32,43.12,0.0,0.8133,0.0788,0.7126,0.8025,0.05,2.965,0.6957,6.1409,22.4504,7.572,7.4932,15.7306,0.7007,5.0,3.0,0.5714,23.5456,5.379,-237.567,5.1198,0.0914,0.8511,STRATA_SYN_ATMOSPHERIC_TRANSIENT_00003,ATMOSPHERIC_TRANSIENT,False,none
12.0,124.25,11.3,0.23,26.57,0.0,0.7864,0.0844,0.659,0.796,0.0565,1.48,-0.4056,0.513,1.6635,1.124,0.7236,1.6635,1.0,6.0,6.0,0.5455,0.1595,0.5127,-23.7683,0.4985,-0.398,0.5742,STRATA_SYN_STRUCTURAL_ACCELERATING_00153,STRUCTURAL_ACCELERATING,False,none
15.0,110.2,7.87,0.24,29.72,0.0,0.1628,0.045,0.1007,0.1721,0.0372,2.791,-1.1773,2.0913,8.6845,3.112,2.3679,6.0219,0.6934,7.0,5.0,0.5714,-6.7809,1.9926,93.2214,1.9601,-0.0365,0.556,STRATA_SYN_LOW_QUALITY_00384,LOW_QUALITY,False,none
17.0,245.32,15.33,0.29,33.16,0.0,0.776,0.0852,0.6567,0.8246,0.0683,2.882,-0.5788,5.4944,18.7654,6.511,2.998,8.6413,0.4605,9.0,2.0,0.5625,19.566,3.7249,136.4306,2.6992,0.7272,0.2173,STRATA_SYN_SEASONAL_ENVIRONMENTAL_00127,SEASONAL_ENVIRONMENTAL,False,none
6.0,110.88,22.18,0.29,31.61,0.0,0.8334,0.0744,0.7068,0.7956,0.0568,1.511,-0.7179,2.1117,5.221,3.455,3.5169,5.221,1.0,3.0,3.0,0.6,7.5486,1.9614,111.4893,1.8931,-0.5254,0.5122,STRATA_SYN_STRUCTURAL_MONOTONIC_00168,STRUCTURAL_MONOTONIC,False,none
9.0,166.13,20.77,0.32,25.17,0.0,0.7861,0.0607,0.697,0.8074,0.0528,1.49,-0.4059,0.8606,2.9667,1.991,0.8284,1.9863,0.6695,6.0,2.0,0.5,-2.1971,0.7977,-60.3838,0.5565,0.1765,0.2379,STRATA_SYN_STRUCTURAL_ACCELERATING_00249,STRUCTURAL_ACCELERATING,False,none
9.0,145.64,18.21,0.25,38.99,0.0,0.7874,0.0587,0.6701,0.808,0.077,0.761,-0.4469,0.4637,1.5074,1.981,0.6374,1.5074,1.0,4.0,3.0,0.375,1.0006,0.4453,-5.2945,0.4437,-0.548,0.4836,STRATA_SYN_STABLE_00427,STABLE,False,none
19.0,202.49,11.25,0.26,36.71,0.0,0.7756,0.0928,0.6505,0.8213,0.0721,2.964,-1.1951,7.7384,23.2918,7.858,3.0433,6.8942,0.296,10.0,1.0,0.6111,-41.8427,3.161,84.7599,2.9723,0.8422,0.0,STRATA_SYN_SEASONAL_ENVIRONMENTAL_00251,SEASONAL_ENVIRONMENTAL,True,strong_seasonal_amplitude
8.0,46.84,6.69,0.29,40.6,0.0,0.7899,0.0882,0.6943,0.8011,0.0592,1.409,2.4447,1.4558,4.6391,3.292,1.8302,3.133,0.6753,4.0,1.0,0.7143,-17.9467,1.2461,-311.4465,1.2229,-0.138,0.0,STRATA_SYN_SEASONAL_ENVIRONMENTAL_00149,SEASONAL_ENVIRONMENTAL,True,short_seasonal_sequence
19.0,317.9,17.66,0.27,27.33,0.0,0.1583,0.0411,0.1032,0.1737,0.0361,3.799,-0.0542,3.5242,16.4523,4.331,4.3057,11.8051,0.7175,11.0,9.0,0.5,-5.3279,3.2292,9.4216,3.2157,-0.1442,0.6569,STRATA_SYN_LOW_QUALITY_00063,LOW_QUALITY,False,none
15.0,160.72,11.48,0.25,28.14,0.0,0.8087,0.0822,0.6572,0.8313,0.0576,0.635,0.2606,0.6776,3.0198,4.756,0.8945,1.9251,0.6375,7.0,7.0,0.5,1.6166,0.6409,0.4796,0.6409,-0.1328,0.8704,STRATA_SYN_STRUCTURAL_ACCELERATING_00362,STRUCTURAL_ACCELERATING,False,none
14.0,219.99,16.92,0.24,39.29,0.0,0.7748,0.0769,0.6948,0.8121,0.068,1.918,-2.4859,2.2207,7.5928,3.959,1.8323,3.6329,0.4785,5.0,3.0,0.6154,-8.5709,1.5362,-18.6145,1.5089,0.5192,0.2303,STRATA_SYN_STRUCTURAL_ACCELERATING_00046,STRUCTURAL_ACCELERATING,False,none
11.0,118.71,11.87,0.2,43.71,0.0,0.1662,0.0448,0.1002,0.2141,0.0301,4.316,-1.9211,4.2489,13.5418,3.138,4.232,8.5761,0.6333,4.0,4.0,0.5,-14.4215,3.9814,-371.8791,3.5843,0.3536,0.7168,STRATA_SYN_LOW_QUALITY_00392,LOW_QUALITY,False,none
20.0,445.9,23.47,0.34,39.51,0.0,0.169,0.0366,0.1019,0.1827,0.041,4.644,-1.3377,4.8426,20.2172,4.353,6.1964,16.2075,0.8017,11.0,8.0,0.5263,0.6223,4.8371,2.0377,4.8355,-0.1629,0.8606,STRATA_SYN_LOW_QUALITY_00352,LOW_QUALITY,False,none
18.0,357.05,21.0,0.28,43.94,0.0,0.8223,0.0919,0.664,0.8169,0.0734,0.908,-0.0155,0.7246,3.1186,3.435,0.7923,2.6917,0.8631,10.0,9.0,0.5294,0.4886,0.7097,1.176,0.7082,-0.025,0.9158,STRATA_SYN_STABLE_00334,STABLE,False,none
6.0,118.73,23.75,0.29,38.64,0.0,0.8757,0.0417,0.8249,0.8398,0.0638,0.732,-0.9951,0.7731,2.0968,2.864,0.8368,1.4607,0.6966,3.0,1.0,0.6,-5.3415,0.4948,-18.7404,0.4849,0.1154,0.0,STRATA_SYN_STRUCTURAL_MONOTONIC_00321,STRUCTURAL_MONOTONIC,False,none
20.0,239.22,12.59,0.29,41.92,0.0,0.7916,0.0862,0.6663,0.8403,0.0711,2.624,-1.0405,2.9594,11.8477,4.515,4.6434,9.5627,0.8071,16.0,15.0,0.5789,-2.7518,2.9086,-41.5828,2.8148,-0.5158,0.682,STRATA_SYN_ATMOSPHERIC_TRANSIENT_00260,ATMOSPHERIC_TRANSIENT,False,none
20.0,430.07,22.64,0.3,33.53,0.0,0.8046,0.0806,0.658,0.8271,0.0552,1.934,-6.6869,4.1181,15.8205,8.18,2.5513,7.7094,0.4873,13.0,2.0,0.5789,-9.6512,2.2474,-2.2467,2.2438,0.6517,0.1462,STRATA_SYN_STRUCTURAL_MONOTONIC_00403,STRUCTURAL_MONOTONIC,False,none
20.0,340.59,17.93,0.3,35.14,0.0,0.8433,0.0887,0.6931,0.8275,0.0602,1.608,2.5308,3.6373,13.387,8.325,5.5994,12.7846,0.955,18.0,11.0,0.5263,-0.2241,3.6368,-14.0173,3.602,-0.5606,0.4174,STRATA_SYN_TEMPORALLY_INCONSISTENT_00002,TEMPORALLY_INCONSISTENT,False,none
16.0,334.63,22.31,0.28,26.73,0.0,0.822,0.0814,0.6596,0.7976,0.0727,2.684,1.2413,2.8757,11.1607,4.158,3.2539,6.8093,0.6101,8.0,9.0,0.4667,-1.8021,2.8304,32.2833,2.5915,0.0915,0.4811,STRATA_SYN_SEASONAL_ENVIRONMENTAL_00107,SEASONAL_ENVIRONMENTAL,True,seasonal_with_high_noise
24.0,189.78,8.25,0.31,39.32,0.0,0.8201,0.1003,0.6515,0.8223,0.0677,2.359,0.4806,3.6964,12.4892,5.294,2.2873,9.6773,0.7749,15.0,8.0,0.5652,14.1344,2.9635,34.203,2.9396,0.5949,0.8176,STRATA_SYN_SEASONAL_ENVIRONMENTAL_00474,SEASONAL_ENVIRONMENTAL,False,none
9.0,148.92,18.61,0.22,34.64,0.0,0.7831,0.0831,0.6826,0.781,0.0582,1.832,-1.9594,1.6708,5.9267,3.235,1.8191,3.5772,0.6036,6.0,2.0,0.625,-8.6193,1.2248,10.6668,1.2222,0.2415,0.5358,STRATA_SYN_STRUCTURAL_MONOTONIC_00354,STRUCTURAL_MONOTONIC,False,none
17.0,347.84,21.74,0.29,26.92,0.0,0.7915,0.0846,0.6617,0.8197,0.088,0.931,0.6515,3.1543,14.3587,15.423,2.4234,13.5622,0.9445,11.0,10.0,0.5625,3.3321,3.0004,12.1539,2.9648,-0.0061,0.9571,STRATA_SYN_ATMOSPHERIC_TRANSIENT_00092,ATMOSPHERIC_TRANSIENT,False,none
6.0,102.69,20.54,0.33,26.02,0.0,0.8563,0.096,0.7036,0.7685,0.0535,1.194,0.6771,3.1019,8.5735,7.18,5.9655,8.5566,0.998,4.0,4.0,0.6,-8.486,2.9924,142.8661,2.9392,-0.6405,0.9294,STRATA_SYN_TEMPORALLY_INCONSISTENT_00467,TEMPORALLY_INCONSISTENT,False,none
14.0,189.32,14.56,0.32,41.78,0.0,0.1593,0.0306,0.1181,0.1729,0.0426,4.918,1.0171,4.8846,17.7964,3.619,6.7945,17.7964,1.0,9.0,10.0,0.5385,5.3728,4.8081,81.4574,4.7164,-0.4308,0.6079,STRATA_SYN_LOW_QUALITY_00319,LOW_QUALITY,False,none
19.0,145.52,8.08,0.31,40.3,0.0,0.8052,0.0921,0.6908,0.8169,0.0819,2.63,6.3533,3.5654,11.8199,4.494,4.8385,9.4234,0.7972,13.0,0.0,0.6111,10.1335,3.3467,70.8734,3.314,-0.1963,0.0,STRATA_SYN_TEMPORALLY_INCONSISTENT_00141,TEMPORALLY_INCONSISTENT,False,none
8.0,57.22,8.17,0.18,27.94,0.0,0.8428,0.0669,0.723,0.8182,0.0744,0.882,3.7626,2.7792,7.876,8.93,1.2898,1.9467,0.2472,3.0,1.0,0.7143,-51.9776,0.753,-556.7909,0.3995,0.6234,0.0,STRATA_SYN_SEASONAL_ENVIRONMENTAL_00089,SEASONAL_ENVIRONMENTAL,True,short_seasonal_sequence
18.0,103.93,6.11,0.31,26.55,0.0,0.8143,0.0863,0.6711,0.8234,0.0596,1.603,-0.0085,6.5645,20.9779,13.087,1.6776,4.7252,0.2252,11.0,1.0,0.6471,73.7756,1.5136,-166.5773,1.4069,0.8282,0.0,STRATA_SYN_SEASONAL_ENVIRONMENTAL_00429,SEASONAL_ENVIRONMENTAL,False,none
11.0,105.78,10.58,0.26,25.32,0.0,0.8007,0.078,0.7073,0.8168,0.0751,3.0,-1.1898,2.9254,10.1046,3.368,3.5519,7.058,0.6985,6.0,4.0,0.5,-8.9801,2.8071,-415.1818,2.3453,-0.0368,0.4115,STRATA_SYN_STABLE_00027,STABLE,True,elevated_noise_stable
11.0,209.02,20.9,0.28,39.67,0.0,0.8294,0.0717,0.7026,0.8724,0.0595,1.461,1.7568,2.1729,8.3252,5.698,2.3438,4.82,0.579,6.0,2.0,0.6,6.9266,1.777,51.5008,1.6132,0.25,0.3483,STRATA_SYN_STRUCTURAL_ACCELERATING_00122,STRUCTURAL_ACCELERATING,False,none
14.0,246.88,18.99,0.27,44.76,0.0,0.8319,0.0798,0.6763,0.8239,0.0668,2.858,-1.096,3.5985,13.2713,4.644,4.479,12.6405,0.9525,8.0,9.0,0.5385,-1.0658,3.5915,-26.8025,3.5533,-0.1873,0.6756,STRATA_SYN_STABLE_00167,STABLE,False,none
24.0,357.19,15.53,0.24,36.94,0.0,0.8037,0.0889,0.681,0.8259,0.0671,0.9,-0.0026,3.2734,10.7579,11.953,1.5123,4.1924,0.3897,10.0,3.0,0.4783,-0.3308,3.2719,-6.0534,3.2635,0.7846,0.1171,STRATA_SYN_SEASONAL_ENVIRONMENTAL_00006,SEASONAL_ENVIRONMENTAL,False,none
17.0,181.68,11.35,0.31,25.51,0.0,0.1558,0.0342,0.1026,0.1561,0.0422,4.391,-0.3398,3.5439,14.2154,3.237,4.285,11.045,0.777,9.0,7.0,0.5,-0.6181,3.5427,-111.805,3.3479,-0.2477,0.8268,STRATA_SYN_LOW_QUALITY_00336,LOW_QUALITY,False,none
9.0,136.78,17.1,0.26,27.1,0.0,0.8405,0.0656,0.7387,0.8195,0.058,2.368,-0.6953,1.5564,6.083,2.569,1.6142,4.282,0.7039,3.0,4.0,0.625,-7.3642,1.2768,-113.7673,1.0475,0.0071,0.5114,STRATA_SYN_STRUCTURAL_ACCELERATING_00111,STRUCTURAL_ACCELERATING,False,none
16.0,349.22,23.28,0.3,27.74,0.0,0.791,0.0778,0.682,0.8321,0.0591,3.0,-1.1139,2.0193,6.7384,2.246,2.2702,5.2445,0.7783,9.0,10.0,0.5333,2.2997,1.9034,-8.8698,1.8727,0.0652,0.4831,STRATA_SYN_STABLE_00262,STABLE,True,elevated_noise_stable
20.0,118.29,6.23,0.23,33.04,0.0,0.8192,0.0808,0.6599,0.8397,0.0572,1.59,5.7752,3.348,11.781,7.409,4.8834,10.6163,0.9011,18.0,0.0,0.5263,14.6674,3.0207,-199.9331,2.8955,-0.3717,0.0,STRATA_SYN_TEMPORALLY_INCONSISTENT_00033,TEMPORALLY_INCONSISTENT,False,none
12.0,171.2,15.56,0.34,32.58,0.0,0.7834,0.0789,0.6793,0.8267,0.0742,1.491,-2.0634,1.5555,5.0086,3.359,1.0878,4.0331,0.8052,8.0,2.0,0.6364,-7.7867,1.0564,-0.3463,1.0564,0.4925,0.2127,STRATA_SYN_STRUCTURAL_MONOTONIC_00398,STRUCTURAL_MONOTONIC,False,none
22.0,187.33,8.92,0.32,41.56,0.0,0.8037,0.0857,0.673,0.819,0.0795,0.75,3.3773,3.6081,12.9973,17.33,1.1426,2.7955,0.2151,5.0,2.0,0.4762,7.7635,3.4021,-307.1651,0.8895,0.7943,0.2096,STRATA_SYN_SEASONAL_ENVIRONMENTAL_00053,SEASONAL_ENVIRONMENTAL,False,none
17.0,178.03,11.13,0.28,27.99,0.0,0.3512,0.0453,0.2834,0.4178,0.0509,0.811,-1.6218,1.2408,4.6107,5.685,0.9457,1.9687,0.427,9.0,3.0,0.625,-7.0023,0.6674,3.294,0.6666,0.5241,0.2261,STRATA_SYN_STRUCTURAL_MONOTONIC_00363,STRUCTURAL_MONOTONIC,True,low_coherence_structural
6.0,42.54,8.51,0.26,37.34,0.0,0.7942,0.0553,0.6953,0.7702,0.0505,0.546,-0.3146,0.3993,1.2549,2.298,0.6022,1.2549,1.0,4.0,1.0,0.6,-0.669,0.3984,323.8094,0.3328,-0.493,0.0,STRATA_SYN_STRUCTURAL_MONOTONIC_00229,STRUCTURAL_MONOTONIC,False,none
19.0,348.14,19.34,0.27,38.36,0.0,0.8135,0.0967,0.6557,0.8077,0.0592,1.458,-0.1154,2.8195,10.6159,7.281,2.0761,4.9869,0.4698,8.0,7.0,0.5556,-1.0405,2.8033,-7.0693,2.7908,0.4977,0.2147,STRATA_SYN_SEASONAL_ENVIRONMENTAL_00446,SEASONAL_ENVIRONMENTAL,False,none
17.0,200.42,12.53,0.32,43.94,0.0,0.8391,0.0767,0.6805,0.8224,0.0645,1.916,4.3447,4.9826,17.4251,9.095,5.3966,9.7171,0.5576,13.0,6.0,0.5,14.8239,4.3219,173.4645,3.7325,0.3112,0.717,STRATA_SYN_TEMPORALLY_INCONSISTENT_00144,TEMPORALLY_INCONSISTENT,False,none
14.0,251.25,19.33,0.24,31.69,0.0,0.9317,0.0324,0.8841,0.843,0.073,2.315,1.2727,4.2036,17.9554,7.756,4.3672,13.97,0.778,7.0,5.0,0.5385,-2.4999,4.1697,-81.6094,3.8302,0.0522,0.8389,STRATA_SYN_ATMOSPHERIC_TRANSIENT_00460,ATMOSPHERIC_TRANSIENT,True,high_coherence_atmospheric
11.0,219.55,21.96,0.27,34.38,0.0,0.8462,0.0473,0.7643,0.825,0.0693,1.695,3.2802,3.5976,12.6451,7.46,5.4117,9.9187,0.7844,7.0,3.0,0.6,1.0006,3.5926,-104.3788,3.1813,-0.4795,0.7379,STRATA_SYN_TEMPORALLY_INCONSISTENT_00370,TEMPORALLY_INCONSISTENT,False,none
11.0,222.42,22.24,0.24,34.96,0.0,0.7965,0.0949,0.6614,0.8448,0.0669,1.189,-0.8191,2.8274,10.5127,8.842,3.1545,8.4174,0.8007,4.0,5.0,0.5,2.9746,2.7689,30.1408,2.7245,0.0093,0.8337,STRATA_SYN_ATMOSPHERIC_TRANSIENT_00151,ATMOSPHERIC_TRANSIENT,False,none
18.0,324.81,19.11,0.28,44.16,0.0,0.1725,0.0345,0.1067,0.176,0.0412,4.239,0.0055,4.1441,14.2767,3.368,4.9706,11.1308,0.7796,11.0,8.0,0.4706,-3.5209,4.0327,-3.932,4.0307,-0.0094,0.9918,STRATA_SYN_LOW_QUALITY_00022,LOW_QUALITY,False,none
17.0,145.5,9.09,0.27,31.43,0.0,0.8044,0.077,0.6808,0.8306,0.0773,1.574,-0.3257,1.739,6.8325,4.341,1.4797,5.4604,0.7992,7.0,4.0,0.5625,-6.1124,1.5735,13.1401,1.5712,0.2236,0.5381,STRATA_SYN_STRUCTURAL_ACCELERATING_00067,STRUCTURAL_ACCELERATING,False,none
19.0,300.44,16.69,0.28,25.09,0.0,0.8047,0.0939,0.6614,0.8224,0.0665,0.939,-0.1115,1.5423,7.1116,7.574,1.5979,6.1734,0.8681,9.0,9.0,0.6111,1.4543,1.4986,-15.053,1.4384,-0.0197,0.8369,STRATA_SYN_ATMOSPHERIC_TRANSIENT_00109,ATMOSPHERIC_TRANSIENT,False,none
11.0,76.23,7.62,0.22,37.53,0.0,0.1565,0.0427,0.1047,0.1805,0.041,4.108,0.234,5.3571,19.083,4.645,6.9771,13.2063,0.692,5.0,5.0,0.5,-20.8406,5.1773,-649.3194,5.0239,-0.0364,0.7395,STRATA_SYN_LOW_QUALITY_00105,LOW_QUALITY,False,none
20.0,335.69,17.67,0.32,37.83,0.0,0.9322,0.032,0.8818,0.8375,0.0833,1.743,0.5026,2.2156,11.0483,6.339,2.4597,5.8147,0.5263,13.0,9.0,0.5263,-1.1737,2.1913,-15.451,2.1247,0.155,0.8397,STRATA_SYN_ATMOSPHERIC_TRANSIENT_00282,ATMOSPHERIC_TRANSIENT,True,high_coherence_atmospheric
8.0,161.33,23.05,0.29,32.23,0.0,0.9368,0.0203,0.8986,0.8309,0.0806,2.143,-0.4199,2.7612,9.1658,4.277,3.7048,8.9345,0.9748,4.0,5.0,0.5714,0.8738,2.7583,58.0319,2.707,-0.3521,0.8121,STRATA_SYN_ATMOSPHERIC_TRANSIENT_00081,ATMOSPHERIC_TRANSIENT,True,high_coherence_atmospheric
14.0,140.89,10.84,0.26,33.05,0.0,0.9193,0.024,0.8906,0.8037,0.0655,1.535,0.9044,3.1536,12.6634,8.25,3.2467,12.3669,0.9766,7.0,8.0,0.5385,-1.9892,3.1445,-96.6623,3.0837,-0.1309,0.9719,STRATA_SYN_ATMOSPHERIC_TRANSIENT_00193,ATMOSPHERIC_TRANSIENT,True,high_coherence_atmospheric
6.0,46.21,9.24,0.29,34.86,0.0,0.7718,0.081,0.6738,0.8401,0.0623,1.908,-1.1884,1.3737,3.9605,2.076,1.9367,3.9605,1.0,4.0,3.0,0.6,3.0227,1.3675,880.2455,1.1724,-0.3561,0.3965,STRATA_SYN_STRUCTURAL_ACCELERATING_00323,STRUCTURAL_ACCELERATING,False,none
23.0,248.69,11.3,0.3,43.28,0.0,0.7929,0.0792,0.6631,0.8344,0.0818,1.588,-0.2154,7.799,21.3428,13.44,1.8852,5.9266,0.2777,13.0,1.0,0.6818,34.0359,3.4456,-19.9344,3.4253,0.9242,0.0,STRATA_SYN_SEASONAL_ENVIRONMENTAL_00103,SEASONAL_ENVIRONMENTAL,False,none
18.0,112.65,6.63,0.33,43.86,0.0,0.7731,0.0806,0.6564,0.8218,0.0722,1.306,-0.0983,1.7713,6.11,4.678,1.8616,5.1544,0.8436,9.0,7.0,0.5294,-8.6211,1.5731,-33.9979,1.5674,0.1102,0.4949,STRATA_SYN_STRUCTURAL_ACCELERATING_00160,STRUCTURAL_ACCELERATING,False,none
6.0,83.8,16.76,0.26,36.37,0.0,0.84,0.1031,0.6504,0.815,0.0754,1.427,1.0293,0.7522,2.2855,1.602,1.0196,1.8718,0.819,3.0,2.0,0.6,-4.4113,0.6682,165.0393,0.5079,-0.074,0.6815,STRATA_SYN_STRUCTURAL_ACCELERATING_00138,STRUCTURAL_ACCELERATING,False,none
14.0,298.56,22.97,0.34,41.15,0.0,0.8067,0.1001,0.6667,0.8448,0.0607,2.738,-0.6782,1.7379,6.0784,2.22,2.6243,4.3929,0.7227,10.0,8.0,0.5385,0.0029,1.7379,4.4576,1.7333,-0.4216,0.9289,STRATA_SYN_STABLE_00388,STABLE,False,none
14.0,149.21,11.48,0.27,43.52,0.0,0.7769,0.0858,0.6857,0.8092,0.0756,2.266,0.0448,3.8308,16.3298,7.206,4.3206,15.0227,0.92,10.0,9.0,0.5385,3.9456,3.798,140.0119,3.6645,-0.144,0.8754,STRATA_SYN_ATMOSPHERIC_TRANSIENT_00173,ATMOSPHERIC_TRANSIENT,False,none
16.0,184.23,12.28,0.26,28.39,0.0,0.7991,0.0913,0.6669,0.8375,0.0772,2.611,4.3157,3.8298,13.9642,5.348,5.8116,10.4585,0.749,12.0,4.0,0.5333,-2.0246,3.8169,-10.0708,3.8154,-0.3689,0.6083,STRATA_SYN_TEMPORALLY_INCONSISTENT_00101,TEMPORALLY_INCONSISTENT,False,none
7.0,42.14,7.02,0.37,36.76,0.0,0.7951,0.0833,0.6715,0.8092,0.0693,2.6,-1.5134,2.4998,8.7435,3.363,3.3416,6.4191,0.7342,2.0,2.0,0.5,-11.3369,2.4618,-1008.9427,2.3747,-0.0399,0.6059,STRATA_SYN_ATMOSPHERIC_TRANSIENT_00194,ATMOSPHERIC_TRANSIENT,False,none
15.0,327.31,23.38,0.2,39.27,0.0,0.7921,0.0769,0.6571,0.8473,0.0721,1.17,-1.5607,3.5424,13.1484,11.238,3.5582,11.1816,0.8504,10.0,5.0,0.5714,0.9301,3.533,21.6851,3.4553,-0.16,0.8204,STRATA_SYN_ATMOSPHERIC_TRANSIENT_00450,ATMOSPHERIC_TRANSIENT,False,none
22.0,201.66,9.6,0.26,40.23,0.0,0.8212,0.0928,0.6648,0.8131,0.0891,3.169,2.0273,3.9449,14.0708,4.44,3.2098,9.8585,0.7006,10.0,7.0,0.5238,-6.6686,3.785,82.535,3.643,0.4341,0.4222,STRATA_SYN_SEASONAL_ENVIRONMENTAL_00407,SEASONAL_ENVIRONMENTAL,True,seasonal_with_high_noise
7.0,125.92,20.99,0.32,34.99,0.0,0.8277,0.0916,0.7009,0.8684,0.048,2.902,1.8562,5.1261,15.2887,5.268,4.7546,10.2724,0.6719,2.0,2.0,0.6667,27.0005,4.0791,21.8392,4.0772,0.4931,0.7422,STRATA_SYN_ATMOSPHERIC_TRANSIENT_00055,ATMOSPHERIC_TRANSIENT,False,none
14.0,209.13,16.09,0.31,29.92,0.0,0.8417,0.0709,0.691,0.8268,0.0592,1.374,0.8945,6.2775,16.7344,12.179,1.3665,3.2863,0.1964,3.0,1.0,0.7692,-34.3407,1.5168,-59.1711,1.2717,0.8453,0.0,STRATA_SYN_SEASONAL_ENVIRONMENTAL_00376,SEASONAL_ENVIRONMENTAL,False,none
16.0,328.64,21.91,0.29,34.25,0.0,0.8014,0.0896,0.6626,0.8452,0.0747,2.44,-0.4601,1.8138,6.6539,2.727,1.6863,3.6989,0.5559,9.0,7.0,0.4667,4.0401,1.4286,1.6175,1.4275,0.3893,0.6608,STRATA_SYN_STABLE_00335,STABLE,False,none
24.0,305.37,13.28,0.27,36.88,0.0,0.8203,0.0851,0.6822,0.8137,0.0729,3.499,-0.4564,4.2067,19.7727,5.651,3.3471,10.0299,0.5073,10.0,7.0,0.6087,0.3846,4.2056,-59.9617,3.8508,0.3898,0.3915,STRATA_SYN_SEASONAL_ENVIRONMENTAL_00233,SEASONAL_ENVIRONMENTAL,True,seasonal_with_high_noise
19.0,392.02,21.78,0.27,44.32,0.0,0.7737,0.0775,0.6709,0.8303,0.0656,1.801,0.2122,1.6936,6.6894,3.714,1.9363,5.0358,0.7528,13.0,8.0,0.5556,-0.6963,1.6783,8.0886,1.6338,-0.0896,0.5468,STRATA_SYN_ATMOSPHERIC_TRANSIENT_00490,ATMOSPHERIC_TRANSIENT,False,none
6.0,87.19,17.44,0.24,31.44,0.0,0.823,0.1155,0.6526,0.7738,0.0547,1.193,-1.9004,4.5711,13.9425,11.687,6.2968,13.9425,1.0,4.0,4.0,0.6,-2.8059,4.5653,670.9038,4.1502,-0.4272,0.9632,STRATA_SYN_ATMOSPHERIC_TRANSIENT_00043,ATMOSPHERIC_TRANSIENT,False,none
19.0,264.84,14.71,0.19,42.46,0.0,0.7646,0.0826,0.6536,0.8005,0.0694,1.359,7.4363,3.644,12.8749,9.474,5.3858,8.4617,0.6572,17.0,0.0,0.5,3.7668,3.5478,-84.8203,3.0325,-0.2526,0.0,STRATA_SYN_TEMPORALLY_INCONSISTENT_00129,TEMPORALLY_INCONSISTENT,False,none
8.0,151.22,21.6,0.26,34.5,0.0,0.8034,0.08,0.685,0.8429,0.0734,2.928,-1.0802,2.0623,7.6208,2.603,2.4486,7.6208,1.0,4.0,1.0,0.5714,0.1455,2.0622,132.9939,1.7654,-0.4605,0.0,STRATA_SYN_STRUCTURAL_ACCELERATING_00261,STRUCTURAL_ACCELERATING,False,none
11.0,161.13,16.11,0.14,34.8,0.0,0.1684,0.043,0.101,0.1612,0.0463,2.79,0.3571,2.3276,7.4232,2.661,2.4371,4.9212,0.6629,6.0,4.0,0.6,1.1432,2.3221,-205.1997,1.5095,0.1376,0.752,STRATA_SYN_LOW_QUALITY_00060,LOW_QUALITY,False,none
20.0,382.85,20.15,0.3,42.1,0.0,0.7997,0.0817,0.6663,0.816,0.0661,1.285,1.2653,2.9624,9.5813,7.456,5.0476,8.6389,0.9016,18.0,12.0,0.5263,-1.6547,2.9151,-0.2747,2.9151,-0.6531,0.6324,STRATA_SYN_TEMPORALLY_INCONSISTENT_00196,TEMPORALLY_INCONSISTENT,False,none
15.0,299.44,21.39,0.23,25.38,0.0,0.784,0.0751,0.6869,0.8395,0.0745,2.421,1.2228,3.1571,11.1786,4.617,4.0437,9.0943,0.8135,9.0,10.0,0.5714,-1.9436,3.1186,-33.4628,2.9704,-0.1302,0.8579,STRATA_SYN_ATMOSPHERIC_TRANSIENT_00184,ATMOSPHERIC_TRANSIENT,False,none
15.0,190.78,13.63,0.26,35.45,0.0,0.804,0.0851,0.6542,0.8402,0.0707,1.073,0.536,2.3907,7.4321,6.926,1.3287,2.8231,0.3799,8.0,1.0,0.5714,13.3464,1.0514,-14.1236,1.0387,0.7595,0.0,STRATA_SYN_SEASONAL_ENVIRONMENTAL_00247,SEASONAL_ENVIRONMENTAL,False,none
10.0,70.79,7.87,0.26,31.7,0.0,0.8117,0.082,0.6705,0.8081,0.0622,1.364,1.7869,1.4433,4.4067,3.231,1.2897,2.2375,0.5077,5.0,3.0,0.5556,-17.5248,0.9574,59.3034,0.9522,0.46,0.3838,STRATA_SYN_SEASONAL_ENVIRONMENTAL_00201,SEASONAL_ENVIRONMENTAL,False,none
14.0,157.04,12.08,0.3,27.18,0.0,0.7945,0.0869,0.6535,0.8286,0.0723,2.558,-0.2827,3.4667,13.7258,5.366,3.7263,7.3794,0.5376,7.0,6.0,0.5385,-0.5458,3.466,83.8562,3.4026,0.3461,0.8771,STRATA_SYN_ATMOSPHERIC_TRANSIENT_00301,ATMOSPHERIC_TRANSIENT,False,none
18.0,259.16,15.24,0.27,40.56,0.0,0.8232,0.0864,0.6556,0.832,0.0589,1.173,-0.5095,1.3626,5.1964,4.43,1.8105,4.4585,0.858,11.0,11.0,0.5294,-1.6471,1.3149,10.6389,1.296,-0.3339,0.6071,STRATA_SYN_STRUCTURAL_ACCELERATING_00374,STRUCTURAL_ACCELERATING,False,none
12.0,164.93,14.99,0.25,39.84,0.0,0.8344,0.1034,0.6662,0.8443,0.0814,3.0,0.0222,2.5289,8.9715,2.991,3.5395,8.5464,0.9526,7.0,6.0,0.5455,2.2292,2.5092,92.5916,2.3712,-0.3505,0.9428,STRATA_SYN_STABLE_00144,STABLE,True,elevated_noise_stable
17.0,188.25,11.77,0.26,43.37,0.0,0.7995,0.0764,0.6646,0.7933,0.0708,2.47,-2.051,5.7422,18.1071,7.331,3.658,12.0394,0.6649,9.0,2.0,0.5625,1.8844,5.7345,443.7757,2.9245,0.625,0.3341,STRATA_SYN_SEASONAL_ENVIRONMENTAL_00109,SEASONAL_ENVIRONMENTAL,False,none
6.0,45.95,9.19,0.35,37.87,0.0,0.8172,0.1055,0.6648,0.7917,0.0589,2.871,0.7823,1.9807,6.3781,2.222,3.0056,5.0837,0.7971,3.0,3.0,0.6,-10.6858,1.9271,-273.1717,1.9148,-0.2149,0.8593,STRATA_SYN_STABLE_00439,STABLE,False,none
6.0,115.32,23.06,0.13,36.35,0.0,0.781,0.0682,0.6774,0.8171,0.0874,2.178,1.3297,2.361,6.2514,2.87,3.9848,5.2934,0.8468,3.0,4.0,0.6,-9.2148,2.1415,124.4944,2.0501,-0.4157,0.5577,STRATA_SYN_STRUCTURAL_MONOTONIC_00195,STRUCTURAL_MONOTONIC,False,none
13.0,87.17,7.26,0.23,35.64,0.0,0.8261,0.0845,0.6716,0.8404,0.0674,2.646,2.7823,3.4093,11.0341,4.17,5.165,11.0341,1.0,11.0,4.0,0.5,-2.396,3.4046,-542.4707,3.131,-0.5569,0.7339,STRATA_SYN_TEMPORALLY_INCONSISTENT_00239,TEMPORALLY_INCONSISTENT,False,none
13.0,162.36,13.53,0.27,37.96,0.0,0.8468,0.081,0.6782,0.8091,0.0672,2.42,-2.065,2.2236,8.1303,3.36,3.2025,8.1303,1.0,8.0,6.0,0.5833,1.3431,2.2158,-8.0625,2.2147,-0.5547,0.6352,STRATA_SYN_STRUCTURAL_MONOTONIC_00377,STRUCTURAL_MONOTONIC,False,none
10.0,183.14,20.35,0.26,29.05,0.0,0.7862,0.0679,0.676,0.8238,0.0841,1.33,4.9386,3.376,9.5024,7.145,5.8539,7.5795,0.7976,8.0,1.0,0.5556,9.0639,3.0503,-57.3829,2.9809,-0.621,0.0,STRATA_SYN_TEMPORALLY_INCONSISTENT_00417,TEMPORALLY_INCONSISTENT,False,none
9.0,59.71,7.46,0.23,25.13,0.0,0.1582,0.0351,0.1083,0.1649,0.0395,3.47,0.371,2.1741,7.0007,2.017,2.9204,5.8973,0.8424,5.0,6.0,0.625,5.0541,2.1576,968.3918,1.8041,-0.1365,0.7441,STRATA_SYN_LOW_QUALITY_00034,LOW_QUALITY,False,none
10.0,121.41,13.49,0.25,30.97,0.0,0.1459,0.035,0.1043,0.1486,0.0317,3.02,2.799,3.3002,11.4156,3.78,3.4829,7.9853,0.6995,3.0,3.0,0.6667,13.0949,2.994,165.9724,2.8789,0.1617,0.4577,STRATA_SYN_LOW_QUALITY_00307,LOW_QUALITY,False,none
19.0,389.9,21.66,0.24,38.22,0.0,0.7658,0.0795,0.6552,0.8395,0.0794,0.667,-1.5518,1.0535,4.6612,6.988,0.636,2.0235,0.4341,10.0,1.0,0.5556,-2.6842,0.5908,1.9099,0.584,0.502,0.0,STRATA_SYN_STRUCTURAL_MONOTONIC_00400,STRUCTURAL_MONOTONIC,False,none
18.0,227.64,13.39,0.31,44.94,0.0,0.7932,0.0947,0.6538,0.8471,0.0639,1.754,-0.7628,1.128,4.1048,2.34,1.6225,3.7546,0.9147,12.0,8.0,0.5294,0.4828,1.1243,-13.1975,1.1042,-0.5472,0.4832,STRATA_SYN_STRUCTURAL_ACCELERATING_00485,STRUCTURAL_ACCELERATING,False,none
16.0,301.02,20.07,0.22,26.56,0.0,0.8191,0.0788,0.6785,0.8199,0.0809,1.029,-2.6079,1.9186,7.1386,6.937,1.7122,3.5795,0.5014,9.0,2.0,0.6,-5.8475,1.2169,-13.8557,1.1508,0.458,0.179,STRATA_SYN_STRUCTURAL_MONOTONIC_00297,STRUCTURAL_MONOTONIC,False,none
19.0,118.15,6.56,0.26,35.88,0.0,0.7686,0.081,0.6528,0.8588,0.071,2.426,-0.0457,4.5509,22.5654,9.301,4.9412,19.4491,0.8619,14.0,12.0,0.5,-2.7428,4.5429,284.6586,4.3738,-0.2047,0.9239,STRATA_SYN_ATMOSPHERIC_TRANSIENT_00441,ATMOSPHERIC_TRANSIENT,False,none
20.0,428.07,22.53,0.33,41.35,0.0,0.8232,0.0734,0.6802,0.8283,0.0746,0.988,0.0385,3.212,19.5423,19.78,2.9059,19.5423,1.0,12.0,8.0,0.5263,-0.8255,3.1985,2.2595,3.196,-0.4622,0.9943,STRATA_SYN_ATMOSPHERIC_TRANSIENT_00465,ATMOSPHERIC_TRANSIENT,False,none
14.0,83.1,6.39,0.28,38.08,0.0,0.7898,0.0867,0.6567,0.8372,0.0718,1.046,-0.9139,3.1215,10.6682,10.199,4.6295,8.4669,0.7937,12.0,6.0,0.5385,-11.4149,3.0166,539.4973,2.7714,-0.3641,0.6922,STRATA_SYN_TEMPORALLY_INCONSISTENT_00273,TEMPORALLY_INCONSISTENT,False,none
6.0,91.08,18.22,0.28,38.75,0.0,0.9238,0.0271,0.8817,0.822,0.0798,2.418,-3.5304,6.7217,20.6976,8.56,10.7962,20.6976,1.0,3.0,3.0,0.6,21.9694,6.4561,152.5419,6.4388,-0.4729,0.8757,STRATA_SYN_ATMOSPHERIC_TRANSIENT_00328,ATMOSPHERIC_TRANSIENT,True,high_coherence_atmospheric
14.0,228.62,17.59,0.29,42.85,0.0,0.781,0.0823,0.6776,0.827,0.0686,0.565,3.798,2.61,9.3054,16.47,0.8138,2.1254,0.2284,2.0,1.0,0.8462,13.1599,0.5499,-5.0941,0.5433,0.6997,0.0,STRATA_SYN_STRUCTURAL_MONOTONIC_00178,STRUCTURAL_MONOTONIC,False,none
16.0,282.09,18.81,0.27,33.97,0.0,0.7552,0.0789,0.6532,0.8173,0.0491,2.761,1.5649,3.9913,13.4483,4.871,3.8934,9.3645,0.6963,10.0,5.0,0.6,4.7576,3.8281,32.9734,3.7379,0.303,0.3574,STRATA_SYN_SEASONAL_ENVIRONMENTAL_00080,SEASONAL_ENVIRONMENTAL,True,seasonal_with_high_noise
10.0,137.26,15.25,0.24,25.76,0.0,0.7741,0.0895,0.6681,0.8133,0.0665,0.643,0.7092,1.039,3.5012,5.445,0.7634,1.7684,0.5051,4.0,1.0,0.5556,6.6206,0.6688,-61.7696,0.5423,0.385,0.0,STRATA_SYN_STRUCTURAL_ACCELERATING_00228,STRUCTURAL_ACCELERATING,False,none
10.0,207.84,23.09,0.29,29.37,0.0,0.8104,0.0838,0.6642,0.8225,0.0726,2.71,-1.3333,4.9839,18.0369,6.656,4.5818,13.5613,0.7519,6.0,3.0,0.6667,8.6509,4.7299,61.7542,4.644,0.1461,0.6203,STRATA_SYN_ATMOSPHERIC_TRANSIENT_00394,ATMOSPHERIC_TRANSIENT,False,none
18.0,159.27,9.37,0.27,35.03,0.0,0.7882,0.0899,0.6621,0.8175,0.0688,1.7,-0.6443,1.4385,5.145,3.026,1.7515,3.6692,0.7132,11.0,7.0,0.5294,-5.9146,1.2044,45.9309,1.149,-0.0041,0.6399,STRATA_SYN_STRUCTURAL_MONOTONIC_00265,STRUCTURAL_MONOTONIC,False,none
6.0,112.54,22.51,0.29,32.64,0.0,0.7093,0.0536,0.6513,0.8427,0.0836,0.7,-0.0578,0.5844,1.7541,2.506,1.0352,1.7541,1.0,3.0,4.0,0.6,0.4007,0.5829,33.1521,0.5613,-0.6391,0.9936,STRATA_SYN_STABLE_00417,STABLE,True,short_sequence
19.0,232.62,12.92,0.28,33.28,0.0,0.7861,0.0791,0.6632,0.8387,0.0853,1.232,5.3752,2.7883,9.5613,7.761,4.347,7.617,0.7966,17.0,0.0,0.5,4.6071,2.641,-15.0163,2.629,-0.4333,0.0,STRATA_SYN_TEMPORALLY_INCONSISTENT_00359,TEMPORALLY_INCONSISTENT,False,none
7.0,36.72,6.12,0.37,42.41,0.0,0.8043,0.0659,0.7201,0.8742,0.0424,1.505,-0.2183,1.5502,5.6237,3.737,2.2375,5.6237,1.0,3.0,3.0,0.5,-2.5414,1.5479,-678.0856,1.5116,-0.4725,0.9659,STRATA_SYN_STABLE_00148,STABLE,False,none
6.0,119.05,23.81,0.2,39.17,0.0,0.1604,0.0305,0.1146,0.169,0.0561,3.067,0.4794,3.6007,10.6589,3.475,3.1129,5.6441,0.5295,1.0,2.0,0.6,15.9823,3.1295,-580.8052,0.5748,0.2768,0.4602,STRATA_SYN_LOW_QUALITY_00047,LOW_QUALITY,False,none
13.0,245.23,20.44,0.3,42.39,0.0,0.8132,0.0897,0.6679,0.839,0.078,0.828,0.2668,5.1961,16.6408,20.098,3.6385,7.1722,0.431,2.0,3.0,0.6667,4.1226,5.124,5.593,5.1229,0.6487,0.2604,STRATA_SYN_SEASONAL_ENVIRONMENTAL_00464,SEASONAL_ENVIRONMENTAL,False,none
16.0,198.12,13.21,0.24,26.05,0.0,0.8455,0.0826,0.6664,0.8203,0.0755,0.693,1.4423,1.0494,3.6804,5.311,0.7247,2.075,0.5638,8.0,3.0,0.5333,4.9535,0.6481,-22.0783,0.588,0.4477,0.0314,STRATA_SYN_STRUCTURAL_MONOTONIC_00206,STRUCTURAL_MONOTONIC,False,none
9.0,187.41,23.43,0.33,43.01,0.0,0.8329,0.0831,0.6764,0.8397,0.059,0.57,-0.8981,0.5226,1.8319,3.214,0.4177,0.8993,0.4909,3.0,0.0,0.5,-2.3866,0.3429,-9.273,0.3243,0.3726,0.0,STRATA_SYN_STRUCTURAL_MONOTONIC_00466,STRUCTURAL_MONOTONIC,False,none
6.0,45.48,9.1,0.17,27.78,0.0,0.7522,0.0605,0.6539,0.811,0.0842,1.88,1.7903,3.4108,10.1577,5.403,4.6793,10.1577,1.0,2.0,2.0,0.8,2.236,3.4095,1485.9303,3.2106,-0.2974,0.6967,STRATA_SYN_ATMOSPHERIC_TRANSIENT_00266,ATMOSPHERIC_TRANSIENT,False,none
10.0,63.35,7.04,0.3,39.45,0.0,0.7782,0.0908,0.6574,0.7953,0.0692,1.818,-0.1667,1.5297,5.0155,2.759,1.9108,4.7271,0.9425,6.0,5.0,0.5556,4.9541,1.5054,414.8153,1.3975,-0.0959,0.6766,STRATA_SYN_STRUCTURAL_MONOTONIC_00467,STRUCTURAL_MONOTONIC,False,none
8.0,158.94,22.71,0.25,30.08,0.0,0.1614,0.0434,0.1007,0.1541,0.0406,3.742,-0.5718,2.1679,7.7042,2.059,3.3224,7.7042,1.0,5.0,6.0,0.5714,-0.5487,2.1665,85.5195,2.0299,-0.4382,0.8877,STRATA_SYN_LOW_QUALITY_00279,LOW_QUALITY,False,none
15.0,220.04,15.72,0.24,27.77,0.0,0.2086,0.0214,0.1656,0.1811,0.0337,3.54,-0.8307,3.0906,12.5578,3.547,3.711,11.2392,0.895,8.0,9.0,0.5714,4.2468,2.988,-11.8637,2.9824,-0.3349,0.4311,STRATA_SYN_LOW_QUALITY_00368,LOW_QUALITY,False,none
14.0,260.01,20.0,0.25,42.51,0.0,0.7625,0.0708,0.6514,0.8358,0.07,0.983,-0.1911,1.0461,3.389,3.448,1.4383,2.4849,0.7332,8.0,7.0,0.5385,0.5576,1.0389,-3.5732,1.036,-0.1178,0.798,STRATA_SYN_STRUCTURAL_MONOTONIC_00142,STRUCTURAL_MONOTONIC,False,none
16.0,212.94,14.2,0.29,41.04,0.0,0.828,0.089,0.6807,0.8138,0.0811,2.97,1.6695,4.4317,16.4415,5.536,6.4848,11.4103,0.694,14.0,10.0,0.5333,-1.0329,4.4278,107.9783,4.1505,-0.2434,0.7572,STRATA_SYN_TEMPORALLY_INCONSISTENT_00471,TEMPORALLY_INCONSISTENT,False,none
6.0,63.66,12.73,0.27,42.95,0.0,0.7775,0.0426,0.6929,0.8779,0.0303,1.159,0.6486,0.8824,2.5899,2.235,0.7265,2.0046,0.774,3.0,1.0,0.6,-9.3961,0.6828,-417.0818,0.2575,0.0988,0.0,STRATA_SYN_STRUCTURAL_ACCELERATING_00173,STRUCTURAL_ACCELERATING,False,none
18.0,198.0,11.65,0.29,31.58,0.0,0.788,0.0833,0.6714,0.8135,0.0857,2.396,1.3083,4.6059,16.6565,6.952,3.6539,8.8116,0.529,10.0,3.0,0.5882,-22.0677,2.8058,-85.3258,2.6066,0.46,0.0996,STRATA_SYN_SEASONAL_ENVIRONMENTAL_00116,SEASONAL_ENVIRONMENTAL,False,none
18.0,179.75,10.57,0.27,28.73,0.0,0.8285,0.0873,0.6616,0.8411,0.0654,1.744,-0.5186,1.5069,4.6537,2.668,1.4672,4.0813,0.877,8.0,5.0,0.5882,-1.1087,1.4977,42.8667,1.4346,0.2759,0.6539,STRATA_SYN_STABLE_00257,STABLE,False,none
8.0,134.81,19.26,0.3,33.74,0.0,0.7804,0.0818,0.6694,0.8283,0.0773,2.192,0.592,4.2985,12.274,5.599,7.5206,12.274,1.0,6.0,6.0,0.5714,-1.0215,4.2968,212.7561,4.0772,-0.74,0.8028,STRATA_SYN_TEMPORALLY_INCONSISTENT_00209,TEMPORALLY_INCONSISTENT,False,none
20.0,181.74,9.57,0.26,36.84,0.0,0.7786,0.0759,0.6625,0.8181,0.0794,1.472,-0.5074,1.4867,6.7133,4.561,1.6028,3.1374,0.4673,10.0,11.0,0.5263,-2.9715,1.4177,-46.0485,1.3385,0.104,0.2854,STRATA_SYN_STABLE_00044,STABLE,False,none
13.0,263.09,21.92,0.25,41.36,0.0,0.8121,0.077,0.6937,0.8038,0.0814,1.606,2.1295,1.4769,5.8951,3.671,1.6068,3.3478,0.5679,7.0,2.0,0.6667,4.4162,1.0925,24.7295,0.9425,0.12,0.1945,STRATA_SYN_STRUCTURAL_ACCELERATING_00133,STRUCTURAL_ACCELERATING,False,none
16.0,124.83,8.32,0.2,28.38,0.0,0.9205,0.0222,0.8847,0.8318,0.0551,1.286,-0.8345,2.2286,9.7761,7.602,2.591,9.246,0.9458,10.0,9.0,0.6,3.9357,2.1899,173.6759,2.0178,-0.2302,0.8252,STRATA_SYN_ATMOSPHERIC_TRANSIENT_00494,ATMOSPHERIC_TRANSIENT,True,high_coherence_atmospheric
8.0,121.24,17.32,0.24,25.13,0.0,0.8523,0.0709,0.7203,0.8669,0.0493,0.955,-0.5445,1.2393,3.83,4.01,1.4905,2.9233,0.7633,4.0,5.0,0.5714,-5.6423,1.0763,78.5163,0.9974,-0.1773,0.0,STRATA_SYN_STRUCTURAL_MONOTONIC_00369,STRUCTURAL_MONOTONIC,False,none
12.0,95.71,8.7,0.27,31.55,0.0,0.7652,0.0863,0.6565,0.7951,0.053,1.627,4.9538,4.4305,13.463,8.275,6.3977,11.7713,0.8743,10.0,5.0,0.5455,24.6712,3.932,-529.7069,3.5964,-0.3268,0.088,STRATA_SYN_TEMPORALLY_INCONSISTENT_00174,TEMPORALLY_INCONSISTENT,False,none
11.0,189.32,18.93,0.24,33.55,0.0,0.8276,0.0607,0.723,0.807,0.0622,0.541,6.7553,3.4595,11.3212,20.926,5.1915,8.4493,0.7463,9.0,0.0,0.5,11.545,2.8962,-21.3142,2.8852,-0.3534,0.0,STRATA_SYN_TEMPORALLY_INCONSISTENT_00438,TEMPORALLY_INCONSISTENT,False,none
17.0,135.68,8.48,0.26,42.1,0.0,0.8162,0.0897,0.6784,0.8448,0.0605,1.874,-1.9289,2.26,8.8748,4.736,2.672,5.2159,0.5877,12.0,7.0,0.5625,-5.879,2.1583,107.6162,2.0673,0.069,0.9007,STRATA_SYN_STRUCTURAL_MONOTONIC_00052,STRUCTURAL_MONOTONIC,False,none
19.0,264.92,14.72,0.28,35.98,0.0,0.8106,0.0889,0.655,0.8466,0.0819,2.158,0.6137,2.0913,7.5601,3.503,2.4306,5.8545,0.7744,11.0,10.0,0.5,1.405,2.0682,17.6987,2.0322,0.074,0.9758,STRATA_SYN_STABLE_00216,STABLE,False,none
22.0,353.21,16.82,0.27,37.24,0.0,0.8186,0.0901,0.6643,0.8417,0.0785,1.141,1.5458,4.6664,16.3631,14.341,2.4648,5.2243,0.3193,9.0,3.0,0.5714,-0.7409,4.6614,57.5074,4.1167,0.8148,0.316,STRATA_SYN_SEASONAL_ENVIRONMENTAL_00111,SEASONAL_ENVIRONMENTAL,False,none
18.0,103.77,6.1,0.26,26.91,0.0,0.8085,0.0793,0.7074,0.8207,0.073,1.841,-0.3629,1.7756,5.9969,3.257,1.8155,5.1556,0.8597,10.0,8.0,0.5882,3.9554,1.7419,-79.3641,1.7214,0.1266,0.7595,STRATA_SYN_STABLE_00415,STABLE,False,none
19.0,122.92,6.83,0.27,32.12,0.0,0.1798,0.0337,0.1177,0.1906,0.0432,2.685,0.7831,2.416,9.7606,3.635,2.4445,9.7606,1.0,10.0,7.0,0.5,9.7436,2.1996,-53.0447,2.1855,0.1193,0.8553,STRATA_SYN_LOW_QUALITY_00317,LOW_QUALITY,False,none
13.0,152.67,12.72,0.3,29.39,0.0,0.8137,0.0778,0.7063,0.8636,0.0606,2.502,-1.3379,2.542,8.4019,3.358,2.0755,3.9297,0.4677,5.0,3.0,0.6667,-15.0813,1.6026,-54.2246,1.5498,0.5061,0.29,STRATA_SYN_STRUCTURAL_ACCELERATING_00463,STRUCTURAL_ACCELERATING,False,none
12.0,82.99,7.54,0.28,44.99,0.0,0.8234,0.0873,0.6784,0.8431,0.0818,1.097,-0.7031,1.2345,3.8556,3.515,1.9644,3.8215,0.9912,10.0,9.0,0.5455,1.7763,1.228,-71.9636,1.2173,-0.6627,0.4864,STRATA_SYN_STRUCTURAL_ACCELERATING_00114,STRUCTURAL_ACCELERATING,False,none
20.0,307.39,16.18,0.27,41.2,0.0,0.7872,0.0666,0.6709,0.8025,0.0537,2.301,-0.315,3.2934,17.041,7.406,3.3922,10.9432,0.6422,12.0,7.0,0.4737,1.1933,3.2792,-38.5547,3.0809,0.0869,0.755,STRATA_SYN_ATMOSPHERIC_TRANSIENT_00056,ATMOSPHERIC_TRANSIENT,False,none
18.0,229.63,13.51,0.3,27.19,0.0,0.7902,0.0792,0.6525,0.8028,0.0797,1.011,0.6367,3.4921,13.5723,13.425,5.4738,9.299,0.6851,16.0,11.0,0.5294,4.88,3.3649,50.3963,3.2622,-0.3103,0.6016,STRATA_SYN_TEMPORALLY_INCONSISTENT_00481,TEMPORALLY_INCONSISTENT,False,none
10.0,148.64,16.52,0.19,40.09,0.0,0.825,0.0646,0.7317,0.8598,0.0712,3.0,1.8396,3.4713,10.2197,3.407,5.8649,10.2197,1.0,6.0,7.0,0.5556,-0.6577,3.4702,1.0691,3.4702,-0.6303,0.5255,STRATA_SYN_STABLE_00456,STABLE,True,elevated_noise_stable
17.0,283.17,17.7,0.29,43.46,0.0,0.804,0.0837,0.6595,0.8117,0.0772,2.819,-4.793,5.1674,17.1761,6.093,7.3226,16.6861,0.9715,13.0,8.0,0.5625,-4.6379,5.049,33.6677,4.9783,-0.2993,0.6307,STRATA_SYN_TEMPORALLY_INCONSISTENT_00216,TEMPORALLY_INCONSISTENT,False,none
21.0,449.18,22.46,0.26,29.5,0.0,0.8028,0.0872,0.6552,0.8392,0.0727,0.531,1.5336,5.7857,17.4027,32.773,2.4157,4.1386,0.2378,3.0,3.0,0.55,-0.7866,5.7783,46.5007,5.0141,0.8714,0.2281,STRATA_SYN_SEASONAL_ENVIRONMENTAL_00004,SEASONAL_ENVIRONMENTAL,False,none
19.0,129.89,7.22,0.29,31.25,0.0,0.7974,0.0835,0.6527,0.856,0.0699,1.116,-0.685,1.0205,3.8231,3.426,0.996,1.9363,0.5065,9.0,7.0,0.5,-5.1775,0.8526,8.0765,0.8515,0.2703,0.1978,STRATA_SYN_STRUCTURAL_ACCELERATING_00063,STRUCTURAL_ACCELERATING,False,none
19.0,297.72,16.54,0.32,26.32,0.0,0.7999,0.0955,0.6512,0.7952,0.0619,1.98,-0.6884,1.776,6.8557,3.462,2.2088,6.8557,1.0,11.0,7.0,0.5,-3.3286,1.5715,2.3514,1.5701,-0.0929,0.654,STRATA_SYN_STRUCTURAL_ACCELERATING_00398,STRUCTURAL_ACCELERATING,False,none
14.0,194.8,14.98,0.28,35.75,0.0,0.788,0.0928,0.6565,0.8226,0.0843,1.14,-0.806,3.8101,13.4437,11.793,6.0434,10.9227,0.8125,12.0,8.0,0.5385,-8.7976,3.5207,40.7715,3.4857,-0.3725,0.9736,STRATA_SYN_TEMPORALLY_INCONSISTENT_00186,TEMPORALLY_INCONSISTENT,False,none
20.0,221.21,11.64,0.28,35.79,0.0,0.7954,0.0886,0.6537,0.8307,0.0708,2.962,-0.6179,3.3727,13.4494,4.541,3.6755,8.6346,0.642,10.0,11.0,0.5263,-3.9477,3.294,87.9318,3.0168,0.1055,0.4868,STRATA_SYN_STABLE_00391,STABLE,False,none
13.0,78.2,6.52,0.35,39.68,0.0,0.1716,0.0388,0.1003,0.1574,0.0349,3.541,-0.0728,3.585,12.7068,3.588,4.0973,6.9509,0.547,7.0,3.0,0.5,9.9895,3.5221,-637.0129,3.2908,0.2487,0.5755,STRATA_SYN_LOW_QUALITY_00418,LOW_QUALITY,False,none
18.0,111.11,6.54,0.3,40.08,0.0,0.8009,0.0776,0.6508,0.8336,0.0722,1.703,-0.6427,1.2541,5.9076,3.469,1.4489,3.5234,0.5964,9.0,7.0,0.4706,-4.3295,1.1885,13.4041,1.1874,0.0504,0.6783,STRATA_SYN_STRUCTURAL_ACCELERATING_00194,STRUCTURAL_ACCELERATING,False,none
12.0,113.94,10.36,0.19,29.01,0.0,0.7949,0.0955,0.6573,0.8377,0.0816,2.796,-1.6415,2.094,8.4852,3.035,2.1104,5.6064,0.6607,7.0,3.0,0.5455,-7.0191,1.9774,284.8591,1.5665,0.2583,0.6371,STRATA_SYN_STRUCTURAL_MONOTONIC_00327,STRUCTURAL_MONOTONIC,False,none
15.0,106.41,7.6,0.3,44.74,0.0,0.7994,0.0774,0.6763,0.8084,0.0889,1.824,-1.7625,2.2447,9.542,5.231,1.8801,5.3941,0.5653,7.0,4.0,0.5714,-17.0477,1.6393,-133.067,1.5682,0.241,0.1937,STRATA_SYN_STRUCTURAL_MONOTONIC_00399,STRUCTURAL_MONOTONIC,False,none
19.0,163.77,9.1,0.29,36.54,0.0,0.7981,0.0912,0.6812,0.8439,0.0668,3.0,-0.7795,2.6443,11.5033,3.834,3.2257,8.0254,0.6977,12.0,9.0,0.5556,1.4803,2.6365,83.7796,2.5437,-0.1521,0.308,STRATA_SYN_STABLE_00271,STABLE,True,elevated_noise_stable
16.0,222.26,14.82,0.31,35.37,0.0,0.8119,0.0777,0.6536,0.8201,0.0836,2.43,-0.6894,2.4561,9.346,3.846,2.7309,6.793,0.7268,11.0,9.0,0.6,-6.852,2.0924,-9.6909,2.087,-0.0015,0.5775,STRATA_SYN_STRUCTURAL_ACCELERATING_00277,STRUCTURAL_ACCELERATING,False,none
19.0,160.73,8.93,0.32,40.82,0.0,0.8138,0.0737,0.6776,0.8397,0.0668,1.747,0.4588,7.0327,20.5452,11.76,2.0216,4.6066,0.2242,7.0,1.0,0.6667,-48.1775,2.8165,-113.17,2.6675,0.8853,0.0,STRATA_SYN_SEASONAL_ENVIRONMENTAL_00264,SEASONAL_ENVIRONMENTAL,False,none
7.0,139.48,23.25,0.25,25.78,0.0,0.7786,0.0517,0.7207,0.7954,0.0518,1.284,1.156,3.6783,10.1938,7.939,7.2053,10.1938,1.0,5.0,6.0,0.5,4.4409,3.6345,-81.7222,3.589,-0.8392,0.9985,STRATA_SYN_TEMPORALLY_INCONSISTENT_00117,TEMPORALLY_INCONSISTENT,False,none
15.0,292.18,20.87,0.31,27.88,0.0,0.8059,0.0648,0.7164,0.8195,0.0699,1.35,1.6204,2.0943,8.3921,6.216,1.9632,4.4621,0.5317,8.0,3.0,0.4286,6.0442,1.4704,-6.7708,1.4589,0.2935,0.2804,STRATA_SYN_STRUCTURAL_ACCELERATING_00469,STRUCTURAL_ACCELERATING,False,none
8.0,69.49,9.93,0.21,42.21,0.0,0.9221,0.0138,0.8997,0.8174,0.0672,2.194,1.1257,4.5967,15.4597,7.046,5.0026,15.4597,1.0,3.0,3.0,0.5714,-24.7278,4.3323,-688.7566,4.1729,-0.1712,0.8197,STRATA_SYN_ATMOSPHERIC_TRANSIENT_00454,ATMOSPHERIC_TRANSIENT,True,high_coherence_atmospheric
19.0,200.34,11.13,0.29,36.55,0.0,0.1864,0.0408,0.1003,0.1679,0.044,4.529,-0.0473,4.8976,24.0841,5.318,5.7702,19.4169,0.8062,13.0,10.0,0.5556,1.4242,4.8919,51.5177,4.8501,-0.2937,0.9647,STRATA_SYN_LOW_QUALITY_00023,LOW_QUALITY,False,none
17.0,272.16,17.01,0.27,40.03,0.0,0.7627,0.0682,0.6521,0.8474,0.0848,0.627,-0.4069,0.5456,2.0344,3.245,0.6493,1.8973,0.9326,9.0,4.0,0.5,0.3315,0.5403,-7.9104,0.5082,-0.1152,0.6854,STRATA_SYN_STABLE_00368,STABLE,False,none
19.0,157.12,8.73,0.27,39.05,0.0,0.1762,0.0392,0.1131,0.1769,0.0434,2.65,0.2969,2.112,8.7875,3.316,2.5635,6.7659,0.7699,11.0,8.0,0.5,-0.1061,2.1119,33.6368,2.0963,-0.0243,0.9672,STRATA_SYN_LOW_QUALITY_00050,LOW_QUALITY,False,none
15.0,160.36,11.45,0.24,28.17,0.0,0.8023,0.0814,0.6641,0.8409,0.068,0.528,1.4208,3.0581,10.6571,20.184,5.1056,7.8884,0.7402,13.0,10.0,0.5,-2.4201,3.0405,-156.8916,2.7574,-0.5896,0.6659,STRATA_SYN_TEMPORALLY_INCONSISTENT_00264,TEMPORALLY_INCONSISTENT,False,none
11.0,169.38,16.94,0.23,36.17,0.0,0.8012,0.0842,0.6918,0.8035,0.0903,0.845,0.0991,0.9817,3.4125,4.038,1.3026,2.1972,0.6439,7.0,6.0,0.5,-2.0672,0.9337,-1.9323,0.9335,-0.0314,0.8227,STRATA_SYN_STABLE_00181,STABLE,False,none
17.0,282.85,17.68,0.31,29.12,0.0,0.7683,0.0833,0.6618,0.8392,0.0678,2.221,0.3767,2.5609,8.9758,4.041,1.5842,3.9648,0.4417,8.0,1.0,0.5625,8.1114,1.6861,-16.3011,1.636,0.6929,0.0,STRATA_SYN_SEASONAL_ENVIRONMENTAL_00146,SEASONAL_ENVIRONMENTAL,False,none
20.0,175.54,9.24,0.24,33.26,0.0,0.7594,0.0814,0.6522,0.8154,0.0802,1.274,0.2943,2.7062,13.9899,10.981,2.2243,12.0716,0.8629,11.0,9.0,0.5263,-3.5947,2.6552,-88.6832,2.52,-0.0326,0.8232,STRATA_SYN_ATMOSPHERIC_TRANSIENT_00148,ATMOSPHERIC_TRANSIENT,False,none
7.0,90.55,15.09,0.22,37.24,0.0,0.8503,0.1055,0.6609,0.8262,0.0671,1.926,1.8351,3.1534,9.4829,4.924,3.4531,6.6051,0.6965,4.0,4.0,0.5,27.5401,2.1777,259.1957,2.0383,0.3109,0.5377,STRATA_SYN_ATMOSPHERIC_TRANSIENT_00415,ATMOSPHERIC_TRANSIENT,False,none
19.0,400.59,22.26,0.32,35.64,0.0,0.1833,0.047,0.1154,0.1573,0.0335,4.814,0.997,5.1131,20.7879,4.318,6.4528,17.3875,0.8364,10.0,9.0,0.5556,-3.1084,5.0066,-24.0036,4.8627,-0.3526,0.3602,STRATA_SYN_LOW_QUALITY_00494,LOW_QUALITY,False,none
6.0,86.24,17.25,0.33,37.12,0.0,0.1657,0.041,0.1082,0.1762,0.0518,2.929,-0.9082,4.565,11.8543,4.047,7.3167,11.8543,1.0,4.0,3.0,0.6,-33.7415,3.6736,220.1497,3.6219,-0.4491,0.1847,STRATA_SYN_LOW_QUALITY_00347,LOW_QUALITY,False,none
13.0,81.87,6.82,0.32,39.28,0.0,0.801,0.0674,0.668,0.8465,0.055,1.502,1.5266,2.8962,9.3554,6.229,5.0177,9.3554,1.0,11.0,8.0,0.5,-6.427,2.8616,-413.8767,2.7167,-0.6316,0.9601,STRATA_SYN_TEMPORALLY_INCONSISTENT_00445,TEMPORALLY_INCONSISTENT,False,none
8.0,150.52,21.5,0.22,34.64,0.0,0.8315,0.0878,0.6537,0.8201,0.0725,1.71,-0.8249,1.8364,4.9054,2.869,1.4549,3.9957,0.8146,2.0,2.0,0.4286,-6.9114,1.5832,-13.6736,1.5794,0.5111,0.6929,STRATA_SYN_STABLE_00206,STABLE,False,none
11.0,111.61,11.16,0.3,28.88,0.0,0.1576,0.0414,0.1029,0.1963,0.0385,2.97,0.8041,2.0128,6.8644,2.311,2.2917,4.8938,0.7129,5.0,5.0,0.6,10.8858,1.7189,70.8045,1.694,0.0197,0.2319,STRATA_SYN_LOW_QUALITY_00298,LOW_QUALITY,False,none
18.0,222.74,13.1,0.25,37.94,0.0,0.7717,0.072,0.6661,0.8568,0.074,2.918,-2.8064,5.7267,24.1016,8.26,7.2165,14.8014,0.6141,14.0,5.0,0.5294,-8.1915,5.5197,199.2706,4.5806,-0.0104,0.6103,STRATA_SYN_TEMPORALLY_INCONSISTENT_00008,TEMPORALLY_INCONSISTENT,False,none
9.0,121.73,15.22,0.25,28.57,0.0,0.804,0.1028,0.6673,0.8096,0.0627,1.351,-0.8328,3.1893,10.4122,7.707,4.6318,9.6472,0.9265,7.0,5.0,0.5,-13.8503,2.8187,197.8925,2.6344,-0.2006,0.6682,STRATA_SYN_TEMPORALLY_INCONSISTENT_00491,TEMPORALLY_INCONSISTENT,False,none
9.0,157.2,19.65,0.21,40.49,0.0,0.747,0.0778,0.6596,0.7922,0.0735,2.411,-0.0539,3.4081,11.2704,4.675,5.4281,9.11,0.8083,7.0,6.0,0.5,0.4486,3.4075,-68.2953,3.3581,-0.4278,0.7392,STRATA_SYN_TEMPORALLY_INCONSISTENT_00447,TEMPORALLY_INCONSISTENT,False,none
15.0,271.21,19.37,0.26,28.95,0.0,0.803,0.0922,0.6691,0.8444,0.0842,1.104,-1.7499,1.3443,4.3889,3.975,1.2325,3.0641,0.6981,7.0,5.0,0.5714,-4.1563,0.9507,5.2527,0.9428,0.2453,0.103,STRATA_SYN_STRUCTURAL_MONOTONIC_00247,STRUCTURAL_MONOTONIC,False,none
11.0,199.1,19.91,0.24,25.52,0.0,0.7914,0.0715,0.6811,0.8352,0.0764,1.803,-0.3348,2.8797,9.6766,5.367,3.8183,9.6766,1.0,9.0,4.0,0.5,-9.4027,2.3794,-45.5669,2.3033,-0.1639,0.6154,STRATA_SYN_TEMPORALLY_INCONSISTENT_00319,TEMPORALLY_INCONSISTENT,False,none
16.0,108.47,7.23,0.24,32.69,0.0,0.8077,0.0884,0.6717,0.8352,0.0743,2.046,3.8626,3.6096,14.044,6.864,5.2079,9.8144,0.6988,14.0,6.0,0.5333,-13.1176,3.4082,-61.879,3.4005,-0.335,0.9386,STRATA_SYN_TEMPORALLY_INCONSISTENT_00449,TEMPORALLY_INCONSISTENT,False,none
8.0,130.53,18.65,0.3,31.25,0.0,0.8024,0.0756,0.6923,0.7821,0.0389,1.515,-0.6094,1.2134,3.5414,2.338,1.839,2.9938,0.8454,5.0,4.0,0.5714,1.4501,1.2015,122.3127,0.9535,-0.4147,0.7956,STRATA_SYN_STABLE_00346,STABLE,False,none
18.0,389.41,22.91,0.24,26.11,0.0,0.8251,0.0902,0.6668,0.8226,0.0612,1.522,0.0374,1.9246,8.2944,5.45,2.5657,6.0707,0.7319,10.0,9.0,0.6471,-2.1232,1.7965,0.3359,1.7964,-0.1255,0.8703,STRATA_SYN_STABLE_00209,STABLE,False,none
13.0,162.75,13.56,0.27,41.31,0.0,0.7941,0.098,0.6582,0.8285,0.0623,1.797,0.1568,2.218,8.0815,4.497,2.8301,5.8092,0.7188,9.0,8.0,0.5833,-6.2461,2.0409,139.5718,1.6547,-0.1121,0.7026,STRATA_SYN_ATMOSPHERIC_TRANSIENT_00007,ATMOSPHERIC_TRANSIENT,False,none
16.0,260.1,17.34,0.28,34.53,0.0,0.8317,0.1007,0.6748,0.8073,0.0673,1.129,5.2314,2.7657,10.0896,8.937,4.6173,7.2551,0.7191,14.0,0.0,0.5333,6.0012,2.434,1.3199,2.4338,-0.4871,0.0,STRATA_SYN_TEMPORALLY_INCONSISTENT_00314,TEMPORALLY_INCONSISTENT,False,none
9.0,174.24,21.78,0.29,29.6,0.0,0.7878,0.0977,0.6578,0.8056,0.0607,2.986,0.7213,2.9972,11.1108,3.721,3.9245,11.1108,1.0,5.0,6.0,0.5,0.7806,2.9948,72.6048,2.8979,-0.4336,0.9023,STRATA_SYN_ATMOSPHERIC_TRANSIENT_00443,ATMOSPHERIC_TRANSIENT,False,none
13.0,114.66,9.56,0.34,41.31,0.0,0.1675,0.0378,0.1031,0.1678,0.0445,4.27,0.7164,4.1385,16.4559,3.854,4.4656,8.2338,0.5004,7.0,5.0,0.5,-23.6672,3.436,51.2978,3.4291,0.1779,0.4219,STRATA_SYN_LOW_QUALITY_00008,LOW_QUALITY,False,none
12.0,76.67,6.97,0.16,28.76,0.0,0.7479,0.0492,0.6842,0.8406,0.086,2.845,-1.4174,3.161,12.6695,4.453,3.7405,12.6695,1.0,4.0,4.0,0.4545,-12.1103,3.0591,-188.7653,3.0375,-0.4686,0.6035,STRATA_SYN_STRUCTURAL_MONOTONIC_00499,STRUCTURAL_MONOTONIC,False,none
13.0,107.34,8.95,0.26,32.29,0.0,0.8002,0.0779,0.6568,0.8483,0.0644,1.242,0.5982,1.6451,5.4376,4.378,1.2239,2.4982,0.4594,7.0,1.0,0.5833,-14.3514,0.9921,-111.4592,0.9012,0.5253,0.0,STRATA_SYN_SEASONAL_ENVIRONMENTAL_00031,SEASONAL_ENVIRONMENTAL,False,none
15.0,88.71,6.34,0.23,35.32,0.0,0.9122,0.0243,0.8806,0.8354,0.0554,0.896,-0.9482,3.4952,15.3637,17.147,3.0377,13.7603,0.8956,8.0,6.0,0.5,-4.3984,3.4798,442.2803,3.2988,-0.1044,0.8807,STRATA_SYN_ATMOSPHERIC_TRANSIENT_00223,ATMOSPHERIC_TRANSIENT,True,high_coherence_atmospheric
8.0,104.62,14.95,0.3,25.96,0.0,0.8153,0.0767,0.6628,0.8634,0.0694,1.332,-0.2926,1.3942,4.4902,3.371,2.3559,3.2933,0.7334,6.0,6.0,0.5714,3.7247,1.3496,-147.5379,1.2252,-0.3863,0.7944,STRATA_SYN_STABLE_00476,STABLE,False,none
17.0,219.15,13.7,0.3,42.6,0.0,0.7445,0.082,0.6506,0.8258,0.0712,1.483,0.6337,1.2495,4.6254,3.119,1.1211,2.4696,0.5339,8.0,7.0,0.625,3.8181,1.0326,13.3282,1.0129,0.3523,0.3974,STRATA_SYN_STRUCTURAL_MONOTONIC_00288,STRUCTURAL_MONOTONIC,False,none
20.0,276.38,14.55,0.32,34.03,0.0,0.8148,0.0928,0.6657,0.8509,0.0781,1.308,-0.5833,6.9271,20.5642,15.722,2.3455,5.9965,0.2916,4.0,2.0,0.5263,14.835,6.0333,-201.0251,3.76,0.8699,0.2595,STRATA_SYN_SEASONAL_ENVIRONMENTAL_00306,SEASONAL_ENVIRONMENTAL,False,none
16.0,273.81,18.25,0.21,34.55,0.0,0.7721,0.0847,0.661,0.8512,0.0565,1.552,-2.3747,2.0464,7.7457,4.991,1.7992,2.8767,0.3714,9.0,3.0,0.6,-7.2719,1.1777,5.0935,1.1716,0.4741,0.2089,STRATA_SYN_STRUCTURAL_MONOTONIC_00037,STRUCTURAL_MONOTONIC,False,none
16.0,124.21,8.28,0.31,43.07,0.0,0.9334,0.0302,0.8803,0.8148,0.0614,0.973,0.7088,2.8726,12.8583,13.215,2.7696,12.8583,1.0,11.0,11.0,0.5333,-1.1833,2.8699,-122.6741,2.8077,-0.2516,0.8824,STRATA_SYN_ATMOSPHERIC_TRANSIENT_00255,ATMOSPHERIC_TRANSIENT,True,high_coherence_atmospheric
16.0,177.45,11.83,0.25,33.72,0.0,0.7877,0.0903,0.6515,0.82,0.0651,1.053,3.4684,3.5806,11.7266,11.136,5.7723,8.3119,0.7088,14.0,6.0,0.5333,10.8905,3.1899,6.9354,3.1892,-0.3645,0.3883,STRATA_SYN_TEMPORALLY_INCONSISTENT_00392,TEMPORALLY_INCONSISTENT,False,none
20.0,206.91,10.89,0.29,37.92,0.0,0.823,0.0886,0.6586,0.8177,0.075,1.566,-1.0924,1.347,4.9139,3.138,1.3536,3.9273,0.7992,11.0,6.0,0.6316,-3.557,1.1996,-11.9558,1.1892,0.2832,0.8675,STRATA_SYN_STRUCTURAL_ACCELERATING_00258,STRUCTURAL_ACCELERATING,False,none
17.0,331.73,20.73,0.22,42.05,0.0,0.7846,0.0811,0.6583,0.8548,0.0558,1.731,3.1406,3.7419,13.5928,7.853,6.4255,10.6987,0.7871,15.0,6.0,0.5,-1.5863,3.7157,31.5721,3.5533,-0.567,0.996,STRATA_SYN_TEMPORALLY_INCONSISTENT_00458,TEMPORALLY_INCONSISTENT,False,none
18.0,204.43,12.03,0.33,26.41,0.0,0.825,0.088,0.6501,0.8142,0.0632,0.837,-0.2842,0.8055,2.6814,3.204,1.0655,2.628,0.9801,11.0,10.0,0.5294,0.2623,0.8043,12.6412,0.7873,-0.3092,0.9967,STRATA_SYN_STRUCTURAL_ACCELERATING_00375,STRUCTURAL_ACCELERATING,True,accelerating_subtle_onset
21.0,283.59,14.18,0.27,31.56,0.0,0.7739,0.0727,0.6543,0.8154,0.0557,0.922,-0.9835,3.5602,11.8339,12.835,1.1547,2.5291,0.2137,3.0,2.0,0.45,0.301,3.5595,140.1782,0.8487,0.7999,0.2405,STRATA_SYN_SEASONAL_ENVIRONMENTAL_00052,SEASONAL_ENVIRONMENTAL,False,none
20.0,154.4,8.13,0.27,28.33,0.0,0.1785,0.0413,0.1014,0.1819,0.047,2.767,-0.3082,2.8336,10.1,3.65,2.4432,7.0688,0.6999,8.0,6.0,0.4737,-3.7762,2.792,-222.054,2.2628,0.4116,0.6675,STRATA_SYN_LOW_QUALITY_00470,LOW_QUALITY,False,none
11.0,237.0,23.7,0.3,31.27,0.0,0.1549,0.0335,0.1138,0.1791,0.0451,3.91,-1.1696,3.521,11.2184,2.869,4.123,11.2184,1.0,7.0,2.0,0.6,-4.5425,3.3958,-9.4146,3.3913,0.0521,0.4514,STRATA_SYN_LOW_QUALITY_00322,LOW_QUALITY,False,none
15.0,236.46,16.89,0.32,42.54,0.0,0.826,0.0752,0.6565,0.8036,0.0609,1.057,-0.3615,1.1557,3.4282,3.243,1.4943,3.0287,0.8835,7.0,9.0,0.6429,0.1097,1.1555,22.8407,1.0819,-0.1863,0.4169,STRATA_SYN_STABLE_00405,STABLE,False,none
23.0,490.42,22.29,0.29,42.78,0.0,0.8172,0.0815,0.6548,0.8203,0.0748,1.209,-0.1973,5.0041,14.8374,12.272,2.4984,6.7426,0.4544,5.0,4.0,0.4545,-4.1428,4.7158,-5.1674,4.7007,0.8151,0.4242,STRATA_SYN_SEASONAL_ENVIRONMENTAL_00126,SEASONAL_ENVIRONMENTAL,False,none
8.0,63.4,9.06,0.17,44.01,0.0,0.7556,0.0835,0.6521,0.7993,0.0532,2.597,2.3608,4.9629,14.2671,5.494,6.4239,11.742,0.823,6.0,3.0,0.5714,63.2317,3.4236,-181.5893,3.4141,-0.0612,0.2543,STRATA_SYN_TEMPORALLY_INCONSISTENT_00231,TEMPORALLY_INCONSISTENT,False,none
9.0,118.05,14.76,0.24,40.05,0.0,0.7457,0.0453,0.6502,0.8924,0.0805,1.463,-0.0219,1.4956,4.6164,3.155,1.6824,3.2889,0.7124,3.0,4.0,0.75,-6.1162,1.3527,19.1557,1.3496,0.1225,0.7124,STRATA_SYN_STABLE_00132,STABLE,False,none
8.0,145.41,20.77,0.26,25.79,0.0,0.8646,0.0763,0.7144,0.7862,0.0726,0.965,-2.9585,5.4596,15.4477,16.008,2.4194,4.6897,0.3036,2.0,1.0,0.7143,-38.4786,2.1493,279.8283,0.5628,0.5858,0.0,STRATA_SYN_SEASONAL_ENVIRONMENTAL_00235,SEASONAL_ENVIRONMENTAL,True,short_seasonal_sequence
12.0,245.19,22.29,0.31,43.13,0.0,0.1626,0.0471,0.102,0.1727,0.0391,4.9,-2.4948,4.4514,15.9322,3.251,5.21,10.8869,0.6833,7.0,5.0,0.4545,-3.1774,4.4007,53.885,4.2718,0.027,0.4426,STRATA_SYN_LOW_QUALITY_00049,LOW_QUALITY,False,none
19.0,126.38,7.02,0.31,39.77,0.0,0.7932,0.0879,0.6548,0.8373,0.0733,2.01,-1.4735,2.9272,14.2426,7.086,3.0506,12.6427,0.8877,11.0,5.0,0.5556,-2.9772,2.9103,-72.4528,2.8884,-0.051,0.645,STRATA_SYN_STRUCTURAL_MONOTONIC_00112,STRUCTURAL_MONOTONIC,True,structural_with_atmospheric_spike
18.0,378.43,22.26,0.33,32.53,0.0,0.8181,0.0768,0.6955,0.8078,0.0558,2.663,1.5976,7.3851,22.5058,8.451,3.3721,9.7563,0.4335,5.0,2.0,0.5294,3.6055,7.2971,114.6411,5.2295,0.8021,0.2094,STRATA_SYN_SEASONAL_ENVIRONMENTAL_00196,SEASONAL_ENVIRONMENTAL,False,none
6.0,37.46,7.49,0.36,43.04,0.0,0.7905,0.0364,0.7486,0.8223,0.0815,1.227,-1.3583,0.8906,2.8729,2.341,1.2778,2.2476,0.7823,3.0,0.0,0.6,-9.2509,0.8284,193.0639,0.8223,-0.1195,0.0,STRATA_SYN_STRUCTURAL_ACCELERATING_00470,STRUCTURAL_ACCELERATING,False,none
13.0,224.91,18.74,0.29,40.26,0.0,0.7783,0.0812,0.6748,0.8157,0.0511,0.74,-0.3083,0.5742,2.058,2.781,0.735,1.6578,0.8055,8.0,9.0,0.5,0.9003,0.5474,3.0335,0.5452,-0.086,0.8469,STRATA_SYN_STABLE_00198,STABLE,False,none
11.0,90.69,9.07,0.27,26.85,0.0,0.8201,0.0684,0.7073,0.8571,0.0763,2.484,0.4379,1.6778,4.8222,1.941,1.507,4.4041,0.9133,4.0,3.0,0.7,5.9057,1.612,-261.3659,1.4477,0.2379,0.1724,STRATA_SYN_STRUCTURAL_ACCELERATING_00192,STRUCTURAL_ACCELERATING,False,none
15.0,187.15,13.37,0.35,36.19,0.0,0.7892,0.0804,0.6797,0.8354,0.0715,1.081,-0.5101,1.0123,4.3876,4.059,1.1168,2.9154,0.6645,9.0,6.0,0.5714,-0.4411,1.0099,-14.1289,0.9977,-0.0012,0.677,STRATA_SYN_STABLE_00245,STABLE,False,none
12.0,173.35,15.76,0.33,25.62,0.0,0.7513,0.1007,0.6543,0.8351,0.0663,2.563,-0.6505,1.8521,6.0424,2.358,2.5193,5.3397,0.8837,9.0,6.0,0.5455,-3.0198,1.7967,9.3166,1.7944,-0.4253,0.9128,STRATA_SYN_STRUCTURAL_ACCELERATING_00182,STRUCTURAL_ACCELERATING,False,none
11.0,216.68,21.67,0.21,42.3,0.0,0.7689,0.0883,0.6525,0.8599,0.0585,1.93,-1.1,1.7943,6.3434,3.287,2.5729,5.3298,0.8402,7.0,5.0,0.5,3.4142,1.6761,14.7675,1.6604,-0.3815,0.6717,STRATA_SYN_STABLE_00440,STABLE,False,none
13.0,156.37,13.03,0.27,36.0,0.0,0.1515,0.042,0.1011,0.1755,0.0494,3.404,0.5738,3.2004,13.5068,3.968,3.5174,7.7159,0.5713,6.0,4.0,0.5,-7.7975,3.0258,94.5088,2.9317,0.1534,0.9019,STRATA_SYN_LOW_QUALITY_00388,LOW_QUALITY,False,none
19.0,146.1,8.12,0.28,37.45,0.0,0.7961,0.0935,0.6575,0.8069,0.0852,2.011,3.4848,2.2886,9.4095,4.679,2.5143,5.9393,0.6312,13.0,4.0,0.5556,7.489,2.0997,-88.6834,2.0163,0.0644,0.3291,STRATA_SYN_STRUCTURAL_MONOTONIC_00109,STRUCTURAL_MONOTONIC,False,none
13.0,116.75,9.73,0.3,29.35,0.0,0.7762,0.0761,0.6614,0.8306,0.0619,1.469,5.7043,4.6562,15.0587,10.251,6.6576,10.3707,0.6887,11.0,3.0,0.5,29.374,3.6363,-228.1864,3.4957,-0.1099,0.4038,STRATA_SYN_TEMPORALLY_INCONSISTENT_00378,TEMPORALLY_INCONSISTENT,False,none
19.0,259.78,14.43,0.28,32.22,0.0,0.7814,0.0777,0.6579,0.8392,0.0593,0.626,-0.4225,0.7556,3.0328,4.845,0.8739,2.6093,0.8604,11.0,7.0,0.5,-1.728,0.6559,-4.9964,0.6476,-0.0654,0.4459,STRATA_SYN_STRUCTURAL_MONOTONIC_00213,STRUCTURAL_MONOTONIC,False,none
8.0,110.0,15.71,0.32,32.81,0.0,0.8023,0.0787,0.6881,0.833,0.0777,2.086,0.2025,2.1782,7.928,3.801,1.9206,4.8318,0.6095,1.0,2.0,0.5714,1.2671,2.1746,443.1384,1.0911,0.1797,0.5218,STRATA_SYN_STABLE_00049,STABLE,False,none
16.0,308.95,20.6,0.28,39.54,0.0,0.792,0.083,0.6698,0.8268,0.0719,1.236,-4.6271,3.6084,10.9083,8.825,1.6298,3.0311,0.2779,10.0,1.0,0.6,-12.9852,1.2908,16.3522,1.1938,0.7928,0.0,STRATA_SYN_STRUCTURAL_MONOTONIC_00350,STRUCTURAL_MONOTONIC,False,none
6.0,96.33,19.27,0.31,42.19,0.0,0.8692,0.0397,0.8093,0.7903,0.0636,2.302,-2.7976,1.1352,3.5953,1.562,1.6967,2.5205,0.7011,3.0,0.0,0.6,6.4809,0.9741,-46.6163,0.9606,-0.0888,0.0,STRATA_SYN_STRUCTURAL_ACCELERATING_00401,STRUCTURAL_ACCELERATING,False,none
9.0,84.97,10.62,0.28,39.94,0.0,0.7929,0.1013,0.6542,0.7885,0.0652,1.274,-0.4368,1.6257,4.5414,3.565,1.4428,3.548,0.7813,5.0,2.0,0.5,8.4318,1.4974,-462.08,0.97,0.2408,0.6191,STRATA_SYN_STRUCTURAL_ACCELERATING_00051,STRUCTURAL_ACCELERATING,False,none
14.0,85.48,6.58,0.28,41.64,0.0,0.7728,0.0806,0.6695,0.8073,0.0469,2.179,0.1604,2.0003,5.9065,2.711,2.4686,4.7456,0.8035,8.0,7.0,0.5385,-5.8067,1.9554,250.1977,1.8653,-0.0089,0.6739,STRATA_SYN_STABLE_00134,STABLE,False,none
11.0,206.85,20.68,0.28,37.83,0.0,0.8184,0.0734,0.6986,0.8296,0.0713,2.694,-1.2528,5.4249,20.5579,7.631,5.3758,18.2374,0.8871,7.0,8.0,0.6,7.2539,5.2671,27.1982,5.253,-0.0399,0.8826,STRATA_SYN_ATMOSPHERIC_TRANSIENT_00199,ATMOSPHERIC_TRANSIENT,False,none
10.0,120.24,13.36,0.17,28.41,0.0,0.8365,0.0847,0.71,0.792,0.0473,1.765,6.5833,4.8677,16.6905,9.456,6.1224,8.786,0.5264,8.0,0.0,0.5556,33.0988,3.4172,287.8714,3.1167,-0.0741,0.0,STRATA_SYN_TEMPORALLY_INCONSISTENT_00214,TEMPORALLY_INCONSISTENT,False,none
13.0,113.44,9.45,0.26,28.61,0.0,0.84,0.0954,0.6806,0.8081,0.0661,1.687,-0.6161,1.9826,6.0247,3.571,2.3956,5.5767,0.9256,7.0,7.0,0.5,-8.8157,1.7894,140.1471,1.6915,-0.0716,0.6203,STRATA_SYN_STRUCTURAL_MONOTONIC_00445,STRUCTURAL_MONOTONIC,False,none
18.0,209.65,12.33,0.28,41.16,0.0,0.8162,0.0878,0.6611,0.8491,0.062,0.621,0.4595,1.7395,8.3718,13.481,1.5871,8.1966,0.9791,14.0,10.0,0.5294,1.3442,1.7236,22.8544,1.6951,-0.2499,0.97,STRATA_SYN_ATMOSPHERIC_TRANSIENT_00132,ATMOSPHERIC_TRANSIENT,False,none
19.0,312.27,17.35,0.29,34.68,0.0,0.79,0.0887,0.6507,0.8323,0.0727,2.477,-2.951,4.2552,16.0343,6.473,3.2829,8.2546,0.5148,10.0,5.0,0.6111,-13.2883,2.4766,12.6872,2.4469,0.5618,0.4402,STRATA_SYN_STRUCTURAL_MONOTONIC_00294,STRUCTURAL_MONOTONIC,False,none
18.0,144.69,8.51,0.25,43.51,0.0,0.1565,0.0356,0.1034,0.1845,0.0315,4.418,-0.0942,5.0996,20.7649,4.7,6.5828,16.9942,0.8184,9.0,10.0,0.5294,1.8672,5.0946,96.119,5.0562,-0.2768,0.9092,STRATA_SYN_LOW_QUALITY_00370,LOW_QUALITY,False,none
16.0,214.04,14.27,0.31,25.03,0.0,0.8091,0.0834,0.6696,0.8416,0.0916,2.695,1.5589,2.058,7.8159,2.9,2.6348,7.2497,0.9276,9.0,6.0,0.6,0.1943,2.0577,23.4987,2.0297,-0.3105,0.9356,STRATA_SYN_ATMOSPHERIC_TRANSIENT_00280,ATMOSPHERIC_TRANSIENT,False,none
18.0,307.81,18.11,0.23,28.92,0.0,0.7813,0.0767,0.6762,0.8327,0.0616,1.519,3.5449,3.3959,10.8116,7.118,5.5331,9.262,0.8567,16.0,8.0,0.5294,5.0482,3.1384,29.6176,3.0146,-0.5599,0.187,STRATA_SYN_TEMPORALLY_INCONSISTENT_00032,TEMPORALLY_INCONSISTENT,False,none
15.0,151.53,10.82,0.25,37.62,0.0,0.8016,0.0788,0.7015,0.7979,0.054,1.322,-0.1931,1.2838,4.3862,3.318,1.4453,2.9625,0.6754,8.0,5.0,0.5714,0.0125,1.2838,48.5342,1.2345,0.0279,0.3179,STRATA_SYN_STABLE_00208,STABLE,False,none
24.0,434.93,18.91,0.33,39.61,0.0,0.8,0.074,0.6621,0.8161,0.0608,0.655,0.1898,1.7469,6.2661,9.567,0.8876,1.9005,0.3033,7.0,3.0,0.4783,-1.0952,1.7023,5.0058,1.6779,0.802,0.2311,STRATA_SYN_SEASONAL_ENVIRONMENTAL_00336,SEASONAL_ENVIRONMENTAL,False,none
6.0,102.74,20.55,0.31,36.35,0.0,0.8231,0.0833,0.6795,0.8232,0.0554,1.885,-0.6875,2.0277,5.5377,2.938,3.5001,4.783,0.8637,3.0,4.0,0.6,5.1352,1.9669,-209.6136,1.7845,-0.4816,0.8637,STRATA_SYN_STRUCTURAL_ACCELERATING_00436,STRUCTURAL_ACCELERATING,True,short_sequence
13.0,124.02,10.33,0.25,39.02,0.0,0.8332,0.0884,0.6542,0.8408,0.0732,1.558,-0.5792,1.2624,3.7921,2.434,1.7277,3.4433,0.908,7.0,8.0,0.5833,-2.42,1.236,9.648,1.2351,-0.1128,0.7419,STRATA_SYN_STRUCTURAL_MONOTONIC_00123,STRUCTURAL_MONOTONIC,False,none
15.0,292.86,20.92,0.28,32.73,0.0,0.1679,0.036,0.1036,0.1712,0.0465,4.166,0.1096,3.3467,12.0993,2.904,3.7774,7.5565,0.6245,12.0,8.0,0.5,-1.8831,3.3141,-76.5477,2.5787,0.1219,0.6997,STRATA_SYN_LOW_QUALITY_00179,LOW_QUALITY,False,none
11.0,99.56,9.96,0.22,31.61,0.0,0.816,0.0964,0.6514,0.8141,0.0529,0.664,-0.1575,0.4698,1.4804,2.23,0.7164,1.2003,0.8108,7.0,5.0,0.5,-1.3501,0.4551,26.4143,0.4467,-0.417,0.8761,STRATA_SYN_STABLE_00443,STABLE,False,none
20.0,233.72,12.3,0.3,32.11,0.0,0.7913,0.0904,0.6564,0.8456,0.0689,2.462,-2.2214,2.2272,8.8052,3.576,1.9217,5.6865,0.6458,14.0,3.0,0.6316,-7.6494,1.6556,-7.466,1.6508,0.3228,0.173,STRATA_SYN_STRUCTURAL_MONOTONIC_00163,STRUCTURAL_MONOTONIC,False,none
21.0,156.34,7.82,0.31,36.18,0.0,0.8088,0.084,0.654,0.8032,0.0609,1.295,0.1304,4.7712,16.5962,12.816,2.2324,5.5196,0.3326,10.0,4.0,0.55,-27.5019,3.158,292.3151,2.2715,0.8184,0.4382,STRATA_SYN_SEASONAL_ENVIRONMENTAL_00497,SEASONAL_ENVIRONMENTAL,False,none
8.0,88.24,12.61,0.36,29.17,0.0,0.7465,0.0689,0.6722,0.7998,0.069,2.439,0.9859,2.2786,8.6589,3.55,1.6418,4.7157,0.5446,2.0,1.0,0.7143,-23.4259,1.3287,57.4124,1.3194,0.1422,0.0,STRATA_SYN_STRUCTURAL_ACCELERATING_00127,STRUCTURAL_ACCELERATING,False,none
11.0,210.16,21.02,0.3,27.13,0.0,0.1454,0.0327,0.107,0.1926,0.0476,2.792,-0.8435,2.4433,8.2867,2.968,2.5562,8.0729,0.9742,6.0,6.0,0.6,-1.3192,2.4314,-105.5941,1.8768,-0.001,0.7126,STRATA_SYN_LOW_QUALITY_00010,LOW_QUALITY,False,none
11.0,128.3,12.83,0.2,41.33,0.0,0.8363,0.0829,0.6755,0.8272,0.0647,1.482,-0.5139,1.5121,4.8309,3.26,1.972,4.4344,0.9179,7.0,5.0,0.5,-0.2756,1.5118,72.4476,1.4593,-0.2283,0.5992,STRATA_SYN_STABLE_00042,STABLE,False,none
20.0,282.87,14.89,0.32,25.55,0.0,0.1807,0.0377,0.1051,0.182,0.0419,4.102,1.2098,4.5772,18.0368,4.397,5.6545,17.4561,0.9678,13.0,11.0,0.5263,3.1978,4.515,-29.4865,4.4566,-0.2838,0.5513,STRATA_SYN_LOW_QUALITY_00484,LOW_QUALITY,False,none
14.0,140.13,10.78,0.31,36.24,0.0,0.8369,0.0822,0.6903,0.8421,0.0625,1.179,-0.0279,1.0651,4.177,3.543,1.25,2.6682,0.6388,8.0,9.0,0.6154,0.5284,1.0632,-37.0685,1.0374,0.0107,0.6213,STRATA_SYN_STABLE_00034,STABLE,False,none
14.0,268.16,20.63,0.28,27.14,0.0,0.8052,0.0828,0.7037,0.8376,0.0592,1.452,0.5699,1.1842,5.288,3.642,1.3087,3.1635,0.5982,8.0,4.0,0.4615,-0.3505,1.1815,20.1741,1.087,0.0572,0.578,STRATA_SYN_STABLE_00343,STABLE,False,none
9.0,111.36,13.92,0.28,32.48,0.0,0.7797,0.0963,0.66,0.795,0.0807,0.637,-0.3606,0.4555,1.314,2.063,0.5061,1.1586,0.8817,4.0,2.0,0.625,0.8452,0.4478,-27.9669,0.4318,0.0423,0.2379,STRATA_SYN_STRUCTURAL_MONOTONIC_00300,STRUCTURAL_MONOTONIC,False,none
19.0,263.8,14.66,0.31,26.67,0.0,0.919,0.026,0.8801,0.8248,0.074,1.03,-1.9395,3.9208,15.7196,15.262,3.1067,13.107,0.8338,6.0,6.0,0.5,-4.9005,3.7699,-17.5897,3.7508,0.0635,0.8295,STRATA_SYN_ATMOSPHERIC_TRANSIENT_00364,ATMOSPHERIC_TRANSIENT,True,high_coherence_atmospheric
16.0,256.64,17.11,0.3,29.53,0.0,0.7869,0.0916,0.6574,0.8242,0.0728,2.89,4.6343,3.2166,9.4775,3.279,5.3469,9.4124,0.9931,13.0,4.0,0.5333,-0.4081,3.2154,-18.4743,3.1926,-0.6964,0.4686,STRATA_SYN_TEMPORALLY_INCONSISTENT_00334,TEMPORALLY_INCONSISTENT,False,none
12.0,156.7,14.25,0.23,43.89,0.0,0.7552,0.0777,0.6644,0.8353,0.0796,2.191,-0.3814,2.5137,8.6847,3.964,3.2682,8.6847,1.0,6.0,6.0,0.7273,1.4899,2.5057,-76.822,2.429,-0.256,0.7533,STRATA_SYN_STABLE_00153,STABLE,False,none
9.0,148.32,18.54,0.24,33.31,0.0,0.8006,0.0606,0.715,0.8239,0.0835,0.921,0.9519,3.0326,10.0435,10.905,3.2954,9.7476,0.9705,6.0,7.0,0.625,-5.5691,2.9435,-47.0796,2.922,-0.2257,0.925,STRATA_SYN_ATMOSPHERIC_TRANSIENT_00343,ATMOSPHERIC_TRANSIENT,False,none
17.0,183.34,11.46,0.33,38.6,0.0,0.7962,0.094,0.6569,0.8358,0.0733,2.804,-1.0182,3.0339,10.8421,3.867,3.0983,7.8267,0.7219,8.0,5.0,0.5,-8.8387,2.7118,-0.0981,2.7118,0.1316,0.2185,STRATA_SYN_STRUCTURAL_ACCELERATING_00165,STRUCTURAL_ACCELERATING,False,none
11.0,89.34,8.93,0.17,35.26,0.0,0.8342,0.0853,0.6991,0.8128,0.0752,1.771,0.44,1.5206,5.6794,3.207,1.5351,2.2867,0.4026,5.0,5.0,0.6,-11.7822,1.2142,109.8611,1.1792,0.266,0.299,STRATA_SYN_STRUCTURAL_ACCELERATING_00090,STRUCTURAL_ACCELERATING,False,none
18.0,350.37,20.61,0.24,36.27,0.0,0.7461,0.0595,0.6513,0.816,0.0762,2.887,1.4522,3.0115,11.4126,3.953,3.3255,8.9094,0.7807,12.0,7.0,0.5294,1.2427,2.9894,-13.1022,2.9472,-0.0054,0.1952,STRATA_SYN_STRUCTURAL_MONOTONIC_00199,STRUCTURAL_MONOTONIC,False,none
17.0,250.4,15.65,0.26,31.75,0.0,0.9381,0.0261,0.8812,0.8051,0.0645,0.538,1.0276,3.5623,15.596,28.989,2.9223,14.4833,0.9287,9.0,7.0,0.5,0.9611,3.5566,-10.1187,3.5511,-0.0541,0.9565,STRATA_SYN_ATMOSPHERIC_TRANSIENT_00127,ATMOSPHERIC_TRANSIENT,True,high_coherence_atmospheric
20.0,451.09,23.74,0.3,38.54,0.0,0.1588,0.0358,0.102,0.1889,0.0373,3.369,-0.6255,4.1069,17.09,5.073,5.5663,11.0629,0.6473,12.0,12.0,0.5263,2.0216,4.0363,-17.0076,3.8931,-0.1228,0.8655,STRATA_SYN_LOW_QUALITY_00147,LOW_QUALITY,False,none
18.0,220.99,13.0,0.25,43.19,0.0,0.8465,0.0966,0.658,0.8494,0.0626,2.917,0.0492,3.4234,12.2394,4.196,3.3214,8.3333,0.6809,12.0,10.0,0.5294,8.7966,3.0139,-116.805,2.4407,0.2435,0.6089,STRATA_SYN_SEASONAL_ENVIRONMENTAL_00147,SEASONAL_ENVIRONMENTAL,False,none
9.0,72.57,9.07,0.28,35.42,0.0,0.8235,0.0502,0.772,0.8365,0.0866,2.812,0.0168,3.302,9.8815,3.514,4.274,9.1425,0.9252,4.0,5.0,0.5,-9.5852,3.2441,838.9479,2.8685,-0.1533,0.423,STRATA_SYN_TEMPORALLY_INCONSISTENT_00020,TEMPORALLY_INCONSISTENT,False,none
16.0,116.05,7.74,0.26,31.34,0.0,0.781,0.0834,0.6617,0.8309,0.079,2.08,-1.5741,3.3093,12.3177,5.922,1.7275,5.3462,0.434,5.0,3.0,0.6667,-27.084,1.9864,230.5913,1.7275,0.5925,0.091,STRATA_SYN_SEASONAL_ENVIRONMENTAL_00118,SEASONAL_ENVIRONMENTAL,False,none
13.0,273.88,22.82,0.26,37.98,0.0,0.8026,0.1041,0.6741,0.8147,0.0731,0.903,0.756,2.3472,9.77,10.819,2.6857,9.77,1.0,8.0,7.0,0.5833,-2.085,2.2959,3.4732,2.2943,-0.387,0.85,STRATA_SYN_ATMOSPHERIC_TRANSIENT_00052,ATMOSPHERIC_TRANSIENT,False,none
11.0,209.49,20.95,0.24,35.99,0.0,0.8094,0.0859,0.6557,0.7808,0.0481,2.031,0.0771,2.4717,6.5739,3.237,3.33,5.5953,0.8511,6.0,7.0,0.7,5.7328,2.2428,40.407,2.1646,-0.2012,0.1411,STRATA_SYN_STRUCTURAL_ACCELERATING_00144,STRUCTURAL_ACCELERATING,False,none
14.0,280.38,21.57,0.28,28.66,0.0,0.8586,0.0701,0.7168,0.8498,0.0723,2.459,-2.3674,3.1608,10.6333,4.324,3.1455,9.6956,0.9118,8.0,5.0,0.6923,-8.0165,2.5178,31.8697,2.3866,-0.0101,0.1612,STRATA_SYN_STRUCTURAL_ACCELERATING_00351,STRUCTURAL_ACCELERATING,False,none
14.0,232.65,17.9,0.26,28.71,0.0,0.7931,0.0947,0.6591,0.8026,0.0749,0.934,-0.7185,2.8694,12.7655,13.668,2.3867,11.0779,0.8678,7.0,6.0,0.6154,2.5213,2.8256,36.7663,2.7529,-0.0324,0.9788,STRATA_SYN_ATMOSPHERIC_TRANSIENT_00483,ATMOSPHERIC_TRANSIENT,False,none
6.0,90.36,18.07,0.33,35.46,0.0,0.7466,0.0452,0.6729,0.7691,0.0453,1.983,2.2335,3.0369,9.414,4.747,4.6882,9.414,1.0,4.0,4.0,0.6,5.3031,3.0037,564.6739,2.4588,-0.5796,0.5333,STRATA_SYN_TEMPORALLY_INCONSISTENT_00403,TEMPORALLY_INCONSISTENT,False,none
11.0,91.2,9.12,0.3,42.27,0.0,0.767,0.0934,0.6525,0.834,0.0763,2.314,1.0975,2.5518,7.8466,3.391,3.4978,7.8378,0.9989,7.0,4.0,0.6,3.8804,2.5333,149.5648,2.4993,-0.4317,0.723,STRATA_SYN_STRUCTURAL_ACCELERATING_00078,STRUCTURAL_ACCELERATING,False,none
16.0,110.42,7.36,0.27,34.99,0.0,0.1792,0.0385,0.1075,0.1615,0.0357,4.293,-0.6244,4.2675,16.6664,3.882,4.0933,11.3131,0.6788,10.0,6.0,0.5333,22.1528,3.7328,-307.0324,3.5417,0.2314,0.784,STRATA_SYN_LOW_QUALITY_00254,LOW_QUALITY,False,none
20.0,161.39,8.49,0.29,37.74,0.0,0.1659,0.0376,0.1002,0.1905,0.0391,3.314,-0.5034,3.7294,15.0554,4.543,4.4857,12.9214,0.8583,13.0,12.0,0.5263,-3.7493,3.6955,39.2763,3.6819,-0.1543,0.6096,STRATA_SYN_LOW_QUALITY_00261,LOW_QUALITY,False,none
22.0,400.27,19.06,0.32,39.69,0.0,0.7954,0.0876,0.6606,0.8363,0.0607,1.85,0.9863,2.882,10.9401,5.914,2.3394,6.0521,0.5532,11.0,5.0,0.619,-1.4806,2.8399,13.3662,2.7638,0.4635,0.3504,STRATA_SYN_SEASONAL_ENVIRONMENTAL_00117,SEASONAL_ENVIRONMENTAL,False,none
20.0,335.22,17.64,0.26,40.67,0.0,0.7824,0.0767,0.6519,0.8155,0.073,2.22,0.9049,3.7032,10.3574,4.665,7.0406,10.3574,1.0,18.0,19.0,0.5263,0.9337,3.6941,3.3874,3.6923,-0.8747,0.3375,STRATA_SYN_TEMPORALLY_INCONSISTENT_00355,TEMPORALLY_INCONSISTENT,False,none
17.0,173.24,10.83,0.26,44.8,0.0,0.7685,0.0926,0.6526,0.8419,0.0569,2.884,-0.9829,5.0845,22.2875,7.728,4.081,12.9428,0.5807,6.0,6.0,0.5625,-10.9826,4.8286,95.6862,4.7447,0.4233,0.9587,STRATA_SYN_ATMOSPHERIC_TRANSIENT_00274,ATMOSPHERIC_TRANSIENT,False,none
20.0,442.11,23.27,0.22,43.56,0.0,0.1701,0.0479,0.1039,0.1773,0.042,4.429,0.2743,4.0411,14.5856,3.293,5.7198,12.9862,0.8903,13.0,12.0,0.5263,-1.2646,4.0143,8.0299,3.9852,-0.395,0.8437,STRATA_SYN_LOW_QUALITY_00416,LOW_QUALITY,False,none
6.0,100.76,20.15,0.25,26.12,0.0,0.8573,0.0767,0.7029,0.8462,0.0621,2.268,4.1518,2.9509,8.8074,3.883,4.0471,5.3015,0.6019,4.0,0.0,0.6,23.2019,1.9844,114.4216,1.9362,-0.253,0.0,STRATA_SYN_TEMPORALLY_INCONSISTENT_00100,TEMPORALLY_INCONSISTENT,False,none
6.0,108.06,21.61,0.37,41.76,0.0,0.7425,0.0821,0.65,0.8731,0.0518,2.594,0.5712,1.7274,5.3834,2.075,2.0512,4.316,0.8017,2.0,3.0,0.6,5.8479,1.623,-250.8286,1.1972,0.0602,0.527,STRATA_SYN_STRUCTURAL_MONOTONIC_00215,STRUCTURAL_MONOTONIC,False,none
15.0,226.52,16.18,0.24,31.38,0.0,0.7914,0.0838,0.6752,0.8261,0.0654,2.397,2.03,3.606,13.2159,5.514,4.3818,9.5159,0.72,7.0,8.0,0.5714,7.306,3.3253,69.6254,3.1261,-0.2618,0.3884,STRATA_SYN_STRUCTURAL_MONOTONIC_00113,STRUCTURAL_MONOTONIC,False,none
11.0,104.34,10.43,0.27,38.89,0.0,0.8008,0.0643,0.7089,0.8432,0.0775,2.344,0.369,2.5015,8.6953,3.71,3.0566,5.9738,0.687,5.0,6.0,0.6,0.4286,2.5012,257.8337,2.3236,0.0082,0.6943,STRATA_SYN_STRUCTURAL_MONOTONIC_00289,STRUCTURAL_MONOTONIC,False,none
7.0,64.77,10.79,0.3,42.32,0.0,0.7766,0.105,0.6517,0.8324,0.057,1.87,-0.8762,1.5775,3.9906,2.134,3.1039,3.9906,1.0,5.0,5.0,0.5,4.4717,1.5552,-98.3177,1.548,-0.7963,0.6939,STRATA_SYN_STRUCTURAL_MONOTONIC_00412,STRUCTURAL_MONOTONIC,False,none
21.0,163.6,8.18,0.26,33.91,0.0,0.7926,0.0782,0.6575,0.8344,0.0678,1.24,2.173,4.0071,13.2626,10.696,2.0032,3.7628,0.2837,12.0,3.0,0.6,-25.9543,1.9018,-164.1598,1.3491,0.7538,0.0859,STRATA_SYN_SEASONAL_ENVIRONMENTAL_00215,SEASONAL_ENVIRONMENTAL,False,none
9.0,90.36,11.29,0.23,43.64,0.0,0.7595,0.1041,0.6512,0.8343,0.0543,2.377,1.9213,2.5199,7.308,3.074,2.3028,5.732,0.7843,3.0,3.0,0.5,20.6949,1.9002,12.1417,1.8999,0.1893,0.2199,STRATA_SYN_STRUCTURAL_MONOTONIC_00383,STRUCTURAL_MONOTONIC,False,none
11.0,122.62,12.26,0.27,41.44,0.0,0.8304,0.0839,0.6815,0.7973,0.0438,2.224,-2.5834,2.3856,8.3624,3.76,3.3127,7.0682,0.8452,5.0,3.0,0.5,-6.9897,2.2674,55.9883,2.2501,-0.3104,0.4458,STRATA_SYN_STRUCTURAL_MONOTONIC_00474,STRUCTURAL_MONOTONIC,False,none
16.0,151.16,10.08,0.24,41.77,0.0,0.7905,0.0797,0.6656,0.8612,0.0712,1.64,0.5278,3.6086,17.2492,10.518,3.4219,15.0084,0.8701,10.0,9.0,0.5333,2.646,3.5929,71.1886,3.5559,-0.0522,0.884,STRATA_SYN_ATMOSPHERIC_TRANSIENT_00391,ATMOSPHERIC_TRANSIENT,False,none
18.0,334.17,19.66,0.16,38.12,0.0,0.7797,0.1037,0.656,0.8227,0.0777,2.463,0.66,5.1859,17.6232,7.155,3.4741,8.6129,0.4887,6.0,5.0,0.7059,-1.1322,5.1762,58.1135,4.7669,0.5805,0.1856,STRATA_SYN_SEASONAL_ENVIRONMENTAL_00475,SEASONAL_ENVIRONMENTAL,False,none
14.0,277.44,21.34,0.24,34.56,0.0,0.7562,0.0741,0.6545,0.7984,0.0739,0.992,0.9224,1.2118,4.232,4.266,1.2122,3.0905,0.7303,5.0,3.0,0.4615,0.0314,1.2118,10.5182,1.1838,0.1226,0.5807,STRATA_SYN_STRUCTURAL_MONOTONIC_00002,STRUCTURAL_MONOTONIC,False,none
15.0,333.17,23.8,0.28,35.95,0.0,0.7751,0.0995,0.6554,0.7834,0.0678,2.445,2.033,2.8169,10.6854,4.37,2.764,6.9806,0.6533,9.0,4.0,0.5714,6.6322,2.1106,-16.7119,2.027,0.2898,0.4439,STRATA_SYN_STRUCTURAL_ACCELERATING_00486,STRUCTURAL_ACCELERATING,False,none
16.0,279.8,18.65,0.35,26.75,0.0,0.8061,0.0848,0.657,0.8478,0.0707,2.782,5.1346,3.4613,12.5619,4.515,5.4857,12.5619,1.0,14.0,4.0,0.5333,1.0749,3.4521,44.5732,3.2732,-0.5478,0.6536,STRATA_SYN_TEMPORALLY_INCONSISTENT_00352,TEMPORALLY_INCONSISTENT,False,none
24.0,485.21,21.1,0.26,44.05,0.0,0.8017,0.0802,0.6539,0.827,0.0634,1.363,0.0773,6.1664,19.1348,14.039,3.2759,8.5286,0.4457,6.0,4.0,0.5652,0.5062,6.1631,-26.3305,5.871,0.7266,0.3854,STRATA_SYN_SEASONAL_ENVIRONMENTAL_00082,SEASONAL_ENVIRONMENTAL,False,none
17.0,378.97,23.69,0.22,36.0,0.0,0.7915,0.0686,0.6694,0.8129,0.0718,1.38,0.7429,1.2707,5.5776,4.042,1.2554,4.3023,0.7714,9.0,5.0,0.5,-2.2005,1.061,-3.342,1.0504,-0.035,0.0,STRATA_SYN_STABLE_00203,STABLE,False,none
13.0,116.29,9.69,0.24,32.76,0.0,0.8572,0.0748,0.6737,0.8216,0.0743,1.413,3.4338,2.3157,8.7176,6.17,1.704,4.7467,0.5445,8.0,1.0,0.6667,-17.5025,1.5279,-120.9868,1.4334,0.3099,0.0,STRATA_SYN_SEASONAL_ENVIRONMENTAL_00077,SEASONAL_ENVIRONMENTAL,False,none
16.0,147.08,9.81,0.17,30.42,0.0,0.1666,0.0415,0.1073,0.1775,0.0425,4.156,-0.6332,4.355,14.2699,3.434,4.7235,13.4051,0.9394,8.0,7.0,0.5333,-13.3551,4.0303,80.0867,3.9932,0.0192,0.8955,STRATA_SYN_LOW_QUALITY_00285,LOW_QUALITY,False,none
9.0,83.78,10.47,0.32,31.33,0.0,0.8511,0.0583,0.7467,0.8235,0.0839,2.563,0.6448,2.9237,11.3864,4.443,3.7496,7.2667,0.6382,6.0,5.0,0.625,-15.9073,2.6772,-63.3065,2.6729,-0.0002,0.8234,STRATA_SYN_ATMOSPHERIC_TRANSIENT_00462,ATMOSPHERIC_TRANSIENT,False,none
14.0,298.96,23.0,0.29,36.72,0.0,0.8051,0.0929,0.6585,0.8347,0.0789,2.453,-2.6088,1.9869,5.8161,2.371,2.1978,4.6042,0.7916,10.0,0.0,0.5385,-3.7738,1.7408,3.6993,1.7376,0.1284,0.0,STRATA_SYN_STRUCTURAL_ACCELERATING_00197,STRUCTURAL_ACCELERATING,False,none
20.0,208.56,10.98,0.29,44.94,0.0,0.792,0.0928,0.6587,0.8106,0.0743,1.59,-0.2427,1.528,5.3434,3.361,1.8967,4.4109,0.8255,10.0,11.0,0.5263,-3.1387,1.4291,14.0046,1.4169,-0.1574,0.1112,STRATA_SYN_STABLE_00015,STABLE,False,none
13.0,183.81,15.32,0.21,30.97,0.0,0.7173,0.0589,0.6577,0.8507,0.0824,1.521,-0.8995,2.9347,12.1038,7.958,3.1701,12.1038,1.0,9.0,9.0,0.5,2.4637,2.9091,45.0905,2.8671,-0.3438,0.9284,STRATA_SYN_ATMOSPHERIC_TRANSIENT_00407,ATMOSPHERIC_TRANSIENT,False,none
12.0,209.33,19.03,0.29,43.43,0.0,0.7664,0.0774,0.6696,0.8109,0.0743,1.925,3.8188,4.5165,14.5315,7.549,2.676,6.5487,0.4507,4.0,3.0,0.6364,-8.1366,4.2715,-274.1186,1.7012,0.5846,0.4097,STRATA_SYN_SEASONAL_ENVIRONMENTAL_00314,SEASONAL_ENVIRONMENTAL,False,none
17.0,169.07,10.57,0.25,38.28,0.0,0.7953,0.1029,0.657,0.8164,0.0806,0.907,5.946,3.283,10.9579,12.081,5.3136,7.9836,0.7286,15.0,1.0,0.5,3.8219,3.2379,-37.9478,3.2202,-0.5241,0.0,STRATA_SYN_TEMPORALLY_INCONSISTENT_00089,TEMPORALLY_INCONSISTENT,False,none
19.0,299.42,16.63,0.28,32.12,0.0,0.1622,0.0388,0.1005,0.1782,0.0453,2.675,0.3757,3.1259,12.3119,4.603,3.8484,12.3119,1.0,11.0,10.0,0.5556,3.1982,3.0224,15.8754,2.9903,-0.2275,0.8441,STRATA_SYN_LOW_QUALITY_00118,LOW_QUALITY,False,none
14.0,90.96,7.0,0.25,36.29,0.0,0.784,0.0913,0.6596,0.781,0.0528,1.176,-0.2753,0.8105,3.1821,2.706,1.0527,2.2908,0.7199,6.0,7.0,0.4615,-1.0825,0.8061,66.1656,0.7869,-0.1484,0.5694,STRATA_SYN_STRUCTURAL_ACCELERATING_00347,STRUCTURAL_ACCELERATING,False,none
8.0,77.72,11.1,0.23,37.79,0.0,0.8244,0.0816,0.6745,0.8499,0.0818,1.595,-1.0947,1.0436,3.6912,2.314,0.9479,2.3747,0.6433,1.0,1.0,0.5714,3.1977,1.0196,396.2751,0.5819,0.2817,0.0,STRATA_SYN_STRUCTURAL_ACCELERATING_00180,STRUCTURAL_ACCELERATING,False,none
16.0,259.91,17.33,0.29,37.49,0.0,0.7979,0.0582,0.6686,0.828,0.0835,2.661,-0.1674,1.9207,6.6116,2.485,2.4556,4.0754,0.6164,9.0,9.0,0.6,2.5656,1.8374,-11.3711,1.8214,0.0276,0.8474,STRATA_SYN_STABLE_00024,STABLE,False,none
12.0,209.13,19.01,0.32,38.57,0.0,0.8023,0.0959,0.6513,0.8116,0.0784,1.651,0.197,2.8193,10.048,6.086,3.1218,8.399,0.8359,6.0,4.0,0.5455,3.9276,2.7299,9.4843,2.7265,0.0489,0.7526,STRATA_SYN_ATMOSPHERIC_TRANSIENT_00361,ATMOSPHERIC_TRANSIENT,False,none
13.0,210.9,17.58,0.28,33.8,0.0,0.7747,0.0781,0.681,0.8313,0.0859,2.363,0.832,3.9416,16.929,7.164,3.6824,12.8338,0.7581,7.0,6.0,0.5,4.5318,3.8563,-107.4488,3.5354,0.0561,0.8793,STRATA_SYN_ATMOSPHERIC_TRANSIENT_00119,ATMOSPHERIC_TRANSIENT,False,none
8.0,121.29,17.33,0.26,42.82,0.0,0.8064,0.0991,0.6645,0.8354,0.0544,2.62,-1.7958,2.5837,8.4195,3.214,3.199,8.232,0.9777,4.0,2.0,0.5714,10.7788,2.3013,88.6017,2.2557,-0.1176,0.6803,STRATA_SYN_STRUCTURAL_MONOTONIC_00032,STRUCTURAL_MONOTONIC,False,none
6.0,82.2,16.44,0.18,31.32,0.0,0.7873,0.0916,0.6927,0.844,0.0858,0.828,-0.7449,0.604,1.6936,2.045,0.6657,1.4109,0.8331,2.0,1.0,0.6,-4.996,0.4669,93.6069,0.4023,-0.1303,0.0,STRATA_SYN_STRUCTURAL_ACCELERATING_00203,STRUCTURAL_ACCELERATING,False,none
13.0,273.12,22.76,0.26,43.15,0.0,0.8044,0.0804,0.6519,0.8371,0.0831,2.296,-1.9777,2.6857,10.1986,4.442,3.1447,6.8119,0.6679,7.0,3.0,0.5,-4.3173,2.4896,23.6575,2.4236,-0.0122,0.3953,STRATA_SYN_STRUCTURAL_ACCELERATING_00464,STRUCTURAL_ACCELERATING,False,none
7.0,70.62,11.77,0.25,27.6,0.0,0.8556,0.0594,0.7407,0.8643,0.0497,2.021,3.4428,3.3486,9.8904,4.894,5.5436,7.9034,0.7991,5.0,1.0,0.5,-4.0837,3.3381,-1134.6844,2.6465,-0.5107,0.0,STRATA_SYN_TEMPORALLY_INCONSISTENT_00243,TEMPORALLY_INCONSISTENT,False,none
8.0,64.31,9.19,0.19,31.08,0.0,0.7954,0.0988,0.652,0.8338,0.0677,1.457,3.6453,3.0145,9.0028,6.179,4.9988,8.3941,0.9324,6.0,1.0,0.5714,18.771,2.8139,72.6052,2.8119,-0.6602,0.0,STRATA_SYN_TEMPORALLY_INCONSISTENT_00303,TEMPORALLY_INCONSISTENT,False,none
11.0,204.88,20.49,0.3,30.94,0.0,0.1887,0.035,0.1146,0.1764,0.0365,4.011,0.9891,3.2879,12.2722,3.06,3.9444,11.5549,0.9416,6.0,4.0,0.7,-3.9792,3.2113,101.7584,2.8835,-0.0167,0.9383,STRATA_SYN_LOW_QUALITY_00399,LOW_QUALITY,False,none
12.0,146.29,13.3,0.21,38.07,0.0,0.8294,0.0885,0.6657,0.8545,0.0681,0.99,-2.1817,1.4129,4.9959,5.046,0.9567,2.1298,0.4263,7.0,1.0,0.5455,-9.3834,0.781,-39.5689,0.7304,0.4803,0.0,STRATA_SYN_STRUCTURAL_MONOTONIC_00065,STRUCTURAL_MONOTONIC,False,none
15.0,309.1,22.08,0.33,34.94,0.0,0.8105,0.0857,0.6829,0.8427,0.0512,2.466,1.0306,6.7976,18.9934,7.702,3.7998,10.7006,0.5634,5.0,2.0,0.5,-2.3534,6.7697,144.8308,5.1602,0.7222,0.3291,STRATA_SYN_SEASONAL_ENVIRONMENTAL_00265,SEASONAL_ENVIRONMENTAL,True,strong_seasonal_amplitude
10.0,110.43,12.27,0.26,31.16,0.0,0.7905,0.0674,0.6931,0.8399,0.0621,1.614,0.4059,1.2676,3.9553,2.451,1.8851,3.6189,0.9149,7.0,5.0,0.5556,2.817,1.2382,-45.9945,1.2238,-0.3602,0.4308,STRATA_SYN_STABLE_00110,STABLE,False,none
17.0,335.13,20.95,0.25,31.52,0.0,0.805,0.1024,0.653,0.8089,0.0608,1.948,-1.7328,2.5552,8.7432,4.488,2.8991,6.3574,0.7271,11.0,7.0,0.5,-5.7526,1.9827,-3.2547,1.9794,0.0647,0.3249,STRATA_SYN_STRUCTURAL_ACCELERATING_00405,STRUCTURAL_ACCELERATING,False,none
9.0,56.14,7.02,0.3,25.66,0.0,0.7882,0.0495,0.731,0.8261,0.0736,2.678,-1.3551,2.8228,10.5426,3.937,3.0232,6.4855,0.6152,4.0,3.0,0.625,-28.774,2.4314,-813.422,2.2685,-0.0844,0.1251,STRATA_SYN_STRUCTURAL_MONOTONIC_00087,STRUCTURAL_MONOTONIC,False,none
8.0,72.3,10.33,0.31,31.35,0.0,0.8368,0.0944,0.6844,0.8671,0.0727,1.995,3.5792,3.143,9.3467,4.685,4.7804,9.3467,1.0,5.0,4.0,0.5714,7.9346,3.1009,460.9625,2.9836,-0.312,0.9245,STRATA_SYN_TEMPORALLY_INCONSISTENT_00078,TEMPORALLY_INCONSISTENT,False,none
8.0,139.53,19.93,0.26,35.61,0.0,0.784,0.0915,0.6552,0.8329,0.0894,0.828,0.0586,0.5117,1.6669,2.013,0.6657,1.3117,0.7869,6.0,5.0,0.5714,2.5535,0.4006,14.0406,0.3889,-0.0882,0.5049,STRATA_SYN_STABLE_00422,STABLE,False,none
20.0,447.5,23.55,0.29,26.06,0.0,0.1685,0.0339,0.13,0.1704,0.0418,4.627,0.1418,4.611,17.4589,3.773,5.8929,15.5885,0.8929,12.0,11.0,0.6842,-2.2443,4.5348,-2.8798,4.5314,-0.2129,0.6651,STRATA_SYN_LOW_QUALITY_00151,LOW_QUALITY,False,none
19.0,179.66,9.98,0.28,40.58,0.0,0.8204,0.0983,0.656,0.7977,0.0587,1.723,5.2897,4.7995,16.6035,9.636,2.6409,6.8772,0.4142,11.0,2.0,0.5556,10.8377,4.5162,-416.9691,1.7094,0.6476,0.2736,STRATA_SYN_SEASONAL_ENVIRONMENTAL_00319,SEASONAL_ENVIRONMENTAL,False,none
11.0,143.95,14.4,0.24,37.06,0.0,0.8077,0.0867,0.6595,0.8146,0.0735,1.511,0.017,1.5745,5.6976,3.771,1.7917,5.6976,1.0,3.0,5.0,0.5,-4.2392,1.4829,72.6717,1.3967,-0.0772,0.501,STRATA_SYN_STABLE_00114,STABLE,False,none
11.0,91.18,9.12,0.21,42.96,0.0,0.8166,0.0965,0.6746,0.8395,0.0806,2.985,-2.8376,2.9268,8.8784,2.974,3.7123,8.4904,0.9563,5.0,3.0,0.5,8.6169,2.8471,457.0972,2.5541,-0.27,0.5067,STRATA_SYN_SEASONAL_ENVIRONMENTAL_00328,SEASONAL_ENVIRONMENTAL,False,none
16.0,337.6,22.51,0.29,26.36,0.0,0.8167,0.0858,0.6651,0.843,0.0632,1.512,1.6575,1.9234,7.1639,4.738,1.5922,3.742,0.5223,7.0,4.0,0.5333,5.1774,1.2398,6.1261,1.2202,0.3783,0.1752,STRATA_SYN_STRUCTURAL_ACCELERATING_00146,STRUCTURAL_ACCELERATING,False,none
20.0,369.24,19.43,0.23,32.36,0.0,0.7892,0.0878,0.6685,0.8469,0.0695,1.423,0.3898,1.6999,6.6411,4.667,1.9286,4.9063,0.7388,9.0,9.0,0.6316,-1.1041,1.6659,6.1778,1.6456,0.0863,0.7569,STRATA_SYN_STRUCTURAL_MONOTONIC_00273,STRUCTURAL_MONOTONIC,True,weak_structural_near_noise
6.0,79.71,15.94,0.31,36.1,0.0,0.8025,0.0798,0.6983,0.8599,0.0595,0.808,0.1336,1.2286,3.9744,4.919,1.2551,2.825,0.7108,2.0,3.0,0.6,12.6469,0.7838,14.4349,0.7831,-0.0684,0.0,STRATA_SYN_STABLE_00070,STABLE,False,none
7.0,90.79,15.13,0.23,43.79,0.0,0.8111,0.0624,0.7527,0.8276,0.0688,1.709,-0.4354,1.6002,4.5244,2.647,1.8049,4.5244,1.0,3.0,3.0,0.6667,0.9104,1.5984,182.9905,1.5031,0.0061,0.8153,STRATA_SYN_STRUCTURAL_ACCELERATING_00320,STRUCTURAL_ACCELERATING,False,none
18.0,134.1,7.89,0.32,43.87,0.0,0.8124,0.081,0.6655,0.8347,0.067,1.897,-0.488,1.7376,6.7076,3.536,2.0609,4.3366,0.6465,10.0,6.0,0.5882,-1.2394,1.732,79.3833,1.674,-0.0133,0.9569,STRATA_SYN_STABLE_00389,STABLE,False,none
15.0,237.54,16.97,0.32,43.48,0.0,0.831,0.0918,0.6552,0.8201,0.0633,0.945,0.1465,4.132,12.5907,13.323,1.3372,3.7204,0.2955,5.0,1.0,0.6429,18.9747,1.5925,26.8467,1.5184,0.8533,0.0,STRATA_SYN_SEASONAL_ENVIRONMENTAL_00016,SEASONAL_ENVIRONMENTAL,False,none
13.0,186.22,15.52,0.27,37.94,0.0,0.7958,0.074,0.6636,0.8359,0.0751,0.71,-0.3349,0.5845,2.0737,2.921,0.8515,1.6386,0.7902,9.0,6.0,0.5,-0.1779,0.5838,-5.6423,0.5804,-0.2959,0.9931,STRATA_SYN_STABLE_00124,STABLE,False,none
11.0,222.63,22.26,0.25,25.33,0.0,0.8132,0.0915,0.68,0.8471,0.0702,1.317,-1.3251,1.5535,6.2341,4.734,1.2726,4.0775,0.6541,5.0,2.0,0.5,-5.3339,1.1649,12.3858,1.1471,0.3187,0.3614,STRATA_SYN_STRUCTURAL_MONOTONIC_00107,STRUCTURAL_MONOTONIC,False,none
13.0,261.76,21.81,0.23,29.25,0.0,0.8352,0.0805,0.6716,0.8226,0.0708,1.134,0.836,1.249,4.0886,3.605,1.2296,4.0886,1.0,7.0,4.0,0.5,3.089,1.0405,18.3578,0.9579,0.112,0.3393,STRATA_SYN_STRUCTURAL_ACCELERATING_00425,STRUCTURAL_ACCELERATING,False,none
22.0,339.82,16.18,0.28,38.01,0.0,0.7946,0.0879,0.6614,0.8296,0.0745,1.654,-0.2114,2.5662,9.0684,5.483,1.9061,3.9609,0.4368,10.0,4.0,0.5238,-1.5533,2.529,-9.5991,2.5064,0.6481,0.4427,STRATA_SYN_SEASONAL_ENVIRONMENTAL_00345,SEASONAL_ENVIRONMENTAL,False,none
13.0,159.8,13.32,0.34,33.83,0.0,0.8258,0.0765,0.6614,0.8179,0.0837,0.63,0.5076,1.8665,7.366,11.692,1.9842,7.0877,0.9622,7.0,8.0,0.5833,-3.9736,1.7864,26.2821,1.7732,-0.1915,0.9928,STRATA_SYN_ATMOSPHERIC_TRANSIENT_00096,ATMOSPHERIC_TRANSIENT,False,none
7.0,74.77,12.46,0.29,31.48,0.0,0.7952,0.0764,0.6676,0.8062,0.074,1.098,0.0206,1.6078,5.2164,4.751,1.987,2.4792,0.4753,3.0,3.0,0.6667,-16.0414,1.1752,292.5863,1.0172,0.1109,0.4526,STRATA_SYN_STABLE_00362,STABLE,False,none
7.0,60.43,10.07,0.27,33.68,0.0,0.8403,0.0983,0.6523,0.8317,0.0786,2.134,-0.0948,5.5124,18.4551,8.648,7.084,13.5389,0.7336,3.0,4.0,0.5,1.717,5.5115,1666.8869,5.0537,-0.0509,0.7218,STRATA_SYN_ATMOSPHERIC_TRANSIENT_00285,ATMOSPHERIC_TRANSIENT,False,none
13.0,214.55,17.88,0.3,35.6,0.0,0.7893,0.0638,0.6651,0.8049,0.0592,2.889,4.3262,2.9176,9.7702,3.382,2.344,5.6442,0.5777,5.0,1.0,0.5,9.4255,2.3516,-65.7324,2.1394,0.3854,0.0,STRATA_SYN_STRUCTURAL_MONOTONIC_00302,STRUCTURAL_MONOTONIC,False,none
14.0,163.63,12.59,0.33,40.66,0.0,0.7996,0.0889,0.651,0.8424,0.0752,1.512,-1.0222,2.4079,9.9038,6.55,2.7109,7.7106,0.7785,9.0,5.0,0.5385,-8.8681,2.0708,3.1468,2.0707,0.0265,0.859,STRATA_SYN_ATMOSPHERIC_TRANSIENT_00455,ATMOSPHERIC_TRANSIENT,False,none
6.0,51.02,10.2,0.23,28.94,0.0,0.9065,0.0245,0.8804,0.8599,0.0829,2.006,2.352,4.2904,13.1394,6.55,6.3399,13.1394,1.0,3.0,2.0,0.6,-27.6585,4.0835,-663.0678,4.0319,-0.5114,0.988,STRATA_SYN_ATMOSPHERIC_TRANSIENT_00432,ATMOSPHERIC_TRANSIENT,True,high_coherence_atmospheric
18.0,107.22,6.31,0.3,26.46,0.0,0.7797,0.0918,0.6547,0.8397,0.0737,0.693,-1.8465,1.1125,4.2016,6.063,0.7966,2.738,0.6517,9.0,2.0,0.6471,-9.6208,0.705,-57.1135,0.6749,0.501,0.2172,STRATA_SYN_STRUCTURAL_MONOTONIC_00397,STRUCTURAL_MONOTONIC,False,none
14.0,120.78,9.29,0.33,30.25,0.0,0.7881,0.0803,0.679,0.8437,0.0696,1.696,2.1714,2.7917,9.5984,5.659,2.0315,3.889,0.4052,6.0,1.0,0.7692,-22.0005,1.6406,-218.2454,1.2893,0.4464,0.0,STRATA_SYN_SEASONAL_ENVIRONMENTAL_00054,SEASONAL_ENVIRONMENTAL,False,none
18.0,310.21,18.25,0.28,33.23,0.0,0.8313,0.0927,0.6856,0.8119,0.0618,1.461,-1.3536,1.7485,6.9609,4.764,1.9154,4.9217,0.707,11.0,7.0,0.5294,-3.8318,1.4382,8.4503,1.4158,0.1411,0.772,STRATA_SYN_STRUCTURAL_ACCELERATING_00274,STRUCTURAL_ACCELERATING,False,none
9.0,64.05,8.01,0.25,44.12,0.0,0.8316,0.0621,0.7383,0.8117,0.0667,0.788,1.3993,2.7305,8.7274,11.075,4.5257,7.3115,0.8378,7.0,6.0,0.5,-10.3769,2.6661,-597.7751,2.5313,-0.6148,0.8089,STRATA_SYN_TEMPORALLY_INCONSISTENT_00312,TEMPORALLY_INCONSISTENT,False,none
14.0,103.04,7.93,0.22,33.32,0.0,0.7853,0.0898,0.6684,0.8376,0.079,1.469,0.0052,1.8284,5.9987,4.084,2.4588,5.2324,0.8723,9.0,7.0,0.5385,-7.2693,1.7128,6.4828,1.7126,-0.3707,0.3301,STRATA_SYN_STRUCTURAL_ACCELERATING_00410,STRUCTURAL_ACCELERATING,True,accelerating_subtle_onset
15.0,82.55,5.9,0.32,36.23,0.0,0.7798,0.0713,0.6853,0.8216,0.0682,2.572,-4.7945,2.6043,10.1334,3.94,2.9158,6.146,0.6065,10.0,1.0,0.5714,11.5489,2.4762,234.2555,2.4238,-0.0208,0.0,STRATA_SYN_SEASONAL_ENVIRONMENTAL_00281,SEASONAL_ENVIRONMENTAL,False,none
6.0,43.61,8.72,0.33,37.84,0.0,0.8144,0.1108,0.6727,0.8056,0.0767,1.568,-0.4184,0.9374,2.8645,1.827,1.4659,2.8645,1.0,4.0,2.0,0.6,0.2488,0.9374,-188.7039,0.9277,-0.6757,0.6005,STRATA_SYN_STABLE_00210,STABLE,False,none
22.0,383.4,18.26,0.31,36.88,0.0,0.7946,0.0754,0.6657,0.8369,0.0666,1.534,0.0502,3.532,11.5619,7.537,2.0127,5.9966,0.5187,9.0,6.0,0.4762,-6.9744,2.7546,25.846,2.4985,0.7249,0.7716,STRATA_SYN_SEASONAL_ENVIRONMENTAL_00414,SEASONAL_ENVIRONMENTAL,False,none
16.0,111.39,7.43,0.26,30.0,0.0,0.8175,0.0646,0.7111,0.8055,0.077,1.859,0.6713,1.6568,6.3055,3.392,2.0009,4.4828,0.7109,12.0,11.0,0.5333,-5.1219,1.5851,-111.396,1.524,-0.1375,0.26,STRATA_SYN_STABLE_00183,STABLE,False,none
17.0,191.55,11.97,0.31,34.26,0.0,0.1906,0.0329,0.1165,0.1785,0.0464,3.243,1.293,4.1558,16.0521,4.95,4.9354,9.3027,0.5795,8.0,7.0,0.5,0.9678,4.1529,-55.9435,4.1032,0.1026,0.6263,STRATA_SYN_LOW_QUALITY_00052,LOW_QUALITY,False,none
11.0,103.29,10.33,0.14,31.61,0.0,0.1701,0.0273,0.1247,0.1713,0.0437,3.034,-1.1588,2.0103,7.2041,2.374,3.118,5.3471,0.7422,7.0,8.0,0.5,-5.222,1.9553,-112.9343,1.9143,-0.265,0.8569,STRATA_SYN_LOW_QUALITY_00096,LOW_QUALITY,False,none
16.0,187.24,12.48,0.29,44.44,0.0,0.8354,0.0733,0.6667,0.7882,0.0549,2.471,-0.2534,2.6849,9.7367,3.94,3.6276,9.7367,1.0,12.0,12.0,0.6,-6.2695,2.4967,29.4207,2.4755,-0.3034,0.873,STRATA_SYN_ATMOSPHERIC_TRANSIENT_00479,ATMOSPHERIC_TRANSIENT,False,none
8.0,158.7,22.67,0.23,38.54,0.0,0.1835,0.0324,0.1374,0.1836,0.0472,4.736,1.7024,4.8901,16.6051,3.506,7.3746,12.7941,0.7705,5.0,5.0,0.5714,-2.8142,4.8736,65.9976,4.8386,-0.2295,0.7403,STRATA_SYN_LOW_QUALITY_00369,LOW_QUALITY,False,none
20.0,275.39,14.49,0.23,29.53,0.0,0.1688,0.0477,0.102,0.1663,0.0433,4.679,-0.3352,3.5309,12.6887,2.712,3.9399,10.4056,0.8201,11.0,11.0,0.5263,-1.0017,3.5234,27.4313,3.4647,0.0254,0.7103,STRATA_SYN_LOW_QUALITY_00200,LOW_QUALITY,False,none
8.0,104.94,14.99,0.17,31.31,0.0,0.8226,0.1149,0.6635,0.8606,0.0617,1.362,-0.5794,1.8897,5.3009,3.892,2.6528,4.3102,0.8131,3.0,4.0,0.5714,1.2665,1.886,-280.8664,1.5434,-0.2371,0.9524,STRATA_SYN_STRUCTURAL_ACCELERATING_00055,STRUCTURAL_ACCELERATING,False,none
15.0,150.51,10.75,0.33,38.61,0.0,0.8088,0.0689,0.6709,0.852,0.0746,1.532,-0.5049,2.2818,9.546,6.231,2.1981,6.3238,0.6625,10.0,4.0,0.5,6.0576,2.1495,65.7496,2.097,0.2085,0.7133,STRATA_SYN_ATMOSPHERIC_TRANSIENT_00481,ATMOSPHERIC_TRANSIENT,False,none
10.0,214.82,23.87,0.34,32.47,0.0,0.7915,0.0583,0.7039,0.8295,0.0784,2.036,0.0079,1.2543,4.0895,2.009,2.0174,3.2083,0.7845,6.0,6.0,0.5556,-2.2601,1.1809,1.2051,1.1807,-0.2678,0.9474,STRATA_SYN_STRUCTURAL_ACCELERATING_00329,STRUCTURAL_ACCELERATING,False,none
15.0,126.46,9.03,0.35,35.25,0.0,0.7573,0.0929,0.6639,0.821,0.0571,0.798,3.0652,3.5278,12.0584,15.111,4.7392,8.3102,0.6892,13.0,8.0,0.5,17.5811,2.9818,140.1334,2.8961,0.0549,0.931,STRATA_SYN_TEMPORALLY_INCONSISTENT_00283,TEMPORALLY_INCONSISTENT,False,none
7.0,76.95,12.82,0.26,29.37,0.0,0.1379,0.0321,0.1035,0.1681,0.032,3.711,3.7009,1.6143,5.4484,1.468,2.0627,3.1975,0.5869,3.0,0.0,0.5,-1.4895,1.6108,558.2507,1.0866,-0.0693,0.0,STRATA_SYN_LOW_QUALITY_00320,LOW_QUALITY,False,none
17.0,244.46,15.28,0.27,33.41,0.0,0.7855,0.0726,0.6705,0.8347,0.0781,2.666,0.8142,2.8856,12.0438,4.518,2.9588,7.2463,0.6017,8.0,4.0,0.5,-5.0293,2.695,-89.0762,2.1214,0.2721,0.5975,STRATA_SYN_SEASONAL_ENVIRONMENTAL_00066,SEASONAL_ENVIRONMENTAL,False,none
9.0,148.25,18.53,0.17,40.94,0.0,0.1627,0.0404,0.1045,0.1656,0.0248,3.136,-0.9259,2.1462,7.244,2.31,3.218,5.7381,0.7921,7.0,4.0,0.5,4.1583,2.076,104.9786,1.9193,-0.5407,0.7767,STRATA_SYN_LOW_QUALITY_00157,LOW_QUALITY,False,none
17.0,225.54,14.1,0.31,33.6,0.0,0.8514,0.0944,0.6619,0.8347,0.0761,0.581,5.9786,3.6028,11.7334,20.195,5.463,7.836,0.6678,15.0,1.0,0.5,4.5307,3.5004,-129.2478,2.8377,-0.3215,0.0,STRATA_SYN_TEMPORALLY_INCONSISTENT_00103,TEMPORALLY_INCONSISTENT,False,none
13.0,121.74,10.15,0.3,26.06,0.0,0.7884,0.089,0.6577,0.7925,0.0649,0.943,-1.2119,0.7064,2.347,2.489,0.8397,2.1447,0.9138,8.0,0.0,0.5,-3.6027,0.5995,8.3866,0.5981,-0.2218,0.0,STRATA_SYN_STRUCTURAL_MONOTONIC_00365,STRUCTURAL_MONOTONIC,False,none
10.0,75.87,8.43,0.19,38.39,0.0,0.7701,0.0881,0.6732,0.8252,0.0823,2.588,0.44,2.0547,6.4224,2.482,3.2414,6.4224,1.0,6.0,7.0,0.5556,-2.0508,2.0502,89.2187,2.0429,-0.5643,0.5132,STRATA_SYN_STRUCTURAL_ACCELERATING_00227,STRUCTURAL_ACCELERATING,False,none
18.0,147.44,8.67,0.29,38.65,0.0,0.8123,0.0818,0.6792,0.8255,0.0761,2.214,-0.9915,2.2638,9.0405,4.083,2.8476,8.2849,0.9164,11.0,8.0,0.5294,-5.9304,2.1414,96.6159,2.0389,-0.2448,0.8214,STRATA_SYN_SEASONAL_ENVIRONMENTAL_00253,SEASONAL_ENVIRONMENTAL,False,none
12.0,242.47,22.04,0.27,30.47,0.0,0.7887,0.0835,0.6593,0.8063,0.0668,1.577,-2.9805,2.6317,9.6633,6.128,1.7723,5.9471,0.6154,6.0,1.0,0.7273,-11.1084,1.2472,-12.0515,1.2254,0.3147,0.0,STRATA_SYN_STRUCTURAL_MONOTONIC_00029,STRUCTURAL_MONOTONIC,False,none
14.0,175.91,13.53,0.3,40.52,0.0,0.8024,0.0683,0.6791,0.78,0.0685,2.353,-0.1636,3.1461,10.5344,4.477,3.7052,6.4151,0.609,11.0,7.0,0.4615,-14.246,2.3134,-10.8769,2.3109,0.049,0.5913,STRATA_SYN_SEASONAL_ENVIRONMENTAL_00472,SEASONAL_ENVIRONMENTAL,False,none
6.0,39.03,7.81,0.2,41.07,0.0,0.8001,0.0867,0.7114,0.8405,0.0675,1.38,-0.9166,2.0986,5.3143,3.851,3.04,4.4305,0.8337,3.0,4.0,0.6,-32.8919,1.7207,-905.4084,1.6414,-0.2574,0.3598,STRATA_SYN_STRUCTURAL_MONOTONIC_00212,STRUCTURAL_MONOTONIC,True,short_sequence
17.0,347.32,21.71,0.25,37.59,0.0,0.8152,0.0689,0.6626,0.8495,0.064,1.992,-0.4489,2.3518,8.9562,4.496,3.0903,6.0052,0.6705,10.0,9.0,0.5,2.302,2.2541,17.9564,2.1498,-0.1569,0.34,STRATA_SYN_STABLE_00033,STABLE,False,none
9.0,63.99,8.0,0.26,39.31,0.0,0.7501,0.0781,0.6646,0.8554,0.0617,1.995,4.1967,2.1231,7.2198,3.619,2.3254,5.5304,0.766,3.0,0.0,0.625,-21.0674,1.7525,-90.3315,1.7479,0.2058,0.0,STRATA_SYN_TEMPORALLY_INCONSISTENT_00097,TEMPORALLY_INCONSISTENT,False,none
10.0,122.94,13.66,0.25,26.04,0.0,0.8192,0.1034,0.6536,0.7989,0.0577,1.442,-0.3756,1.0206,3.0578,2.121,1.3458,3.0578,1.0,6.0,4.0,0.5556,2.9949,0.9686,-101.9681,0.8185,-0.1845,0.6569,STRATA_SYN_STRUCTURAL_ACCELERATING_00219,STRUCTURAL_ACCELERATING,False,none
13.0,232.22,19.35,0.21,36.09,0.0,0.8178,0.0889,0.673,0.8086,0.0759,2.334,0.3299,5.5768,21.1853,9.077,4.3978,7.8343,0.3698,2.0,3.0,0.5833,-5.2044,5.4804,66.86,5.355,0.5563,0.3524,STRATA_SYN_SEASONAL_ENVIRONMENTAL_00445,SEASONAL_ENVIRONMENTAL,False,none
16.0,319.04,21.27,0.24,32.68,0.0,0.8137,0.0859,0.6823,0.8557,0.0633,0.791,1.2543,1.4186,4.4292,5.599,0.8213,1.6904,0.3816,8.0,1.0,0.6667,4.7187,0.6395,-5.9047,0.6108,0.6373,0.0,STRATA_SYN_STRUCTURAL_ACCELERATING_00080,STRUCTURAL_ACCELERATING,False,none
16.0,174.67,11.64,0.25,37.2,0.0,0.8156,0.0909,0.6884,0.8214,0.0685,0.675,0.2754,0.5573,2.1676,3.211,0.6399,1.7482,0.8065,8.0,6.0,0.4667,0.7191,0.5473,20.4682,0.5109,-0.0327,0.805,STRATA_SYN_STRUCTURAL_MONOTONIC_00336,STRUCTURAL_MONOTONIC,False,none
14.0,274.14,21.09,0.32,28.15,0.0,0.1657,0.0426,0.1048,0.1886,0.0425,4.44,1.1148,2.7101,8.0966,1.824,4.0867,7.9032,0.9761,8.0,9.0,0.5385,1.1259,2.6974,5.5949,2.694,-0.3189,0.1132,STRATA_SYN_LOW_QUALITY_00338,LOW_QUALITY,False,none
6.0,42.25,8.45,0.33,44.0,0.0,0.1544,0.0264,0.123,0.1929,0.0423,4.468,1.2561,3.2915,8.5094,1.905,5.1398,8.5094,1.0,3.0,3.0,0.6,37.2559,2.9449,-934.3675,2.8782,-0.4664,0.4827,STRATA_SYN_LOW_QUALITY_00150,LOW_QUALITY,False,none
10.0,164.61,18.29,0.35,25.45,0.0,0.8071,0.0723,0.7139,0.8258,0.0864,1.341,4.1469,3.7196,11.5374,8.604,5.6384,9.2801,0.8043,8.0,1.0,0.5556,13.3607,3.1907,-3.2634,3.1905,-0.5003,0.0,STRATA_SYN_TEMPORALLY_INCONSISTENT_00291,TEMPORALLY_INCONSISTENT,False,none
8.0,50.23,7.18,0.26,41.44,0.0,0.1512,0.0409,0.1018,0.1656,0.0511,3.152,-1.0984,2.5333,7.9182,2.512,3.3928,7.9182,1.0,3.0,4.0,0.7143,-12.1104,2.4745,1316.9649,2.1834,-0.304,0.8354,STRATA_SYN_LOW_QUALITY_00221,LOW_QUALITY,False,none
17.0,166.79,10.42,0.25,29.45,0.0,0.1722,0.0433,0.1021,0.168,0.0391,4.705,0.0823,4.2342,17.0579,3.625,4.235,12.6442,0.7413,8.0,6.0,0.5,-13.4596,3.7943,28.2512,3.7864,0.264,0.974,STRATA_SYN_LOW_QUALITY_00440,LOW_QUALITY,False,none
14.0,119.12,9.16,0.28,33.67,0.0,0.8054,0.0856,0.6532,0.8438,0.08,0.752,-0.2992,1.1813,5.0848,6.762,0.9793,3.3601,0.6608,7.0,4.0,0.5385,-3.6536,1.122,101.4313,1.0231,0.2023,0.8406,STRATA_SYN_ATMOSPHERIC_TRANSIENT_00033,ATMOSPHERIC_TRANSIENT,False,none
10.0,189.32,21.04,0.25,30.84,0.0,0.8342,0.0723,0.6906,0.8439,0.0524,0.668,4.7297,3.1484,9.9809,14.941,5.2727,6.582,0.6595,8.0,1.0,0.5556,10.015,2.6781,-6.5814,2.6769,-0.5605,0.0,STRATA_SYN_TEMPORALLY_INCONSISTENT_00084,TEMPORALLY_INCONSISTENT,False,none
19.0,249.29,13.85,0.29,42.35,0.0,0.8251,0.0741,0.6522,0.8272,0.0814,1.856,2.2152,3.0279,10.7602,5.798,4.6528,7.9752,0.7412,17.0,10.0,0.5,2.4396,2.985,-12.711,2.9749,-0.4365,0.8029,STRATA_SYN_TEMPORALLY_INCONSISTENT_00083,TEMPORALLY_INCONSISTENT,False,none
22.0,209.2,9.96,0.26,30.81,0.0,0.8194,0.0885,0.6554,0.7984,0.0669,2.567,-0.7456,3.3113,13.3507,5.201,2.49,8.2929,0.6212,10.0,7.0,0.619,14.0748,2.2495,4.6617,2.2486,0.3195,0.1098,STRATA_SYN_SEASONAL_ENVIRONMENTAL_00193,SEASONAL_ENVIRONMENTAL,False,none
9.0,129.6,16.2,0.33,25.44,0.0,0.8556,0.0685,0.7349,0.8053,0.0388,0.985,-1.3626,1.3412,3.9124,3.972,1.1047,2.9569,0.7558,3.0,1.0,0.5,-7.3155,1.0483,106.3806,0.8514,0.3709,0.0,STRATA_SYN_STRUCTURAL_MONOTONIC_00390,STRUCTURAL_MONOTONIC,False,none
16.0,305.12,20.34,0.32,28.23,0.0,0.832,0.0974,0.662,0.8174,0.0637,0.792,-0.3635,0.8427,3.0863,3.897,0.9171,2.1358,0.692,7.0,5.0,0.4667,-0.4632,0.8343,-6.896,0.8096,0.2425,0.8637,STRATA_SYN_STABLE_00109,STABLE,False,none
6.0,104.62,20.92,0.32,29.34,0.0,0.802,0.0766,0.7213,0.8427,0.0797,2.498,0.9238,4.1614,11.8537,4.745,6.8878,11.79,0.9946,4.0,2.0,0.6,9.3346,4.0599,370.6917,3.7656,-0.5607,0.6801,STRATA_SYN_TEMPORALLY_INCONSISTENT_00227,TEMPORALLY_INCONSISTENT,False,none
9.0,112.89,14.11,0.35,29.72,0.0,0.7909,0.1056,0.65,0.8138,0.0757,1.989,1.6773,2.3961,8.1909,4.118,2.8095,6.7038,0.8184,6.0,4.0,0.625,14.4996,1.9055,-33.3446,1.9,0.1389,0.8713,STRATA_SYN_STRUCTURAL_MONOTONIC_00193,STRUCTURAL_MONOTONIC,False,none
20.0,271.42,14.29,0.28,42.4,0.0,0.8286,0.0892,0.6636,0.802,0.0724,2.818,0.2159,5.1503,18.2448,6.474,3.3198,8.5478,0.4685,12.0,4.0,0.4737,-18.0706,3.1562,-35.4703,3.0527,0.5956,0.4118,STRATA_SYN_SEASONAL_ENVIRONMENTAL_00071,SEASONAL_ENVIRONMENTAL,False,none
19.0,331.25,18.4,0.2,32.09,0.0,0.7865,0.0751,0.6547,0.8186,0.0653,0.539,-0.1465,3.863,12.0519,22.36,1.4742,2.9546,0.2452,6.0,2.0,0.5,-8.4236,3.0838,-56.7586,2.4084,0.8739,0.3036,STRATA_SYN_SEASONAL_ENVIRONMENTAL_00332,SEASONAL_ENVIRONMENTAL,False,none
14.0,266.84,20.53,0.29,40.63,0.0,0.8106,0.0842,0.6731,0.8005,0.0786,1.507,-3.9909,3.9504,13.8541,9.193,4.9764,8.9588,0.6467,12.0,3.0,0.5385,-11.5513,2.9529,20.2208,2.9167,0.0056,0.4309,STRATA_SYN_TEMPORALLY_INCONSISTENT_00150,TEMPORALLY_INCONSISTENT,False,none
8.0,107.42,15.35,0.25,25.53,0.0,0.7694,0.0781,0.6821,0.8422,0.0665,2.57,-0.1623,3.6372,14.0071,5.45,3.5296,9.1728,0.6549,3.0,2.0,0.5714,-10.1229,3.5042,-692.1179,2.1018,-0.0169,0.4381,STRATA_SYN_ATMOSPHERIC_TRANSIENT_00376,ATMOSPHERIC_TRANSIENT,False,none
7.0,50.29,8.38,0.24,30.27,0.0,0.1908,0.0297,0.1572,0.1533,0.0325,3.515,0.4143,5.3525,15.6633,4.456,7.0953,15.6633,1.0,4.0,3.0,0.5,1.1338,5.3523,2712.3871,4.7436,-0.2696,0.4112,STRATA_SYN_LOW_QUALITY_00445,LOW_QUALITY,False,none
17.0,304.33,19.02,0.25,25.19,0.0,0.1614,0.0455,0.1019,0.1679,0.0432,3.423,-0.0827,3.3021,14.2909,4.175,3.5165,8.7765,0.6141,9.0,8.0,0.5,6.0959,2.9121,-50.5219,2.5168,0.1253,0.714,STRATA_SYN_LOW_QUALITY_00448,LOW_QUALITY,False,none
10.0,133.93,14.88,0.27,42.89,0.0,0.8226,0.089,0.6726,0.8346,0.0541,1.524,1.7081,4.3514,16.2506,10.663,4.7773,15.205,0.9357,6.0,5.0,0.5556,9.1301,4.2175,-95.6864,4.1779,-0.2246,0.83,STRATA_SYN_ATMOSPHERIC_TRANSIENT_00237,ATMOSPHERIC_TRANSIENT,False,none
18.0,124.39,7.32,0.26,38.75,0.0,0.8223,0.0893,0.6569,0.8262,0.0728,2.304,-0.2389,2.5295,8.9895,3.902,2.8892,8.7893,0.9777,8.0,8.0,0.5294,-3.6728,2.5005,-126.9056,2.424,-0.1111,0.6414,STRATA_SYN_STRUCTURAL_MONOTONIC_00471,STRUCTURAL_MONOTONIC,True,noise_reversal_edge
18.0,303.66,17.86,0.27,27.54,0.0,0.7936,0.0672,0.6813,0.8488,0.0534,0.664,-5.4676,4.0271,15.2761,23.006,5.5498,8.2177,0.5379,16.0,2.0,0.5294,-6.3154,3.6951,82.5006,2.8425,-0.027,0.2925,STRATA_SYN_TEMPORALLY_INCONSISTENT_00246,TEMPORALLY_INCONSISTENT,False,none
7.0,87.33,14.56,0.31,27.12,0.0,0.8119,0.1103,0.6661,0.837,0.0627,2.664,-0.3068,2.3221,7.8299,2.939,2.9964,7.8299,1.0,3.0,3.0,0.6667,-1.0689,2.3205,-74.9958,2.3113,-0.2279,0.7815,STRATA_SYN_STRUCTURAL_MONOTONIC_00173,STRUCTURAL_MONOTONIC,False,none
12.0,187.51,17.05,0.27,29.73,0.0,0.8415,0.0889,0.6526,0.847,0.0466,0.517,0.5584,3.0116,9.5316,18.436,5.6346,7.577,0.7949,10.0,11.0,0.5455,0.1752,3.0115,35.9533,2.983,-0.7235,0.5742,STRATA_SYN_TEMPORALLY_INCONSISTENT_00161,TEMPORALLY_INCONSISTENT,False,none
7.0,114.25,19.04,0.13,36.59,0.0,0.1619,0.0469,0.1001,0.1512,0.027,3.135,-0.6473,2.0465,6.2804,2.003,2.5442,6.226,0.9913,5.0,4.0,0.5,2.8798,2.0243,184.4193,1.8291,-0.1546,0.8825,STRATA_SYN_LOW_QUALITY_00054,LOW_QUALITY,False,none
11.0,120.17,12.02,0.2,41.45,0.0,0.7849,0.0613,0.7156,0.8238,0.0779,3.0,0.6952,1.8938,6.6159,2.205,2.2198,5.3417,0.8074,7.0,5.0,0.5,2.5202,1.8755,-189.2915,1.6426,-0.2438,0.3741,STRATA_SYN_STABLE_00451,STABLE,True,elevated_noise_stable
23.0,497.58,22.62,0.25,36.81,0.0,0.8158,0.0896,0.6763,0.8167,0.0678,1.386,0.0346,5.6997,18.9479,13.671,4.0375,7.7866,0.4109,6.0,5.0,0.5455,-3.0223,5.5626,-0.7766,5.5623,0.6673,0.3919,STRATA_SYN_SEASONAL_ENVIRONMENTAL_00260,SEASONAL_ENVIRONMENTAL,False,none
11.0,228.26,22.83,0.21,27.3,0.0,0.774,0.0698,0.6546,0.7897,0.0521,1.982,-0.4427,1.9265,7.1446,3.605,1.9524,4.4609,0.6244,4.0,5.0,0.6,-3.992,1.7575,20.4979,1.7216,0.0416,0.0,STRATA_SYN_STRUCTURAL_MONOTONIC_00258,STRUCTURAL_MONOTONIC,False,none
13.0,115.61,9.63,0.3,28.22,0.0,0.7867,0.0761,0.6617,0.8055,0.0708,3.0,-0.5559,3.74,14.6248,4.875,4.9126,11.9006,0.8137,9.0,6.0,0.5,7.1292,3.6734,-126.2314,3.6327,-0.2115,0.9289,STRATA_SYN_STABLE_00073,STABLE,True,elevated_noise_stable
17.0,348.94,21.81,0.26,31.9,0.0,0.8222,0.0964,0.6557,0.817,0.0722,0.692,-0.799,2.5964,8.8376,12.771,1.3774,2.2514,0.2548,5.0,2.0,0.5,-0.2198,2.5956,-52.0004,1.6796,0.8297,0.3042,STRATA_SYN_SEASONAL_ENVIRONMENTAL_00023,SEASONAL_ENVIRONMENTAL,False,none
6.0,59.77,11.95,0.15,35.68,0.0,0.8298,0.0898,0.6691,0.8123,0.0592,2.131,0.0517,1.1439,3.153,1.48,1.2029,2.1691,0.6879,3.0,2.0,0.6,11.8472,0.9329,510.0604,0.6377,0.1657,0.688,STRATA_SYN_STRUCTURAL_ACCELERATING_00125,STRUCTURAL_ACCELERATING,False,none
7.0,78.29,13.05,0.22,42.13,0.0,0.8361,0.0936,0.6888,0.8382,0.0766,1.214,-1.4102,1.2825,3.5483,2.923,1.3669,2.6034,0.7337,3.0,1.0,0.5,-10.8416,1.0212,354.3253,0.6552,0.1761,0.0,STRATA_SYN_STRUCTURAL_MONOTONIC_00046,STRUCTURAL_MONOTONIC,False,none
18.0,356.92,21.0,0.29,39.87,0.0,0.8131,0.1074,0.6537,0.8301,0.0717,0.997,-4.5151,2.786,8.6328,8.659,0.7657,1.8609,0.2156,11.0,0.0,0.5294,-9.1257,0.5896,-4.5597,0.5613,0.8191,0.0,STRATA_SYN_STRUCTURAL_MONOTONIC_00472,STRUCTURAL_MONOTONIC,False,none
19.0,345.53,19.2,0.24,40.83,0.0,0.1594,0.0327,0.11,0.1774,0.0359,3.326,-0.3214,3.1878,11.336,3.408,4.262,11.2431,0.9918,12.0,11.0,0.5556,-2.7456,3.0884,-16.4744,3.0281,-0.282,0.4286,STRATA_SYN_LOW_QUALITY_00412,LOW_QUALITY,False,none
17.0,368.8,23.05,0.31,34.05,0.0,0.937,0.0239,0.8851,0.8563,0.0573,2.547,-0.6692,2.4402,9.9724,3.915,2.7406,8.5799,0.8604,8.0,6.0,0.5,-1.5834,2.3907,27.9723,2.0735,-0.0117,0.871,STRATA_SYN_ATMOSPHERIC_TRANSIENT_00305,ATMOSPHERIC_TRANSIENT,True,high_coherence_atmospheric
7.0,111.45,18.58,0.29,42.86,0.0,0.7994,0.0694,0.7029,0.8336,0.0694,2.574,2.9154,3.4389,12.4365,4.832,4.5928,8.3233,0.6693,3.0,2.0,0.6667,-11.4676,3.2342,98.0619,3.2043,-0.0109,0.7872,STRATA_SYN_TEMPORALLY_INCONSISTENT_00395,TEMPORALLY_INCONSISTENT,False,none
9.0,182.2,22.78,0.26,28.14,0.0,0.7875,0.0808,0.6584,0.8317,0.0484,2.386,0.6919,3.7122,12.5721,5.269,3.3147,6.7187,0.5344,5.0,3.0,0.5,16.7722,2.5546,77.6849,2.3966,0.4152,0.4682,STRATA_SYN_STRUCTURAL_ACCELERATING_00116,STRUCTURAL_ACCELERATING,False,none
9.0,177.07,22.13,0.25,25.61,0.0,0.1755,0.0452,0.1068,0.1823,0.0293,2.939,0.5266,2.6999,9.4001,3.198,2.6522,4.6911,0.499,2.0,3.0,0.625,3.6727,2.6381,53.4624,2.5747,0.4113,0.7428,STRATA_SYN_LOW_QUALITY_00180,LOW_QUALITY,False,none
12.0,163.3,14.85,0.29,34.16,0.0,0.1734,0.0302,0.1232,0.1977,0.034,3.476,-0.3861,3.9743,12.8238,3.689,5.3701,11.6575,0.9091,7.0,7.0,0.5455,-9.0193,3.7671,-30.3315,3.7578,-0.0628,0.622,STRATA_SYN_LOW_QUALITY_00059,LOW_QUALITY,False,none
20.0,398.23,20.96,0.21,29.16,0.0,0.1768,0.037,0.1028,0.1726,0.0406,2.923,0.1829,2.7195,10.4234,3.566,3.1955,9.1653,0.8793,12.0,8.0,0.5263,-0.0839,2.7194,8.0653,2.6908,0.031,0.9948,STRATA_SYN_LOW_QUALITY_00174,LOW_QUALITY,False,none
14.0,250.33,19.26,0.31,35.94,0.0,0.8363,0.0964,0.6616,0.806,0.0646,1.25,-3.4499,2.7351,9.537,7.63,1.166,3.1166,0.3268,6.0,2.0,0.5385,-11.9782,0.9979,6.5134,0.9893,0.7667,0.1528,STRATA_SYN_STRUCTURAL_MONOTONIC_00025,STRUCTURAL_MONOTONIC,False,none
16.0,241.55,16.1,0.24,34.02,0.0,0.7801,0.0819,0.6566,0.8111,0.0893,2.774,-1.6342,1.9711,7.2696,2.621,2.3725,7.2696,1.0,9.0,5.0,0.6,-3.1038,1.8673,14.1903,1.8489,-0.1289,0.8302,STRATA_SYN_STRUCTURAL_ACCELERATING_00103,STRUCTURAL_ACCELERATING,True,accelerating_moderate_noise
11.0,63.61,6.36,0.14,41.76,0.0,0.8195,0.1003,0.6522,0.8412,0.0802,1.914,-0.8128,2.3629,8.9273,4.664,2.6748,8.9273,1.0,6.0,3.0,0.7,10.0351,2.2973,436.5325,2.2211,-0.1653,0.5071,STRATA_SYN_ATMOSPHERIC_TRANSIENT_00473,ATMOSPHERIC_TRANSIENT,False,none
16.0,166.51,11.1,0.26,38.44,0.0,0.8117,0.0739,0.6729,0.8499,0.0647,0.865,-1.0551,1.028,3.9557,4.573,1.0135,2.703,0.6833,11.0,3.0,0.5333,-4.8397,0.7733,0.257,0.7733,0.2097,0.2191,STRATA_SYN_STRUCTURAL_ACCELERATING_00473,STRUCTURAL_ACCELERATING,False,none
16.0,307.57,20.5,0.24,43.13,0.0,0.8285,0.0674,0.7256,0.8399,0.077,1.554,1.5193,2.2941,7.8236,5.034,1.6639,3.3905,0.4334,9.0,3.0,0.5333,7.1889,1.3399,-7.3245,1.3221,0.5431,0.0948,STRATA_SYN_STRUCTURAL_ACCELERATING_00040,STRUCTURAL_ACCELERATING,False,none
18.0,201.61,11.86,0.22,25.05,0.0,0.178,0.0422,0.1023,0.1793,0.0334,2.711,0.1522,1.8281,8.1898,3.021,1.9538,4.7262,0.5771,13.0,8.0,0.5882,-3.5707,1.7262,-89.9153,1.2984,0.2278,0.8051,STRATA_SYN_LOW_QUALITY_00454,LOW_QUALITY,False,none
6.0,113.57,22.71,0.3,38.97,0.0,0.8183,0.0885,0.6581,0.8522,0.0796,1.174,1.2314,1.2607,3.3185,2.827,0.7513,2.0275,0.611,2.0,1.0,0.6,10.7725,0.5245,-66.8424,0.414,0.4797,0.0,STRATA_SYN_STABLE_00431,STABLE,False,none
6.0,30.34,6.07,0.2,31.51,0.0,0.7866,0.0796,0.6578,0.8518,0.0484,1.947,0.3704,1.6049,4.7673,2.449,1.7975,2.8025,0.5879,3.0,3.0,0.6,-41.2902,1.0915,-1642.5112,0.9345,0.2076,0.4422,STRATA_SYN_STRUCTURAL_MONOTONIC_00080,STRUCTURAL_MONOTONIC,True,short_sequence
7.0,96.21,16.04,0.28,35.48,0.0,0.1834,0.0308,0.1251,0.1811,0.0507,3.875,-2.9406,3.5398,11.6417,3.004,3.972,4.9281,0.4233,2.0,1.0,0.6667,-18.0619,3.1638,628.028,2.3685,0.1952,0.0,STRATA_SYN_LOW_QUALITY_00185,LOW_QUALITY,False,none
10.0,129.13,14.35,0.3,40.81,0.0,0.8553,0.067,0.7009,0.7843,0.0559,2.801,5.6727,3.6895,12.1773,4.347,4.6294,8.0348,0.6598,8.0,1.0,0.5556,10.8892,3.4793,-385.1686,2.733,-0.0944,0.0,STRATA_SYN_TEMPORALLY_INCONSISTENT_00394,TEMPORALLY_INCONSISTENT,False,none
19.0,162.73,9.04,0.31,26.0,0.0,0.7923,0.0763,0.6829,0.8174,0.0896,1.229,-1.2939,1.1774,4.7012,3.825,1.1501,2.3393,0.4976,11.0,3.0,0.5,-5.2413,0.9385,31.1722,0.9031,0.2947,0.1756,STRATA_SYN_STRUCTURAL_ACCELERATING_00248,STRUCTURAL_ACCELERATING,False,none
12.0,155.43,14.13,0.2,29.62,0.0,0.8392,0.0887,0.6514,0.8497,0.0723,1.63,2.0708,1.5172,5.7484,3.527,1.9933,3.8818,0.6753,7.0,2.0,0.6364,6.5547,1.2399,-33.0306,1.2122,-0.1039,0.2936,STRATA_SYN_STRUCTURAL_MONOTONIC_00054,STRUCTURAL_MONOTONIC,False,none
17.0,382.62,23.91,0.34,33.82,0.0,0.8298,0.0583,0.7322,0.8,0.0564,2.038,2.388,3.4115,12.4366,6.102,5.0555,9.9997,0.8041,13.0,7.0,0.5625,-0.538,3.4071,17.5682,3.3107,-0.3177,0.7181,STRATA_SYN_TEMPORALLY_INCONSISTENT_00411,TEMPORALLY_INCONSISTENT,False,none
20.0,291.43,15.34,0.35,26.97,0.0,0.8118,0.0744,0.667,0.8245,0.0601,2.955,-0.6047,2.9407,11.2331,3.801,2.9957,10.2043,0.9084,12.0,7.0,0.5789,-3.1409,2.8406,-14.1198,2.8165,-0.0308,0.5359,STRATA_SYN_STABLE_00402,STABLE,False,none
22.0,425.14,20.24,0.29,29.91,0.0,0.813,0.083,0.6578,0.8238,0.0656,2.821,-0.1064,4.1209,14.9908,5.314,3.0706,8.9777,0.5989,7.0,6.0,0.5238,-2.3678,4.0356,-27.2768,3.7443,0.555,0.7559,STRATA_SYN_SEASONAL_ENVIRONMENTAL_00144,SEASONAL_ENVIRONMENTAL,False,none
12.0,84.85,7.71,0.28,37.32,0.0,0.8127,0.09,0.6564,0.8186,0.0573,0.789,-5.669,0.8442,2.4953,3.163,0.7475,1.6157,0.6475,3.0,0.0,0.5455,-3.3212,0.8087,244.7673,0.5695,0.2888,0.0,STRATA_SYN_SEASONAL_ENVIRONMENTAL_00357,SEASONAL_ENVIRONMENTAL,False,none
10.0,70.91,7.88,0.27,32.27,0.0,0.7568,0.0683,0.6623,0.8331,0.074,2.857,-1.1845,2.4095,7.7382,2.709,2.8584,7.4405,0.9615,7.0,2.0,0.5556,15.7374,2.2042,-86.3612,2.1994,-0.092,0.5124,STRATA_SYN_STABLE_00158,STABLE,False,none
17.0,280.3,17.52,0.24,33.48,0.0,0.8374,0.0743,0.6793,0.8285,0.0696,1.441,0.115,1.5491,5.6918,3.95,1.5989,3.8389,0.6745,8.0,6.0,0.5,1.4288,1.512,24.9908,1.3814,0.2228,0.7233,STRATA_SYN_STABLE_00061,STABLE,False,none
14.0,194.94,15.0,0.3,26.29,0.0,0.8314,0.0832,0.6596,0.84,0.0675,0.58,1.8532,2.9759,8.2655,14.251,5.5588,8.2655,1.0,12.0,10.0,0.5385,1.4779,2.9658,61.7969,2.8692,-0.793,0.4466,STRATA_SYN_TEMPORALLY_INCONSISTENT_00212,TEMPORALLY_INCONSISTENT,False,none
6.0,36.63,7.33,0.36,30.23,0.0,0.8546,0.0773,0.7262,0.8263,0.0694,2.816,2.0855,5.7734,16.0557,5.702,7.4504,13.682,0.8522,2.0,3.0,0.8,94.5901,4.7551,-2701.9946,4.5611,-0.2081,0.3768,STRATA_SYN_TEMPORALLY_INCONSISTENT_00108,TEMPORALLY_INCONSISTENT,False,none
7.0,138.65,23.11,0.19,29.56,0.0,0.7818,0.1114,0.6516,0.8133,0.0558,2.001,-0.2496,1.5546,4.6182,2.308,2.0307,4.3522,0.9424,5.0,3.0,0.5,6.2913,1.3349,-38.6043,1.3077,-0.2831,0.4855,STRATA_SYN_ATMOSPHERIC_TRANSIENT_00016,ATMOSPHERIC_TRANSIENT,False,none
21.0,169.23,8.46,0.26,41.21,0.0,0.7767,0.0727,0.6606,0.816,0.0666,0.779,1.6086,2.338,8.1923,10.516,1.0168,2.7429,0.3348,9.0,2.0,0.6,-11.1069,1.7427,-173.0718,0.8539,0.7468,0.1708,STRATA_SYN_SEASONAL_ENVIRONMENTAL_00417,SEASONAL_ENVIRONMENTAL,False,none
15.0,187.13,13.37,0.25,30.4,0.0,0.7983,0.0717,0.6606,0.8254,0.0635,1.145,0.391,3.1067,9.1543,7.995,1.0209,2.0352,0.2223,4.0,1.0,0.6429,18.4324,1.0828,-65.5158,0.8027,0.8178,0.0,STRATA_SYN_SEASONAL_ENVIRONMENTAL_00239,SEASONAL_ENVIRONMENTAL,False,none
20.0,328.71,17.3,0.3,37.49,0.0,0.1738,0.0384,0.1047,0.1698,0.0382,3.815,-0.0453,2.3994,9.3167,2.442,2.8243,7.8529,0.8429,12.0,9.0,0.5263,2.2494,2.3193,6.5736,2.309,-0.0885,0.4441,STRATA_SYN_LOW_QUALITY_00192,LOW_QUALITY,False,none
7.0,84.94,14.16,0.3,41.65,0.0,0.1855,0.0333,0.1384,0.1645,0.0403,2.912,0.9034,2.0592,6.3916,2.195,2.6656,5.4402,0.8511,2.0,3.0,0.8333,-12.8766,1.7995,171.1977,1.7436,-0.2017,0.2,STRATA_SYN_LOW_QUALITY_00379,LOW_QUALITY,False,none
13.0,283.92,23.66,0.27,26.35,0.0,0.773,0.0901,0.658,0.8512,0.0707,0.951,-0.0918,3.1502,11.1749,11.751,4.9202,9.1569,0.8194,11.0,9.0,0.5,-5.3686,2.8688,-30.9035,2.7537,-0.4039,0.5726,STRATA_SYN_TEMPORALLY_INCONSISTENT_00498,TEMPORALLY_INCONSISTENT,False,none
6.0,109.04,21.81,0.16,28.86,0.0,0.7581,0.0485,0.6879,0.852,0.087,2.166,-2.1824,2.9341,7.9199,3.656,2.3495,7.2344,0.9134,3.0,1.0,0.6,-22.6627,1.8101,92.18,1.763,0.2806,0.0,STRATA_SYN_STRUCTURAL_ACCELERATING_00386,STRUCTURAL_ACCELERATING,True,short_sequence
13.0,144.63,12.05,0.29,36.08,0.0,0.8185,0.0672,0.6886,0.8342,0.0706,1.147,0.7789,1.1324,4.4305,3.863,1.3527,2.6433,0.5966,6.0,4.0,0.5833,1.7993,1.1105,1.5569,1.1105,0.0256,0.7198,STRATA_SYN_STRUCTURAL_ACCELERATING_00395,STRUCTURAL_ACCELERATING,False,none
12.0,144.54,13.14,0.29,40.05,0.0,0.3562,0.0435,0.2901,0.4045,0.0516,2.231,-2.0764,3.1013,8.7286,3.912,3.253,7.7871,0.8921,6.0,3.0,0.5455,-13.874,2.5797,147.7335,2.374,0.1755,0.3883,STRATA_SYN_STRUCTURAL_MONOTONIC_00352,STRUCTURAL_MONOTONIC,True,low_coherence_structural
15.0,94.36,6.74,0.2,29.17,0.0,0.1643,0.0395,0.1004,0.1811,0.05,2.913,-0.199,2.3334,9.1982,3.158,3.0484,6.6997,0.7284,10.0,9.0,0.5714,-2.0129,2.3278,21.5301,2.327,-0.1822,0.6707,STRATA_SYN_LOW_QUALITY_00287,LOW_QUALITY,False,none
15.0,88.01,6.29,0.26,29.78,0.0,0.363,0.0464,0.2897,0.3857,0.0578,2.781,-1.9294,2.9099,9.994,3.594,3.947,5.8163,0.582,10.0,6.0,0.5714,-2.2097,2.9053,-286.1629,2.8194,-0.011,0.8137,STRATA_SYN_STRUCTURAL_MONOTONIC_00487,STRUCTURAL_MONOTONIC,True,low_coherence_structural
7.0,133.11,22.19,0.22,43.65,0.0,0.8046,0.0916,0.6681,0.8014,0.0809,2.488,-0.2418,1.3574,3.4268,1.377,2.2665,3.2823,0.9578,4.0,5.0,0.6667,-3.6098,1.2846,-50.6984,1.2431,-0.5472,0.3011,STRATA_SYN_STABLE_00352,STABLE,False,none
12.0,132.08,12.01,0.23,26.42,0.0,0.811,0.0917,0.6502,0.8065,0.0794,1.592,1.8661,3.5943,12.2188,7.675,1.4325,3.5603,0.2914,5.0,1.0,0.6364,29.7636,1.1905,-138.5798,0.8909,0.6844,0.0,STRATA_SYN_SEASONAL_ENVIRONMENTAL_00325,SEASONAL_ENVIRONMENTAL,False,none
7.0,129.39,21.56,0.23,32.57,0.0,0.8693,0.0521,0.7812,0.8598,0.0452,2.089,1.0153,1.0762,3.3944,1.625,1.3609,3.3944,1.0,4.0,0.0,0.6667,1.5361,1.0608,-26.2659,1.0489,-0.1954,0.0,STRATA_SYN_STABLE_00428,STABLE,False,none
13.0,136.0,11.33,0.22,43.82,0.0,0.802,0.0666,0.6635,0.7937,0.0701,2.467,0.2005,1.9687,6.6404,2.692,2.9008,4.9397,0.7439,8.0,9.0,0.5833,4.0551,1.9118,-100.4593,1.8153,-0.2927,0.2178,STRATA_SYN_STRUCTURAL_MONOTONIC_00017,STRUCTURAL_MONOTONIC,False,none
13.0,130.73,10.89,0.27,41.55,0.0,0.828,0.0813,0.6759,0.824,0.0669,0.516,-0.0756,0.3401,1.0078,1.953,0.3586,0.9022,0.8952,7.0,5.0,0.5,0.1339,0.3398,-2.8622,0.3394,0.1233,0.2708,STRATA_SYN_STABLE_00328,STABLE,False,none
10.0,181.11,20.12,0.32,42.45,0.0,0.7882,0.0678,0.6545,0.8411,0.0654,2.522,-0.6586,2.014,7.3235,2.904,2.0558,6.0669,0.8284,5.0,2.0,0.6667,2.0762,1.9869,114.485,1.5338,-0.013,0.4061,STRATA_SYN_STRUCTURAL_ACCELERATING_00131,STRUCTURAL_ACCELERATING,False,none
6.0,105.31,21.06,0.23,27.03,0.0,0.7662,0.0956,0.6561,0.7984,0.0627,3.003,-0.0701,2.5273,6.9724,2.322,1.7015,3.4597,0.4962,2.0,1.0,0.8,-21.979,1.313,-274.1374,0.6521,0.4625,0.0,STRATA_SYN_STRUCTURAL_ACCELERATING_00105,STRUCTURAL_ACCELERATING,True,accelerating_moderate_noise
12.0,248.46,22.59,0.22,29.34,0.0,0.7937,0.0891,0.6606,0.8162,0.0821,1.948,-0.8546,1.6944,6.0786,3.12,2.1239,4.239,0.6974,8.0,4.0,0.5455,-3.4826,1.5228,0.5084,1.5228,0.0926,0.7128,STRATA_SYN_STRUCTURAL_ACCELERATING_00475,STRUCTURAL_ACCELERATING,False,none
14.0,244.8,18.83,0.18,42.9,0.0,0.7953,0.0698,0.6516,0.8282,0.0581,2.358,-0.8526,1.3606,4.4082,1.869,1.7734,4.4082,1.0,7.0,6.0,0.5385,-2.7896,1.231,1.8137,1.2305,-0.2763,0.5322,STRATA_SYN_STRUCTURAL_ACCELERATING_00176,STRUCTURAL_ACCELERATING,False,none
10.0,97.29,10.81,0.34,33.01,0.0,0.1714,0.0407,0.1038,0.1639,0.0364,4.064,0.1094,6.9609,23.8339,5.865,8.4966,22.6383,0.9498,6.0,5.0,0.6667,-13.9918,6.8577,-70.303,6.8541,-0.1128,0.5785,STRATA_SYN_LOW_QUALITY_00463,LOW_QUALITY,False,none
14.0,284.42,21.88,0.35,38.37,0.0,0.1686,0.0448,0.1067,0.1546,0.0402,3.041,-1.1339,2.1735,8.7889,2.89,3.0422,8.7889,1.0,10.0,5.0,0.5385,1.4272,2.1461,3.5823,2.1441,-0.3896,0.6387,STRATA_SYN_LOW_QUALITY_00498,LOW_QUALITY,False,none
14.0,161.63,12.43,0.28,26.14,0.0,0.8077,0.066,0.6565,0.8407,0.0836,1.068,-0.3379,1.327,4.3456,4.069,1.4348,3.3005,0.7595,7.0,5.0,0.5385,-4.6672,1.1608,19.5429,1.1492,0.1734,0.611,STRATA_SYN_STRUCTURAL_ACCELERATING_00038,STRUCTURAL_ACCELERATING,True,accelerating_subtle_onset
10.0,157.31,17.48,0.25,28.65,0.0,0.7651,0.0887,0.661,0.7878,0.0532,2.211,1.5053,1.7865,5.6381,2.55,2.0026,3.3546,0.595,5.0,3.0,0.5556,-6.0276,1.5815,-94.5804,1.3728,0.1829,0.5722,STRATA_SYN_STRUCTURAL_ACCELERATING_00308,STRUCTURAL_ACCELERATING,True,accelerating_subtle_onset
7.0,109.79,18.3,0.29,43.43,0.0,0.8303,0.0945,0.6817,0.8449,0.0493,0.728,-1.5678,4.1194,12.1841,16.736,4.3411,12.1841,1.0,4.0,5.0,0.5,9.7438,4.002,335.8355,3.7269,-0.229,0.9251,STRATA_SYN_ATMOSPHERIC_TRANSIENT_00353,ATMOSPHERIC_TRANSIENT,False,none
20.0,404.81,21.31,0.28,30.82,0.0,0.797,0.0715,0.6691,0.7965,0.0495,2.478,-6.1394,4.3866,16.9591,6.844,3.4396,6.9851,0.4119,14.0,4.0,0.5263,-10.64,2.5365,-20.3806,2.319,0.5917,0.3761,STRATA_SYN_STRUCTURAL_MONOTONIC_00366,STRUCTURAL_MONOTONIC,False,none
16.0,151.15,10.08,0.3,34.25,0.0,0.7824,0.0831,0.6602,0.8072,0.084,2.13,3.0783,3.6341,13.4458,6.313,5.8143,12.4492,0.9259,14.0,7.0,0.5333,6.0796,3.5503,-175.4278,3.3189,-0.5787,0.3067,STRATA_SYN_TEMPORALLY_INCONSISTENT_00440,TEMPORALLY_INCONSISTENT,False,none
13.0,100.47,8.37,0.26,40.66,0.0,0.9277,0.0229,0.8845,0.827,0.0702,2.084,-0.7669,3.0848,10.4408,5.01,4.5193,8.1391,0.7795,10.0,8.0,0.5,-14.4472,2.822,-111.5726,2.7984,-0.2892,0.9398,STRATA_SYN_ATMOSPHERIC_TRANSIENT_00178,ATMOSPHERIC_TRANSIENT,True,high_coherence_atmospheric
9.0,104.87,13.11,0.33,31.8,0.0,0.8121,0.0805,0.6917,0.8355,0.0697,1.139,0.8228,0.6956,2.3176,2.035,1.2158,1.8938,0.8171,6.0,2.0,0.5,0.3075,0.6951,-5.9637,0.6947,-0.7218,0.5608,STRATA_SYN_STRUCTURAL_ACCELERATING_00161,STRUCTURAL_ACCELERATING,False,none
6.0,31.85,6.37,0.16,28.55,0.0,0.9417,0.0306,0.8837,0.823,0.0713,2.595,2.1408,5.8821,17.2538,6.649,7.8329,16.7766,0.9723,3.0,4.0,0.6,-18.6537,5.8555,-6337.0258,5.3433,-0.238,0.9415,STRATA_SYN_ATMOSPHERIC_TRANSIENT_00290,ATMOSPHERIC_TRANSIENT,True,high_coherence_atmospheric
17.0,327.3,20.46,0.32,27.32,0.0,0.7782,0.0856,0.6603,0.817,0.0665,1.93,-0.3738,3.0335,13.7855,7.143,3.3819,8.938,0.6484,9.0,10.0,0.5625,1.5389,3.0039,-22.2948,2.9095,0.0204,0.9134,STRATA_SYN_ATMOSPHERIC_TRANSIENT_00348,ATMOSPHERIC_TRANSIENT,False,none
10.0,139.82,15.54,0.34,28.06,0.0,0.8097,0.0791,0.6927,0.8318,0.0737,2.537,1.5808,2.4638,6.7573,2.664,4.0699,6.7573,1.0,7.0,6.0,0.5556,5.6097,2.3675,-21.1626,2.3634,-0.6183,0.3213,STRATA_SYN_STRUCTURAL_ACCELERATING_00297,STRUCTURAL_ACCELERATING,True,accelerating_moderate_noise
16.0,235.09,15.67,0.24,38.89,0.0,0.1541,0.0386,0.1008,0.1677,0.0371,3.525,0.9363,2.3689,9.2409,2.622,2.1765,9.0128,0.9753,6.0,4.0,0.4667,-1.7601,2.3433,-16.0491,2.3266,0.1365,0.7136,STRATA_SYN_LOW_QUALITY_00017,LOW_QUALITY,False,none
15.0,199.97,14.28,0.26,31.12,0.0,0.1659,0.0384,0.1076,0.1806,0.0438,4.797,1.5112,5.8013,18.2163,3.797,6.3011,14.4994,0.796,7.0,5.0,0.5714,-16.8611,5.0555,33.0042,5.0382,0.0667,0.3197,STRATA_SYN_LOW_QUALITY_00495,LOW_QUALITY,False,none
18.0,105.45,6.2,0.28,28.03,0.0,0.8392,0.0928,0.6656,0.8274,0.0829,2.614,-0.3497,4.2793,19.6692,7.525,4.2014,17.4694,0.8882,9.0,11.0,0.5294,18.3195,3.9617,-232.9518,3.8794,-0.1113,0.9198,STRATA_SYN_ATMOSPHERIC_TRANSIENT_00370,ATMOSPHERIC_TRANSIENT,False,none
8.0,94.19,13.46,0.25,38.24,0.0,0.829,0.0639,0.7422,0.8326,0.0509,2.873,-0.5825,5.4614,15.4482,5.377,7.8382,13.897,0.8996,4.0,4.0,0.5714,-21.9026,5.1405,467.6643,4.9302,-0.2269,0.9249,STRATA_SYN_ATMOSPHERIC_TRANSIENT_00440,ATMOSPHERIC_TRANSIENT,False,none
15.0,93.43,6.67,0.2,31.25,0.0,0.8202,0.083,0.6775,0.8378,0.0657,2.972,4.2621,3.3648,12.3104,4.142,4.1902,7.6423,0.6208,8.0,3.0,0.5714,-1.4233,3.3629,-646.1537,2.8494,0.0048,0.3198,STRATA_SYN_SEASONAL_ENVIRONMENTAL_00307,SEASONAL_ENVIRONMENTAL,False,none
16.0,248.33,16.56,0.25,39.19,0.0,0.8161,0.0815,0.6516,0.8334,0.071,1.476,2.8118,7.5911,22.9522,15.55,2.323,5.7416,0.2502,4.0,1.0,0.6667,29.9278,4.2889,-202.2123,1.7069,0.8096,0.0,STRATA_SYN_SEASONAL_ENVIRONMENTAL_00075,SEASONAL_ENVIRONMENTAL,True,strong_seasonal_amplitude
18.0,128.72,7.57,0.29,34.45,0.0,0.7982,0.0877,0.677,0.8246,0.0668,2.032,-0.2048,1.9974,7.2033,3.545,2.6,4.7839,0.6641,10.0,11.0,0.5294,7.2072,1.8419,73.6227,1.8022,-0.0957,0.8631,STRATA_SYN_STRUCTURAL_MONOTONIC_00410,STRUCTURAL_MONOTONIC,False,none
18.0,294.71,17.34,0.27,35.5,0.0,0.1701,0.0419,0.1003,0.1712,0.0397,4.817,1.1086,5.663,21.4974,4.463,6.8297,12.9394,0.6019,10.0,8.0,0.5882,5.2547,5.5133,37.1399,5.4211,0.1081,0.9821,STRATA_SYN_LOW_QUALITY_00393,LOW_QUALITY,False,none
10.0,91.09,10.12,0.24,38.17,0.0,0.836,0.0728,0.7119,0.814,0.066,1.45,1.8998,2.6949,8.6621,5.974,3.3234,7.2846,0.841,4.0,5.0,0.5556,-1.7202,2.6915,-400.5685,2.4469,0.0475,0.8797,STRATA_SYN_ATMOSPHERIC_TRANSIENT_00421,ATMOSPHERIC_TRANSIENT,False,none
11.0,176.52,17.65,0.24,25.35,0.0,0.7989,0.0907,0.6559,0.7932,0.0727,2.921,-0.4115,2.6187,9.0832,3.11,3.5015,8.182,0.9008,8.0,7.0,0.5,9.404,2.1888,-32.2507,2.1633,-0.193,0.483,STRATA_SYN_STABLE_00344,STABLE,False,none
15.0,240.86,17.2,0.35,34.92,0.0,0.8093,0.1008,0.6529,0.8468,0.0768,1.777,-0.1029,1.3353,4.7581,2.678,1.2962,4.7349,0.9951,8.0,3.0,0.5714,-1.2575,1.3104,-32.1853,1.169,0.1465,0.2503,STRATA_SYN_STABLE_00050,STABLE,False,none
18.0,379.06,22.3,0.27,40.08,0.0,0.8054,0.0825,0.6631,0.8117,0.085,0.574,-0.9492,2.6394,12.342,21.502,1.9938,12.342,1.0,13.0,7.0,0.4706,-2.0957,2.5545,-16.3453,2.448,-0.2379,0.9221,STRATA_SYN_ATMOSPHERIC_TRANSIENT_00344,ATMOSPHERIC_TRANSIENT,False,none
18.0,370.19,21.78,0.29,40.1,0.0,0.1733,0.035,0.1084,0.1613,0.0485,4.617,1.1945,4.1653,16.0711,3.481,5.507,12.9155,0.8036,11.0,9.0,0.5294,1.8585,4.1255,-18.1488,4.0525,-0.2044,0.8082,STRATA_SYN_LOW_QUALITY_00160,LOW_QUALITY,False,none
20.0,427.13,22.48,0.3,31.71,0.0,0.8179,0.0763,0.6813,0.8,0.0716,0.998,-0.0211,0.5918,2.0904,2.095,0.5991,1.5439,0.7386,12.0,10.0,0.4737,-0.0124,0.5918,7.1898,0.4334,0.0867,0.9109,STRATA_SYN_STABLE_00322,STABLE,False,none
10.0,57.95,6.44,0.29,27.77,0.0,0.1797,0.0311,0.1301,0.1732,0.0436,2.83,0.7604,3.8161,13.184,4.659,5.5393,13.1252,0.9955,6.0,5.0,0.5556,9.7278,3.784,-697.5711,3.7014,-0.4067,0.6177,STRATA_SYN_LOW_QUALITY_00007,LOW_QUALITY,False,none
10.0,130.93,14.55,0.28,26.78,0.0,0.175,0.0385,0.1102,0.1795,0.0472,3.433,-0.6014,1.9258,6.1676,1.797,1.8906,5.2278,0.8476,3.0,4.0,0.5556,-2.5462,1.9037,-218.5267,1.4281,0.1634,0.789,STRATA_SYN_LOW_QUALITY_00481,LOW_QUALITY,False,none
16.0,117.09,7.81,0.27,44.57,0.0,0.7662,0.0877,0.652,0.8346,0.0744,2.481,0.392,2.4582,9.4582,3.812,2.8994,9.4582,1.0,7.0,8.0,0.5333,-6.1625,2.3817,122.1638,2.3234,-0.0872,0.9805,STRATA_SYN_ATMOSPHERIC_TRANSIENT_00413,ATMOSPHERIC_TRANSIENT,False,none
11.0,168.05,16.81,0.24,42.49,0.0,0.7722,0.1005,0.6638,0.8163,0.0871,2.786,0.166,3.0539,10.8843,3.907,4.3946,10.1432,0.9319,7.0,5.0,0.5,-0.0898,3.0538,-64.0255,2.9944,-0.3536,0.7191,STRATA_SYN_STRUCTURAL_ACCELERATING_00220,STRUCTURAL_ACCELERATING,False,none
11.0,85.0,8.5,0.2,34.69,0.0,0.8046,0.089,0.6654,0.7791,0.0615,2.243,0.2073,1.5874,5.3133,2.369,1.8732,4.3611,0.8208,6.0,4.0,0.5,2.8788,1.5732,290.8311,1.4104,-0.0652,0.774,STRATA_SYN_STABLE_00418,STABLE,False,none
20.0,399.34,21.02,0.24,34.22,0.0,0.7702,0.0729,0.6701,0.8225,0.0644,0.943,4.4837,3.4628,12.3128,13.057,5.7848,9.7156,0.7891,18.0,5.0,0.5263,1.911,3.4041,-28.0176,3.1141,-0.5135,0.3723,STRATA_SYN_TEMPORALLY_INCONSISTENT_00304,TEMPORALLY_INCONSISTENT,False,none
16.0,312.21,20.81,0.26,40.85,0.0,0.7868,0.0647,0.669,0.8023,0.068,1.134,0.2511,3.4463,11.1757,9.855,1.8357,4.2027,0.3761,6.0,2.0,0.6,-3.4539,3.3252,83.492,2.1208,0.7311,0.2718,STRATA_SYN_SEASONAL_ENVIRONMENTAL_00236,SEASONAL_ENVIRONMENTAL,False,none
11.0,211.87,21.19,0.2,29.4,0.0,0.7683,0.0856,0.6669,0.819,0.0883,2.283,-0.3708,3.6213,13.0046,5.696,3.5687,9.176,0.7056,6.0,4.0,0.6,-0.589,3.6197,95.617,3.3296,0.1914,0.9692,STRATA_SYN_STRUCTURAL_MONOTONIC_00469,STRUCTURAL_MONOTONIC,False,none
10.0,68.95,7.66,0.3,33.38,0.0,0.7933,0.1005,0.6744,0.7996,0.0732,0.505,-0.1819,0.5384,1.8757,3.714,0.8037,1.534,0.8178,6.0,7.0,0.5556,2.4447,0.5178,-60.9074,0.5086,-0.482,0.2736,STRATA_SYN_STABLE_00385,STABLE,False,none
20.0,175.31,9.23,0.29,44.96,0.0,0.8052,0.0789,0.6518,0.8423,0.0669,1.057,-0.0034,1.4148,5.7197,5.411,1.7602,4.744,0.8294,13.0,10.0,0.5263,-1.4778,1.3983,51.5593,1.3096,-0.2249,0.9861,STRATA_SYN_STRUCTURAL_ACCELERATING_00318,STRUCTURAL_ACCELERATING,True,accelerating_subtle_onset
18.0,196.13,11.54,0.25,26.2,0.0,0.7962,0.0791,0.6714,0.8392,0.0871,2.964,0.9797,5.0329,18.1438,6.121,7.0785,13.1224,0.7232,14.0,9.0,0.5882,-1.3809,5.0278,3.0348,5.0277,-0.3142,0.8169,STRATA_SYN_TEMPORALLY_INCONSISTENT_00396,TEMPORALLY_INCONSISTENT,False,none
9.0,87.45,10.93,0.29,39.15,0.0,0.7787,0.0765,0.6747,0.8396,0.0856,1.376,-0.7627,1.5709,4.3479,3.16,1.8525,4.3479,1.0,6.0,5.0,0.5,11.0402,1.3208,250.939,1.1455,-0.0274,0.159,STRATA_SYN_STABLE_00220,STABLE,False,none
14.0,238.49,18.35,0.23,25.85,0.0,0.7511,0.0886,0.6536,0.8012,0.0778,2.026,1.3127,2.3791,9.5185,4.698,1.8722,4.9715,0.5223,7.0,5.0,0.5385,8.1791,1.7072,7.0188,1.7025,0.2779,0.1314,STRATA_SYN_STRUCTURAL_ACCELERATING_00120,STRUCTURAL_ACCELERATING,False,none
16.0,271.07,18.07,0.23,33.09,0.0,0.805,0.0918,0.6746,0.8149,0.0817,3.0,-1.7651,4.0789,16.6193,5.54,4.5806,15.9875,0.962,10.0,6.0,0.5333,7.5434,3.6993,15.0745,3.6829,-0.0593,0.8355,STRATA_SYN_STABLE_00010,STABLE,True,elevated_noise_stable
8.0,153.86,21.98,0.25,25.92,0.0,0.7639,0.0925,0.6642,0.8076,0.055,1.219,0.0524,1.0508,3.1374,2.574,0.8329,3.1374,1.0,2.0,3.0,0.4286,-4.833,0.812,41.2176,0.7367,0.0945,0.2748,STRATA_SYN_STRUCTURAL_ACCELERATING_00098,STRUCTURAL_ACCELERATING,True,accelerating_subtle_onset
17.0,340.98,21.31,0.3,35.01,0.0,0.7786,0.1012,0.6593,0.8211,0.0703,1.347,0.3427,3.4936,11.0431,8.198,1.6048,4.5673,0.4136,2.0,3.0,0.625,-4.4551,3.2527,16.8839,3.1942,0.8166,0.3573,STRATA_SYN_SEASONAL_ENVIRONMENTAL_00457,SEASONAL_ENVIRONMENTAL,False,none
16.0,188.94,12.6,0.26,34.13,0.0,0.8309,0.0978,0.6607,0.8496,0.081,3.0,-0.299,5.0399,21.2724,7.091,6.0883,12.2636,0.5765,12.0,10.0,0.5333,-17.3773,4.216,-169.2497,3.7635,0.1068,0.8457,STRATA_SYN_TEMPORALLY_INCONSISTENT_00371,TEMPORALLY_INCONSISTENT,False,none
18.0,132.05,7.77,0.31,31.2,0.0,0.7787,0.0854,0.6584,0.8351,0.0721,1.214,-0.5428,3.3418,14.4415,11.896,3.4684,13.1262,0.9089,13.0,12.0,0.5294,-7.2726,3.2445,83.8494,3.2126,-0.2162,0.9972,STRATA_SYN_ATMOSPHERIC_TRANSIENT_00188,ATMOSPHERIC_TRANSIENT,False,none
8.0,60.96,8.71,0.27,34.17,0.0,0.818,0.0956,0.6745,0.856,0.0503,1.551,1.0489,3.8476,12.155,7.837,3.4125,11.4129,0.9389,3.0,1.0,0.4286,26.1307,3.5744,-623.7303,3.4809,-0.047,0.0,STRATA_SYN_STRUCTURAL_MONOTONIC_00207,STRUCTURAL_MONOTONIC,True,structural_with_atmospheric_spike
17.0,311.43,19.46,0.28,36.5,0.0,0.8329,0.0854,0.6513,0.8091,0.0685,2.3,-3.1202,2.5479,8.1127,3.527,1.928,4.6102,0.5683,8.0,4.0,0.5625,-8.1105,1.4175,-17.333,1.3162,0.5128,0.2152,STRATA_SYN_STRUCTURAL_ACCELERATING_00415,STRUCTURAL_ACCELERATING,False,none
7.0,133.57,22.26,0.33,30.15,0.0,0.8221,0.0895,0.6954,0.8261,0.0525,2.536,-2.4514,2.8251,8.041,3.171,2.9192,6.5803,0.8183,4.0,2.0,0.5,-16.8793,1.9301,25.9856,1.9228,0.2603,0.4229,STRATA_SYN_STRUCTURAL_MONOTONIC_00217,STRUCTURAL_MONOTONIC,False,none
7.0,123.58,20.6,0.23,43.36,0.0,0.7981,0.0784,0.6643,0.8004,0.0572,0.827,-0.2083,0.8877,2.8445,3.44,1.0047,1.9132,0.6726,3.0,4.0,0.6667,-3.121,0.8145,120.3671,0.4747,-0.0083,0.5523,STRATA_SYN_STRUCTURAL_ACCELERATING_00016,STRUCTURAL_ACCELERATING,True,accelerating_subtle_onset
17.0,331.4,20.71,0.21,35.13,0.0,0.7805,0.0859,0.6747,0.8405,0.0632,0.608,-1.8188,1.5374,5.4548,8.972,0.6869,1.7493,0.3207,11.0,3.0,0.5,-5.2271,0.5029,-1.9373,0.4984,0.7026,0.0445,STRATA_SYN_STRUCTURAL_ACCELERATING_00254,STRUCTURAL_ACCELERATING,False,none
10.0,183.65,20.41,0.21,39.54,0.0,0.8424,0.0864,0.6627,0.8277,0.0722,0.697,-0.1046,0.7998,2.9258,4.198,0.9269,2.2275,0.7613,5.0,4.0,0.5556,-1.055,0.7817,-28.7279,0.7104,0.0434,0.8615,STRATA_SYN_STABLE_00028,STABLE,False,none
18.0,294.08,17.3,0.27,37.59,0.0,0.1611,0.0404,0.1031,0.1539,0.0383,2.618,-0.7708,2.9614,12.7103,4.855,3.0201,6.345,0.4992,7.0,6.0,0.4706,5.1442,2.6778,27.5119,2.5732,0.3439,0.9004,STRATA_SYN_LOW_QUALITY_00226,LOW_QUALITY,False,none
13.0,231.08,19.26,0.32,33.84,0.0,0.7729,0.0839,0.651,0.8093,0.0795,2.423,0.6613,2.3118,7.4491,3.074,2.1916,4.4192,0.5933,4.0,4.0,0.4167,5.8367,2.0054,19.2347,1.9777,0.2586,0.4511,STRATA_SYN_STABLE_00228,STABLE,False,none
19.0,358.18,19.9,0.25,33.61,0.0,0.8133,0.0699,0.6816,0.8334,0.0762,1.817,-0.4956,3.1431,11.7426,6.463,2.2466,5.6673,0.4826,7.0,3.0,0.6667,-2.0148,3.0851,-0.1204,3.0851,0.5121,0.1131,STRATA_SYN_SEASONAL_ENVIRONMENTAL_00362,SEASONAL_ENVIRONMENTAL,False,none
20.0,310.22,16.33,0.23,35.04,0.0,0.157,0.0361,0.1169,0.1897,0.0442,3.662,0.3596,3.1124,12.7154,3.472,3.4312,8.3544,0.657,9.0,8.0,0.5789,0.021,3.1124,18.1184,3.066,0.0129,0.7391,STRATA_SYN_LOW_QUALITY_00044,LOW_QUALITY,False,none
12.0,206.14,18.74,0.32,25.41,0.0,0.7873,0.0819,0.6559,0.8251,0.0635,1.536,1.7981,3.0623,12.5194,8.151,3.9923,9.3731,0.7487,8.0,4.0,0.5455,-0.6409,3.0602,-57.4486,2.9546,-0.1498,0.9181,STRATA_SYN_ATMOSPHERIC_TRANSIENT_00080,ATMOSPHERIC_TRANSIENT,False,none
15.0,197.63,14.12,0.29,34.85,0.0,0.1612,0.0418,0.1021,0.1816,0.0481,4.137,-1.3868,3.5388,14.3026,3.457,3.2117,7.1194,0.4978,5.0,5.0,0.6429,10.6459,3.0609,85.0679,2.8728,0.2736,0.2129,STRATA_SYN_LOW_QUALITY_00378,LOW_QUALITY,False,none
9.0,59.64,7.46,0.12,25.22,0.0,0.8454,0.0747,0.7563,0.8063,0.0709,1.843,-0.6169,1.8579,6.7641,3.67,1.6727,4.3033,0.6362,5.0,4.0,0.625,23.8006,1.3686,-675.3759,1.095,0.2571,0.6362,STRATA_SYN_STRUCTURAL_MONOTONIC_00347,STRUCTURAL_MONOTONIC,True,weak_structural_near_noise
18.0,308.23,18.13,0.34,31.94,0.0,0.1669,0.035,0.112,0.1833,0.0448,4.061,-0.9655,3.3631,13.0294,3.208,3.8039,10.2858,0.7894,10.0,7.0,0.5882,-4.8394,3.1233,-12.9617,3.0996,-0.1703,0.0826,STRATA_SYN_LOW_QUALITY_00413,LOW_QUALITY,False,none
11.0,206.39,20.64,0.26,43.61,0.0,0.7807,0.0774,0.6561,0.8182,0.0693,0.585,-0.1204,3.2329,11.7057,20.01,5.4121,8.3189,0.7107,9.0,10.0,0.5,-6.0286,3.0474,34.3591,3.0087,-0.4335,0.8859,STRATA_SYN_TEMPORALLY_INCONSISTENT_00281,TEMPORALLY_INCONSISTENT,False,none
14.0,238.25,18.33,0.27,37.34,0.0,0.1672,0.0327,0.1142,0.1688,0.0445,4.375,-0.4467,4.4376,15.2651,3.489,6.5603,15.2651,1.0,9.0,10.0,0.5385,0.5182,4.4363,-23.2802,4.4161,-0.4881,0.9696,STRATA_SYN_LOW_QUALITY_00227,LOW_QUALITY,False,none
8.0,75.3,10.76,0.25,27.0,0.0,0.1886,0.0313,0.1204,0.1961,0.0324,3.267,-0.3083,2.2393,7.0281,2.151,3.4457,7.0281,1.0,5.0,6.0,0.4286,5.1206,2.2123,-220.2843,2.1686,-0.6744,0.6257,STRATA_SYN_LOW_QUALITY_00271,LOW_QUALITY,False,none
20.0,169.95,8.94,0.24,43.44,0.0,0.7979,0.0863,0.6649,0.8354,0.0651,2.717,2.7164,3.2924,13.1624,4.844,2.9114,6.5022,0.494,11.0,8.0,0.5263,13.2124,2.7086,-47.778,2.6751,0.3969,0.521,STRATA_SYN_STRUCTURAL_MONOTONIC_00156,STRUCTURAL_MONOTONIC,False,none
19.0,340.47,18.92,0.27,35.28,0.0,0.8125,0.0959,0.6587,0.8211,0.0704,2.257,8.4995,3.9725,16.0904,7.129,3.3781,9.5601,0.5941,12.0,2.0,0.5556,10.3453,2.6838,-5.9491,2.6753,0.3554,0.0268,STRATA_SYN_TEMPORALLY_INCONSISTENT_00155,TEMPORALLY_INCONSISTENT,False,none
18.0,256.19,15.07,0.24,39.65,0.0,0.7656,0.0846,0.6524,0.8388,0.0694,0.748,-0.3107,0.6982,2.9915,3.999,0.9197,1.4473,0.4838,12.0,9.0,0.5882,-0.8263,0.6754,5.3994,0.6664,-0.013,0.5624,STRATA_SYN_STABLE_00127,STABLE,False,none
12.0,73.95,6.72,0.23,37.26,0.0,0.1816,0.0443,0.1081,0.1772,0.0364,3.921,0.3283,3.7269,14.0895,3.593,3.5297,7.2042,0.5113,6.0,3.0,0.6364,24.3351,3.3898,-1061.7134,2.8114,0.3577,0.5022,STRATA_SYN_LOW_QUALITY_00390,LOW_QUALITY,False,none
6.0,40.72,8.14,0.31,31.93,0.0,0.8295,0.0896,0.6757,0.8515,0.0688,0.775,1.0796,0.795,2.3123,2.984,0.816,1.898,0.8208,2.0,1.0,0.8,-5.1388,0.771,-994.4172,0.4562,-0.0292,0.0,STRATA_SYN_STRUCTURAL_ACCELERATING_00083,STRUCTURAL_ACCELERATING,True,short_sequence
19.0,350.59,19.48,0.28,27.88,0.0,0.8103,0.0842,0.6584,0.8011,0.0718,0.65,-0.5962,1.8426,6.1031,9.389,0.9982,2.6924,0.4412,11.0,2.0,0.5,-1.3605,1.7993,-31.5995,1.3403,0.7776,0.2594,STRATA_SYN_SEASONAL_ENVIRONMENTAL_00298,SEASONAL_ENVIRONMENTAL,False,none
18.0,113.48,6.68,0.29,39.37,0.0,0.8225,0.0887,0.6559,0.8313,0.071,3.0,0.2436,2.3889,9.3665,3.122,2.6648,9.2782,0.9906,13.0,10.0,0.5294,-5.8409,2.3243,230.999,2.132,-0.1501,0.6517,STRATA_SYN_STABLE_00442,STABLE,True,elevated_noise_stable
10.0,151.81,16.87,0.24,26.57,0.0,0.7714,0.0775,0.6535,0.8698,0.0512,2.922,2.0917,3.022,8.2995,2.84,3.5602,8.2995,1.0,8.0,3.0,0.5556,1.2204,3.0177,-219.0042,2.4971,-0.1167,0.7673,STRATA_SYN_STRUCTURAL_MONOTONIC_00464,STRUCTURAL_MONOTONIC,False,none
20.0,401.45,21.13,0.25,28.36,0.0,0.7948,0.0798,0.6769,0.8366,0.0733,1.818,1.6409,4.7371,18.7296,10.302,5.0545,17.6699,0.9434,10.0,9.0,0.6316,0.2419,4.7364,-23.6794,4.5884,-0.1388,0.8057,STRATA_SYN_ATMOSPHERIC_TRANSIENT_00295,ATMOSPHERIC_TRANSIENT,False,none
6.0,67.62,13.52,0.17,29.62,0.0,0.853,0.0609,0.7427,0.778,0.0407,1.149,-0.3189,1.0017,3.3484,2.914,1.3096,2.3826,0.7116,3.0,2.0,0.6,-3.1365,0.9818,-371.5301,0.7497,-0.154,0.6528,STRATA_SYN_STRUCTURAL_MONOTONIC_00407,STRUCTURAL_MONOTONIC,True,short_sequence
12.0,178.6,16.24,0.28,39.64,0.0,0.9254,0.0284,0.8816,0.8532,0.0585,1.603,-0.3619,3.6728,14.3149,8.93,3.8916,14.3149,1.0,9.0,8.0,0.5455,4.1284,3.6179,107.7715,3.4398,-0.2496,0.9737,STRATA_SYN_ATMOSPHERIC_TRANSIENT_00375,ATMOSPHERIC_TRANSIENT,True,high_coherence_atmospheric
10.0,72.55,8.06,0.26,29.33,0.0,0.1593,0.0386,0.1003,0.1876,0.045,3.747,-0.0849,3.7679,12.6617,3.379,4.5284,10.0635,0.7948,4.0,3.0,0.6667,-34.6833,3.0591,103.888,3.0536,0.1205,0.6056,STRATA_SYN_LOW_QUALITY_00359,LOW_QUALITY,False,none
12.0,186.16,16.92,0.31,28.32,0.0,0.3693,0.0386,0.3087,0.4011,0.0553,2.912,3.3315,3.4683,11.5625,3.971,3.4336,7.8097,0.6754,5.0,2.0,0.5455,11.6266,2.9282,-35.1625,2.9011,0.2782,0.3416,STRATA_SYN_STRUCTURAL_MONOTONIC_00138,STRUCTURAL_MONOTONIC,True,low_coherence_structural
9.0,156.33,19.54,0.25,40.34,0.0,0.7613,0.0983,0.6557,0.8378,0.0537,1.577,0.1432,1.5737,5.3445,3.389,1.954,3.6469,0.6824,4.0,3.0,0.75,1.1062,1.5663,-97.566,1.3365,-0.0804,0.5027,STRATA_SYN_STABLE_00211,STABLE,False,none
7.0,99.3,16.55,0.16,30.58,0.0,0.7317,0.0642,0.6666,0.8744,0.0792,2.89,3.1526,2.6989,7.7786,2.692,3.6485,6.2532,0.8039,4.0,4.0,0.6667,0.0915,2.6989,555.9141,1.8399,-0.1714,0.7242,STRATA_SYN_TEMPORALLY_INCONSISTENT_00384,TEMPORALLY_INCONSISTENT,False,none
10.0,171.19,19.02,0.17,26.21,0.0,0.1653,0.0441,0.106,0.1723,0.0446,3.64,-0.4072,3.686,12.1309,3.333,4.0645,8.3291,0.6866,4.0,5.0,0.5556,-8.4678,3.4617,-220.6413,2.6928,-0.0469,0.2801,STRATA_SYN_LOW_QUALITY_00460,LOW_QUALITY,False,none
21.0,131.17,6.56,0.28,36.24,0.0,0.7812,0.0837,0.6565,0.8187,0.0705,0.966,3.2746,3.9151,12.8212,13.272,1.4253,5.0306,0.3924,7.0,1.0,0.65,-26.7719,2.6311,-447.9026,1.1588,0.7845,0.0,STRATA_SYN_SEASONAL_ENVIRONMENTAL_00334,SEASONAL_ENVIRONMENTAL,False,none
10.0,191.7,21.3,0.29,26.9,0.0,0.7898,0.0889,0.6544,0.8148,0.082,0.64,4.6214,3.3389,9.369,14.639,6.2742,7.3492,0.7844,8.0,1.0,0.5556,2.765,3.3066,-55.5695,3.2344,-0.7474,0.0,STRATA_SYN_TEMPORALLY_INCONSISTENT_00490,TEMPORALLY_INCONSISTENT,False,none
10.0,143.59,15.95,0.27,38.74,0.0,0.7965,0.0878,0.6643,0.8449,0.0541,1.11,1.5776,4.3449,14.4848,13.049,2.1848,3.9743,0.2744,1.0,1.0,0.7778,31.0067,1.9407,-177.0804,1.5002,0.7139,0.0,STRATA_SYN_SEASONAL_ENVIRONMENTAL_00152,SEASONAL_ENVIRONMENTAL,False,none
13.0,163.01,13.58,0.22,31.93,0.0,0.8164,0.0828,0.6546,0.8368,0.0755,1.77,0.7277,3.9311,15.953,9.013,3.6565,15.8107,0.9911,8.0,4.0,0.5833,7.3883,3.7936,159.123,3.5394,0.0175,0.7637,STRATA_SYN_STRUCTURAL_MONOTONIC_00128,STRUCTURAL_MONOTONIC,True,structural_with_atmospheric_spike
8.0,52.47,7.5,0.29,38.84,0.0,0.8067,0.071,0.7019,0.8066,0.06,1.195,-2.1711,4.6578,15.8226,13.241,4.6315,15.8226,1.0,3.0,3.0,0.4286,46.0404,4.1265,-658.2291,4.0773,-0.1467,0.8212,STRATA_SYN_ATMOSPHERIC_TRANSIENT_00358,ATMOSPHERIC_TRANSIENT,False,none
6.0,88.86,17.77,0.2,40.42,0.0,0.7826,0.0604,0.6835,0.8345,0.0789,2.785,1.1521,3.6976,11.7458,4.218,6.306,11.7458,1.0,4.0,4.0,0.6,7.2093,3.6487,332.9633,3.514,-0.6527,0.8337,STRATA_SYN_TEMPORALLY_INCONSISTENT_00009,TEMPORALLY_INCONSISTENT,False,none
20.0,232.97,12.26,0.24,34.21,0.0,0.8156,0.088,0.6912,0.8476,0.0781,2.673,-3.671,3.0793,9.7464,3.646,1.6057,3.9516,0.4054,12.0,2.0,0.5263,-13.9397,1.5025,-34.3055,1.3895,0.7713,0.1449,STRATA_SYN_STRUCTURAL_MONOTONIC_00296,STRUCTURAL_MONOTONIC,False,none
7.0,138.73,23.12,0.32,31.22,0.0,0.8217,0.066,0.7063,0.8604,0.074,2.16,-0.2154,2.4845,6.7189,3.111,3.5659,6.7189,1.0,4.0,4.0,0.6667,7.587,2.291,142.8708,2.0662,-0.1829,0.7378,STRATA_SYN_STRUCTURAL_ACCELERATING_00340,STRUCTURAL_ACCELERATING,False,none
16.0,338.84,22.59,0.29,44.51,0.0,0.8106,0.0895,0.6593,0.8224,0.0668,2.76,0.5159,3.155,10.3135,3.737,2.3448,8.4332,0.8177,6.0,3.0,0.5333,1.1618,3.1375,-47.7627,2.6206,0.4479,0.2604,STRATA_SYN_SEASONAL_ENVIRONMENTAL_00322,SEASONAL_ENVIRONMENTAL,False,none
18.0,187.61,11.04,0.21,30.26,0.0,0.7775,0.0716,0.6564,0.8411,0.0576,2.668,6.5867,3.9562,14.7892,5.543,4.8537,10.7603,0.7276,14.0,4.0,0.5294,14.3942,3.2489,-7.3122,3.2479,-0.0655,0.2083,STRATA_SYN_TEMPORALLY_INCONSISTENT_00056,TEMPORALLY_INCONSISTENT,False,none
11.0,175.17,17.52,0.27,37.8,0.0,0.7822,0.0729,0.6603,0.8164,0.0757,0.716,4.727,3.2494,10.1389,14.16,5.3556,9.3625,0.9234,9.0,1.0,0.5,9.1419,2.9376,-46.0006,2.9002,-0.5846,0.0,STRATA_SYN_TEMPORALLY_INCONSISTENT_00489,TEMPORALLY_INCONSISTENT,False,none
6.0,90.05,18.01,0.31,41.22,0.0,0.757,0.0816,0.6548,0.838,0.0839,1.912,-2.1127,2.2222,6.5838,3.443,3.6929,5.6137,0.8527,3.0,4.0,0.6,7.8475,2.1214,126.8194,2.0863,-0.2977,0.7454,STRATA_SYN_STRUCTURAL_MONOTONIC_00181,STRUCTURAL_MONOTONIC,False,none
11.0,219.73,21.97,0.28,43.25,0.0,0.9252,0.0184,0.8991,0.839,0.0604,2.761,2.0182,6.4707,22.4457,8.13,6.0218,13.2921,0.5922,5.0,2.0,0.6,9.7098,6.2026,-227.878,5.0217,0.4753,0.544,STRATA_SYN_ATMOSPHERIC_TRANSIENT_00262,ATMOSPHERIC_TRANSIENT,True,high_coherence_atmospheric
7.0,135.09,22.52,0.28,36.97,0.0,0.8811,0.0472,0.8113,0.779,0.0619,1.496,1.4467,3.3829,10.4108,6.959,5.5263,10.2791,0.9873,5.0,4.0,0.5,-0.8878,3.3811,-253.8444,2.9393,-0.5253,0.7631,STRATA_SYN_TEMPORALLY_INCONSISTENT_00300,TEMPORALLY_INCONSISTENT,False,none
20.0,148.39,7.81,0.26,39.06,0.0,0.8249,0.0716,0.6907,0.7876,0.0652,0.955,-0.2295,0.698,2.5987,2.721,0.9285,1.8279,0.7034,14.0,9.0,0.5263,0.7487,0.6919,-28.2254,0.665,-0.0985,0.4726,STRATA_SYN_STABLE_00457,STABLE,False,none
11.0,185.66,18.57,0.32,40.9,0.0,0.8399,0.0761,0.6798,0.8168,0.0739,0.765,-1.3376,0.8279,2.6546,3.47,0.9525,1.6383,0.6172,5.0,0.0,0.5,-1.5713,0.7882,-5.1287,0.786,0.1225,0.0,STRATA_SYN_STRUCTURAL_MONOTONIC_00224,STRUCTURAL_MONOTONIC,False,none
23.0,407.06,18.5,0.28,26.31,0.0,0.8176,0.0826,0.6653,0.8138,0.0706,1.403,0.7728,3.924,13.2608,9.452,1.9527,4.9077,0.3701,10.0,2.0,0.5455,1.1633,3.9045,66.1642,2.0439,0.774,0.2223,STRATA_SYN_SEASONAL_ENVIRONMENTAL_00366,SEASONAL_ENVIRONMENTAL,False,none
6.0,96.27,19.25,0.35,44.89,0.0,0.7795,0.0863,0.6638,0.8354,0.0684,1.643,0.1657,2.1132,5.3446,3.253,2.8295,5.3279,0.9969,2.0,3.0,0.8,-12.8632,1.768,-84.293,1.7436,-0.3017,0.0,STRATA_SYN_STABLE_00307,STABLE,True,short_sequence
14.0,119.28,9.18,0.25,27.82,0.0,0.7767,0.0819,0.6514,0.8247,0.0699,2.047,-0.1419,2.1146,7.4432,3.636,2.3774,5.5494,0.7456,9.0,8.0,0.6154,-10.2726,1.8402,144.8215,1.7181,0.0435,0.7225,STRATA_SYN_STRUCTURAL_ACCELERATING_00087,STRUCTURAL_ACCELERATING,False,none
19.0,305.95,17.0,0.28,31.82,0.0,0.775,0.1005,0.6517,0.8469,0.0849,1.263,-0.2021,3.4071,10.2425,8.11,6.0219,9.5985,0.9371,17.0,18.0,0.5,-3.3508,3.2984,-27.1602,3.2036,-0.6492,0.5576,STRATA_SYN_TEMPORALLY_INCONSISTENT_00122,TEMPORALLY_INCONSISTENT,False,none
8.0,74.6,10.66,0.27,25.84,0.0,0.1578,0.0333,0.1212,0.1867,0.0439,4.73,-1.0593,5.5895,17.4032,3.679,7.5726,16.31,0.9372,4.0,5.0,0.5714,4.0401,5.583,-525.1724,5.4882,-0.3261,0.5421,STRATA_SYN_LOW_QUALITY_00177,LOW_QUALITY,False,none
6.0,104.81,20.96,0.13,28.62,0.0,0.7614,0.0837,0.6746,0.8554,0.0762,1.453,0.1936,0.9749,2.3029,1.585,0.9796,2.2135,0.9612,4.0,2.0,0.4,1.7122,0.9603,191.3056,0.5529,0.0223,0.8347,STRATA_SYN_STRUCTURAL_MONOTONIC_00361,STRUCTURAL_MONOTONIC,True,short_sequence
16.0,245.07,16.34,0.35,42.92,0.0,0.7993,0.0698,0.6883,0.8307,0.0731,1.424,-0.1404,1.7213,7.265,5.102,2.2456,7.265,1.0,9.0,10.0,0.6,0.1624,1.721,-8.228,1.7139,-0.4453,0.8141,STRATA_SYN_ATMOSPHERIC_TRANSIENT_00229,ATMOSPHERIC_TRANSIENT,False,none
15.0,180.73,12.91,0.21,29.44,0.0,0.8222,0.0944,0.6796,0.8313,0.067,1.853,0.4909,3.4372,12.4619,6.725,1.7513,3.8086,0.3056,5.0,2.0,0.5714,-8.0659,3.209,-301.862,0.6995,0.6178,0.2349,STRATA_SYN_SEASONAL_ENVIRONMENTAL_00029,SEASONAL_ENVIRONMENTAL,False,none
13.0,74.5,6.21,0.35,42.95,0.0,0.795,0.0809,0.6735,0.8077,0.0457,2.08,-0.5512,1.8472,6.9553,3.344,2.6898,6.2218,0.8945,8.0,6.0,0.5833,-7.6839,1.7818,-313.6275,1.6903,-0.3746,0.9344,STRATA_SYN_STRUCTURAL_ACCELERATING_00467,STRUCTURAL_ACCELERATING,False,none
16.0,109.08,7.27,0.26,31.28,0.0,0.7557,0.0891,0.6552,0.8657,0.0565,0.517,0.3861,2.1745,6.7086,12.976,0.6807,1.6843,0.2511,3.0,1.0,0.8,22.6101,0.6062,-20.96,0.6011,0.8444,0.0,STRATA_SYN_SEASONAL_ENVIRONMENTAL_00060,SEASONAL_ENVIRONMENTAL,False,none
6.0,103.9,20.78,0.32,42.03,0.0,0.7672,0.0819,0.6781,0.8525,0.072,2.926,-1.0884,2.2035,6.368,2.176,2.7125,4.9302,0.7742,3.0,4.0,0.6,2.8923,2.1855,-460.0993,1.1451,-0.025,0.947,STRATA_SYN_STABLE_00296,STABLE,False,none
7.0,99.23,16.54,0.29,40.19,0.0,0.8396,0.0836,0.6728,0.7693,0.034,1.52,-0.896,1.5367,4.3818,2.883,2.098,3.9918,0.911,3.0,3.0,0.6667,-7.8548,1.3619,179.5464,1.2029,-0.1426,0.5006,STRATA_SYN_STRUCTURAL_ACCELERATING_00291,STRUCTURAL_ACCELERATING,False,none
6.0,84.38,16.88,0.26,44.09,0.0,0.1472,0.044,0.1033,0.1803,0.0381,4.422,-3.1359,5.7681,17.3117,3.915,6.2588,9.863,0.5697,2.0,2.0,0.6,45.5227,4.5158,-489.4236,4.3233,0.373,0.8077,STRATA_SYN_LOW_QUALITY_00092,LOW_QUALITY,False,none
24.0,141.04,6.13,0.28,26.86,0.0,0.7773,0.0821,0.6672,0.8252,0.0725,1.323,2.2625,4.4964,15.0928,11.408,1.9281,6.0606,0.4016,13.0,3.0,0.5217,35.4146,1.8095,-147.9622,1.5771,0.7601,0.0398,STRATA_SYN_SEASONAL_ENVIRONMENTAL_00482,SEASONAL_ENVIRONMENTAL,False,none
10.0,111.07,12.34,0.34,25.64,0.0,0.1566,0.0413,0.1018,0.1682,0.0366,2.928,1.6391,2.7709,8.3878,2.865,3.2875,5.8315,0.6952,6.0,5.0,0.6667,13.511,2.4411,76.6787,2.4205,-0.0581,0.0012,STRATA_SYN_LOW_QUALITY_00087,LOW_QUALITY,False,none
22.0,306.62,14.6,0.29,39.67,0.0,0.7926,0.0971,0.6556,0.7971,0.0672,1.567,0.6888,5.84,17.1164,10.923,1.9406,5.4904,0.3208,8.0,2.0,0.5238,-2.3846,5.8086,-188.1548,2.1299,0.8338,0.2621,STRATA_SYN_SEASONAL_ENVIRONMENTAL_00274,SEASONAL_ENVIRONMENTAL,False,none
18.0,373.3,21.96,0.31,28.26,0.0,0.9284,0.0277,0.883,0.8454,0.072,2.865,0.0762,4.3275,15.9637,5.572,5.2281,10.9849,0.6881,10.0,10.0,0.5294,-6.5419,3.8141,11.0354,3.784,0.1399,0.9921,STRATA_SYN_ATMOSPHERIC_TRANSIENT_00021,ATMOSPHERIC_TRANSIENT,True,high_coherence_atmospheric
16.0,194.91,12.99,0.28,44.63,0.0,0.7828,0.0789,0.6583,0.8546,0.08,2.096,-2.8406,4.4432,17.4152,8.309,2.9139,9.3126,0.5347,10.0,3.0,0.5333,13.1542,3.8845,270.3667,2.1591,0.4402,0.2168,STRATA_SYN_SEASONAL_ENVIRONMENTAL_00348,SEASONAL_ENVIRONMENTAL,False,none
16.0,161.21,10.75,0.33,44.52,0.0,0.7868,0.0816,0.653,0.8347,0.0687,1.438,6.9544,4.4176,16.6135,11.553,6.0479,9.9706,0.6002,14.0,2.0,0.5333,17.3083,3.7374,-191.3173,3.3908,-0.044,0.2369,STRATA_SYN_TEMPORALLY_INCONSISTENT_00134,TEMPORALLY_INCONSISTENT,False,none
20.0,282.39,14.86,0.28,30.03,0.0,0.8137,0.0888,0.6795,0.8485,0.0819,1.511,-0.1267,3.0271,16.887,11.176,2.9086,8.8737,0.5255,12.0,10.0,0.5263,0.4495,3.0252,23.3344,2.9704,0.2303,0.9298,STRATA_SYN_ATMOSPHERIC_TRANSIENT_00135,ATMOSPHERIC_TRANSIENT,False,none
10.0,110.4,12.27,0.23,32.62,0.0,0.8216,0.1001,0.6665,0.8182,0.0752,2.356,0.0224,1.8672,7.1245,3.024,2.1698,5.0903,0.7145,4.0,5.0,0.5556,4.5368,1.8154,-67.7129,1.7941,0.0425,0.8456,STRATA_SYN_STRUCTURAL_ACCELERATING_00091,STRUCTURAL_ACCELERATING,True,accelerating_subtle_onset
17.0,226.16,14.14,0.32,27.71,0.0,0.1563,0.0331,0.105,0.1864,0.0527,4.796,-0.6078,5.444,23.4087,4.881,4.962,12.0679,0.5155,9.0,4.0,0.5625,-6.096,5.3203,107.9304,5.0313,0.2766,0.6852,STRATA_SYN_LOW_QUALITY_00040,LOW_QUALITY,False,none
18.0,215.06,12.65,0.28,37.5,0.0,0.7779,0.0926,0.655,0.8121,0.0613,0.575,0.4935,2.2375,10.7461,18.689,1.7441,9.8952,0.9208,8.0,8.0,0.4706,-2.0746,2.2063,-4.1297,2.2055,-0.0592,0.962,STRATA_SYN_ATMOSPHERIC_TRANSIENT_00064,ATMOSPHERIC_TRANSIENT,False,none
11.0,73.5,7.35,0.27,30.25,0.0,0.8128,0.0723,0.7018,0.832,0.0719,0.795,-0.0418,0.8971,2.957,3.719,1.1979,2.4987,0.845,4.0,5.0,0.7,-0.2281,0.897,126.1836,0.8685,-0.1608,0.6114,STRATA_SYN_STRUCTURAL_MONOTONIC_00426,STRUCTURAL_MONOTONIC,False,none
16.0,314.58,20.97,0.25,35.2,0.0,0.9371,0.0312,0.8857,0.8191,0.075,1.525,-0.0351,1.8931,8.4715,5.555,2.1095,7.3023,0.862,8.0,9.0,0.6,2.0312,1.8152,-2.9914,1.8128,0.0131,0.8151,STRATA_SYN_ATMOSPHERIC_TRANSIENT_00263,ATMOSPHERIC_TRANSIENT,True,high_coherence_atmospheric
18.0,249.45,14.67,0.25,41.79,0.0,0.1797,0.0444,0.111,0.1905,0.0424,2.748,-1.0106,2.1991,8.2856,3.015,2.4594,8.2856,1.0,9.0,7.0,0.5882,-4.0631,2.0283,18.9201,1.995,0.0332,0.8951,STRATA_SYN_LOW_QUALITY_00051,LOW_QUALITY,False,none
20.0,158.24,8.33,0.24,29.32,0.0,0.8184,0.0702,0.6755,0.8074,0.0755,1.378,2.85,3.7523,13.1128,9.516,5.7234,9.4337,0.7194,18.0,10.0,0.5263,-9.0138,3.5583,-36.2127,3.5473,-0.2175,0.6899,STRATA_SYN_TEMPORALLY_INCONSISTENT_00419,TEMPORALLY_INCONSISTENT,False,none
16.0,197.36,13.16,0.32,36.58,0.0,0.7948,0.0759,0.6537,0.8303,0.0627,0.981,-1.5846,1.996,8.1583,8.316,1.432,4.9805,0.6105,7.0,1.0,0.5333,-9.3136,1.2612,35.3958,1.184,0.493,0.0,STRATA_SYN_STRUCTURAL_MONOTONIC_00458,STRUCTURAL_MONOTONIC,False,none
15.0,93.14,6.65,0.34,36.38,0.0,0.8193,0.0755,0.6767,0.8167,0.0598,0.985,5.5857,1.8884,6.8825,6.987,1.0028,2.7104,0.3938,7.0,0.0,0.5,12.7795,1.5986,-532.4893,0.6536,0.6268,0.0,STRATA_SYN_SEASONAL_ENVIRONMENTAL_00110,SEASONAL_ENVIRONMENTAL,False,none
19.0,220.38,12.24,0.27,30.86,0.0,0.1624,0.0404,0.1042,0.1811,0.0448,4.145,0.0477,3.2719,13.2702,3.201,3.7043,7.5579,0.5695,12.0,9.0,0.6111,2.1082,3.2488,-64.0399,3.1033,0.1557,0.7883,STRATA_SYN_LOW_QUALITY_00395,LOW_QUALITY,False,none
